Date,ACB,BID,BSR,CTG,FPT,GAS,GVR,HDB,HPG,LPB,MBB,MCH,MSN,MWG,SAB,SHB,SSB,SSI,STB,TCB,TCX,VCB,VHM,VIB,VIC,VJC,VNM,VPB,VPL,VRE
2020-01-02,5720.0,24480.0,4240.0,9690.0,20900.0,58620.0,9920.0,5500.0,7390.0,2600.0,4950.0,29340.0,46160.0,36330.0,78960.0,2170.0,8260.0,4840.0,10200.0,11010.0,40370.0,38900.0,30140.0,3550.0,51110.0,113850.0,69720.0,6580.0,85500.0,33170.0
2020-01-03,5720.0,24380.0,4190.0,9610.0,20540.0,58750.0,10250.0,5450.0,7440.0,2600.0,4960.0,29340.0,46570.0,35800.0,79150.0,2100.0,8260.0,4800.0,10200.0,10940.0,40370.0,38520.0,30250.0,3530.0,51240.0,113850.0,69950.0,6540.0,85500.0,33420.0
2020-01-06,5600.0,23890.0,4400.0,9630.0,20340.0,60610.0,10080.0,5340.0,7390.0,2510.0,4890.0,29010.0,45830.0,35630.0,78870.0,2080.0,8260.0,4790.0,10050.0,10670.0,40370.0,37480.0,29610.0,3470.0,50880.0,112310.0,69420.0,6380.0,85500.0,32500.0
2020-01-07,5600.0,24380.0,4280.0,9790.0,20720.0,60180.0,9820.0,5280.0,7290.0,2510.0,4900.0,29090.0,46000.0,35900.0,78960.0,2080.0,8260.0,4800.0,10150.0,10730.0,40370.0,37610.0,29750.0,3470.0,50970.0,112230.0,70070.0,6520.0,85500.0,32790.0
2020-01-08,5500.0,24590.0,4190.0,9760.0,20260.0,60120.0,9470.0,5280.0,7220.0,2510.0,4830.0,28520.0,45350.0,35020.0,78670.0,2080.0,8260.0,4680.0,9980.0,10530.0,40370.0,37270.0,29290.0,3420.0,50790.0,111380.0,70230.0,6440.0,85500.0,31580.0
2020-01-09,5570.0,25920.0,4080.0,10120.0,20540.0,58990.0,9640.0,5440.0,7390.0,2510.0,4910.0,29130.0,46160.0,35560.0,80000.0,2100.0,8260.0,4720.0,10150.0,10670.0,40370.0,38000.0,29580.0,3420.0,50970.0,112460.0,70140.0,6650.0,85500.0,32840.0
2020-01-10,5650.0,26780.0,3980.0,10620.0,20510.0,59430.0,9820.0,5560.0,7450.0,2630.0,5000.0,28930.0,45750.0,35740.0,82280.0,2310.0,8260.0,4810.0,10500.0,10710.0,40370.0,38340.0,30000.0,3420.0,51020.0,112460.0,70290.0,6740.0,85500.0,32790.0
2020-01-13,5690.0,26160.0,3870.0,10470.0,20350.0,59070.0,9920.0,5520.0,7470.0,2600.0,4970.0,28480.0,46160.0,35560.0,82430.0,2330.0,8260.0,4810.0,10400.0,10620.0,40370.0,38300.0,30640.0,3490.0,51060.0,112690.0,69420.0,6590.0,85500.0,32590.000000000004
2020-01-14,5840.0,26160.0,3820.0,10600.0,20340.0,58810.0,9820.0,5540.0,7700.0,2600.0,5020.0,28110.0,45830.0,35370.0,82100.0,2330.0,8260.0,4840.0,10300.0,10600.0,40370.0,38300.0,30640.0,3530.0,51110.0,112310.0,69660.0,6770.0,85500.0,32590.000000000004
2020-01-15,5800.0,26620.0,3770.0,10650.0,20340.0,58260.0,9730.0,5490.0,7740.0,2600.0,5010.0,26880.0,45750.0,35400.0,82470.0,2400.0,8260.0,4840.0,10250.0,10600.0,40370.0,38260.0,30640.0,3490.0,51110.0,112310.0,69660.0,6930.0,85500.0,32060.000000000004
2020-01-16,5940.0,28180.0,3820.0,11230.0,20670.0,57820.0,9820.0,5670.0,7780.0,2630.0,5130.0,27100.0,45520.0,35840.0,82220.0,2420.0,8260.0,5020.0,10400.0,10780.0,40370.0,38340.0,30570.0,3530.0,51110.0,112310.0,69890.0,7010.0,85500.0,31680.0
2020-01-17,5920.0,27920.0,3770.0,11260.0,20540.0,57760.0,10010.0,5640.0,7700.0,2630.0,5130.0,28060.0,44540.0,36040.0,82640.0,2360.0,8260.0,5070.0,10600.0,10830.0,40370.0,40480.0,30530.0,3510.0,51060.0,114000.0,70140.0,7030.0,85500.0,31480.0
2020-01-20,6040.0,27830.0,3870.0,11330.0,20460.0,57880.0,10080.0,5590.0,7850.0,2660.0,5130.0,28190.0,43980.0,36830.0,83170.0,2330.0,8260.0,5070.0,10700.0,10810.0,40370.0,40260.0,30530.0,3530.0,51060.0,113080.0,70350.0,7210.0,85500.0,30900.0
2020-01-21,6090.0,28180.0,4400.0,11400.0,19790.0,58810.0,10340.0,5720.0,7960.0,2660.0,5260.0,28310.0,44140.0,37260.0,82100.0,2400.0,8260.0,5070.0,10900.0,11130.0,40370.0,40260.0,31070.0,3590.0,51060.0,113080.0,71530.0,7550.0,85500.0,31480.0
2020-01-22,6090.0,28970.0,4340.0,11540.0,20140.0,58810.0,10610.0,5740.0,8100.0,2720.0,5230.0,27700.0,43240.0,37010.0,81940.0,2480.0,8260.0,5080.0,10900.0,11200.0,40370.0,40020.0,31740.0,3590.0,51060.0,112690.0,71720.0,7570.0,85500.0,31480.0
2020-01-30,5880.0,27520.0,4240.0,10980.0,19490.0,57010.0,10080.0,5530.0,7780.0,2600.0,4960.0,27300.0,40570.0,35400.0,76810.0,2420.0,8260.0,4860.0,10350.0,10600.0,40370.0,38080.0,31030.0,3490.0,51060.0,107690.0,68950.0,7280.0,85500.0,29890.0
2020-01-31,5720.0,26890.0,3940.0,11000.0,18540.0,53610.0,9470.0,5340.0,7430.0,2510.0,4860.0,27100.0,40570.0,34410.0,74710.0,2420.0,8260.0,4670.0,10200.0,10000.0,40370.0,38000.0,31070.0,3460.0,51020.0,100150.0,64150.00000000001,7190.0,85500.0,29020.0
2020-02-03,5630.0,27920.0,3820.0,11350.0,18370.0,51550.0,9110.0,5340.0,7560.0,2450.0,4750.0,26480.0,40490.0,33780.0,73620.0,2560.0,8260.0,4480.0,10250.0,9920.0,40370.0,38000.0,30250.0,3460.0,51020.0,96540.0,64040.00000000001,7240.0,85500.0,29170.0
2020-02-04,5760.0,28400.0,3980.0,12130.0,18480.0,50810.0,9110.0,5450.0,7570.0,2550.0,4930.0,26440.0,40490.0,33510.0,71540.0,2670.0,8260.0,4470.0,10200.0,10070.0,40370.0,38480.0,30430.0,3470.0,51020.0,99230.0,62080.0,7510.0,85500.0,28250.0
2020-02-05,5720.0,27920.0,3940.0,11980.0,18540.0,50570.0,9200.0,5610.0,7530.0,2620.0,4930.0,26880.0,40490.0,33550.0,68380.0,2910.0,8260.0,4450.0,10250.0,10070.0,40370.0,38080.0,30530.0,3490.0,50880.0,97690.0,63040.0,7740.0,85500.0,27960.0
2020-02-06,5970.0,27780.0,4030.0000000000005,12520.0,19120.0,53230.0,9550.0,5910.0,7760.0,2650.0,5100.0,27830.0,40410.0,34000.0,66950.0,3000.0,8260.0,4670.0,10950.0,10340.0,40370.0,38300.0,30820.0,3570.0,50840.0,98080.0,63560.0,8170.0,85500.0,29890.0
2020-02-07,5920.0,27000.0,3940.0,12130.0,19010.0,53300.0,9550.0,5920.0,7500.0,2690.0,5000.0,28310.0,40410.0,33740.0,68710.0,2790.0,8260.0,4670.0,11150.0,10240.0,40370.0,38560.0,30890.0,3530.0,50840.0,100920.0,65160.0,8130.000000000001,85500.0,30900.0
2020-02-10,5880.0,25630.0,3870.0,12000.0,18760.0,53790.0,9470.0,5840.0,7500.0,2620.0,4900.0,27620.0,40410.0,32850.0,68710.0,2670.0,8260.0,4610.0,10950.0,10120.0,40370.0,38080.0,30610.0,3420.0,50530.0,99230.0,64459.99999999999,7880.0,85500.0,30030.0
2020-02-11,5890.0,26520.0,3940.0,12520.0,19120.0,53040.0,9550.0,5740.0,7260.0,2650.0,4950.0,27920.0,40410.0,33070.0,68380.0,2840.0,8260.0,4590.0,11350.0,10240.0,40370.0,38220.0,30610.0,3490.0,50390.0,99230.0,63360.0,8140.000000000001,85500.0,30320.0
2020-02-12,6370.0,26520.0,4030.0000000000005,12260.0,19300.0,53300.0,9470.0,5780.0,7330.0,2620.0,5060.0,28110.0,40900.0,33840.0,67310.0,2870.0,8260.0,4690.0,11550.0,10490.0,40370.0,38300.0,30710.0,3530.0,49770.0,99380.0,63360.0,8280.0,85500.0,30180.0
2020-02-13,6340.0,26300.0,4030.0000000000005,12280.0,19360.0,54220.0,9470.0,5780.0,7290.0,2620.0,5000.0,27530.0,40650.0,33550.0,68570.0,2840.0,8260.0,4640.0,11500.0,10460.0,40370.0,38260.0,30530.0,3680.0,49950.0,99380.0,63220.0,8530.0,85500.0,30370.0
2020-02-14,6570.0,26100.0,4030.0000000000005,12080.0,19430.0,54840.0,9920.0,5660.0,7290.0,2760.0,5070.0,27580.0,40330.0,33250.0,68140.0,2870.0,8260.0,4690.0,11600.0,10780.0,40370.0,38260.0,31100.0,3720.0,48880.0,98920.0,63040.0,8710.0,85500.0,30660.0
2020-02-17,6570.0,26890.0,4030.0000000000005,11980.0,19340.0,54100.0,9730.0,5690.0,7320.0,2760.0,5110.0,27330.0,40240.0,33380.0,66770.0,2910.0,8260.0,4640.0,11650.0,11010.0,40370.0,38300.0,30780.0,3690.0,47990.0,99000.0,63560.0,8690.0,85500.0,30320.0
2020-02-18,6620.0,27130.0,3980.0,12040.0,19970.0,53300.0,9920.0,5670.0,7180.0,2690.0,5070.0,27370.0,40240.0,33810.0,63900.0,2870.0,8260.0,4610.0,11550.0,10960.0,40370.0,38300.0,30530.0,3620.0,46440.0,99000.0,62380.0,8780.0,85500.0,29500.0
2020-02-19,6540.0,26780.0,3980.0,12180.0,19870.0,52860.0,10340.0,5640.0,7160.0,2650.0,5040.0,27330.0,40820.0,34320.0,63900.0,2760.0,8260.0,4640.0,11400.0,10940.0,40370.0,38340.0,30530.0,3670.0,46660.0,98770.0,62920.0,8900.0,85500.0,29120.0
2020-02-20,6570.0,26780.0,4030.0000000000005,12130.0,19900.0,52860.0,10340.0,5610.0,7320.0,2650.0,5060.0,27420.0,41390.0,34350.0,64620.00000000001,2710.0,8260.0,4640.0,11300.0,10880.0,40370.0,38340.0,30860.0,3690.0,48880.0,98850.0,62920.0,9150.0,85500.0,29840.0
2020-02-21,6390.0,25840.0,3980.0,11660.0,19490.0,52920.0,10080.0,5610.0,7250.0,2620.0,4950.0,27620.0,42920.0,34350.0,64840.0,2710.0,8260.0,4590.0,11300.0,10690.0,40370.0,38130.0,30570.0,3800.0,48840.0,98920.0,64150.00000000001,9230.0,85500.0,29650.0
2020-02-24,5970.0,24170.0,3770.0,11000.0,18710.0,52000.0,9640.0,5390.0,6990.0,2500.0,4680.0,27500.0,41390.0,32980.0,63900.0,2790.0,8260.0,4280.0,10850.0,9950.0,40370.0,37360.0,29830.0,3620.0,47680.0,98460.0,62920.0,8590.0,85500.0,28340.0
2020-02-25,6240.0,25460.0,3820.0,11770.0,19250.0,51440.0,10080.0,5540.0,7120.0,2500.0,4860.0,27830.0,40980.0,33220.0,63900.0,2870.0,8260.0,4310.0,11150.0,10270.0,40370.0,36930.0,29500.0,3630.0,47550.0,97690.0,63860.0,9070.0,85500.0,28200.0
2020-02-26,6120.0,24540.0,3820.0,11640.0,19610.0,49510.0,10610.0,5480.0,7010.0,2580.0,4790.0,27660.0,40280.0,32980.0,63550.0,3140.0,8260.0,4240.0,11200.0,10340.0,40370.0,36410.0,28720.0,3590.0,47060.0,96150.0,62080.0,9070.0,85500.0,28010.0
2020-02-27,6340.0,24590.0,3820.0,11820.0,19970.0,48960.0,10960.0,5540.0,7070.0,2650.0,4870.0,27660.0,40240.0,33660.0,62170.0,3460.0,8260.0,4340.0,11650.0,10530.0,40370.0,35990.0,28690.0,3720.0,46930.0,94460.0,63490.0,9080.0,85500.0,28010.0
2020-02-28,6270.0,23750.0,3820.0,11610.0,19650.0,46980.0,10700.0,5500.0,6880.0,2650.0,4760.0,27300.0,39680.0,33070.0,58150.0,3770.0,8260.0,4180.0,11600.0,10290.0,40370.0,35300.0,28540.0,3670.0,46840.0,93770.0,61790.0,8730.0,85500.0,27520.0
2020-03-02,6270.0,23570.0,3940.0,11500.0,19870.0,48960.0,10790.0,5480.0,6870.0,2960.0,4830.0,27300.0,39680.0,33070.0,61020.0,4130.0,8260.0,4160.0,12350.0,10410.0,40370.0,35040.0,28580.0,3690.0,46840.0,92920.0,61790.0,8620.0,85500.0,27570.0
2020-03-03,6370.0,24480.0,4080.0,11930.0,19940.0,49570.0,11490.0,5480.0,6870.0,3260.0,4870.0,27370.0,39680.0,33050.0,61020.0,4450.0,8260.0,4200.0,12250.0,10410.0,40370.0,35220.0,28580.0,3690.0,46880.0,92920.0,62250.0,8710.0,85500.0,27480.0
2020-03-04,6410.0,24080.0,4190.0,11930.0,19790.0,48410.0,11050.0,5570.0,6880.0,3370.0,4850.0,27300.0,39680.0,32920.0,60680.0,4720.0,8260.0,4280.0,12500.0,10440.0,40370.0,35000.0,28580.0,3720.0,46880.0,93310.0,61970.0,8710.0,85500.0,27480.0
2020-03-05,6370.0,24350.0,4280.0,11790.0,19450.0,48410.0,11050.0,5540.0,6880.0,3260.0,4830.0,27300.0,41220.0,32750.0,60680.0,5080.0,8260.0,4430.0,12200.0,10320.0,40370.0,35600.0,28760.0,3680.0,46930.0,94620.0,61790.0,8920.0,85500.0,27620.0
2020-03-06,6290.0,24470.0,4190.0,11640.0,19250.0,48030.0,10960.0,5540.0,6890.0,3180.0,4830.0,27300.0,44060.0,32009.999999999996,58360.0,4880.0,8260.0,4400.0,12250.0,10200.0,40370.0,36200.0,28720.0,3680.0,46660.0,92690.0,61610.0,8810.0,85500.0,27520.0
2020-03-09,5800.0,22760.0,3620.0,10820.0,17930.0,44690.0,9820.0,5150.0,6430.0,2690.0,4490.0,26110.0,42110.0,29780.0,55750.0,4410.0,8260.0,4100.0,11400.0,9510.0,40370.0,33670.0,26730.0,3250.0,43420.0,87310.0,57350.0,8200.0,85500.0,25640.0
2020-03-10,6020.0,22140.0,3720.0,11050.0,18450.0,42450.0,9820.0,5100.0,6670.0,2840.0,4470.0,26970.0,42440.0,29160.0,55750.0,3970.0,8260.0,4100.0,11400.0,9580.0,40370.0,34230.0,27160.0,3460.0,43420.0,88080.0,60140.0,8330.0,85500.0,25500.0
2020-03-11,5820.0,20590.0,3660.0,10470.0,18130.0,39540.0,9820.0,4840.0,6330.0,2800.0,4250.0,26690.0,40450.0,27140.0,54570.0,4370.0,8260.0,3820.0,10650.0,8930.0,40370.0,33000.0,27160.0,3350.0,43110.0,81920.0,60060.0,7760.0,85500.0,25110.0
2020-03-12,5500.0,19150.0,3510.0,9830.0,17150.0,36800.0,9820.0,4510.0,5930.0,2690.0,3960.0,23260.0,40450.0,25250.0,51910.0,4410.0,8260.0,3570.0,9950.0,8320.0,40370.0,30710.0,25560.0,3160.0,40800.0,77690.0,59670.0,7230.0,85500.0,23370.0
2020-03-13,5470.0,18270.0,3510.0,9900.0,17170.0,35320.0,9820.0,4550.0,5860.0,2650.0,3990.0,23630.0,40370.0,24540.0,51700.0,4330.0,8260.0,3500.0,10400.0,8440.0,40370.0,30430.0,25560.0,3110.0,41110.0,77690.0,58610.0,7210.0,85500.0,23370.0
2020-03-16,5200.0,17120.0,3560.0,9250.0,16970.0,36750.0,9820.0,4290.0,5880.0,2580.0,3840.0,23670.0,40080.0,23600.0,53850.0,4330.0,8260.0,3500.0,9990.0,8070.0,40370.0,28750.0,25490.0,3060.0,41110.0,76920.0,57350.0,6710.0,85500.0,22890.0
2020-03-17,5250.0,17640.0,3620.0,9470.0,17300.0,37060.0,9820.0,4190.0,5910.0,2620.0,3900.0,24030.0,40080.0,24000.0,50640.0,4450.0,8260.0,3730.0,10200.0,8320.0,40370.0,28920.0,24820.0,3030.0,39330.0,78230.0,56750.0,6900.0,85500.0,21340.0
2020-03-18,5270.0,18040.0,3350.0,9450.0,17270.0,35940.0,9200.0,4220.0,6060.0,2580.0,3850.0,22810.0,40010.0,24470.0,48820.0,4680.0,8260.0,3600.0,10000.0,8320.0,40370.0,29680.0,24680.0,3030.0,39550.0,78000.0,56170.0,6920.0,85500.0,21340.0
2020-03-19,5250.0,17430.0,3300.0,9060.0,17020.0,34270.0,8590.0,4140.0,5900.0,2540.0,3760.0,23540.0,39850.0,23480.0,45590.0,4640.0,8260.0,3600.0,9750.0,7980.0,40370.0,28270.0,24320.0,2970.0,39420.0,75380.0,52640.0,6670.0,85500.0,21150.0
2020-03-20,5320.0,17280.0,3200.0,8920.0,17020.0,35870.0,8000.0,4140.0,5730.0,2540.0,3730.0,22730.0,39850.0,23970.0,45240.0,4720.0,8260.0,3640.0,9800.0,8029.999999999999,40370.0,26350.0,22650.0,2970.0,36660.0,79230.0,53210.0,6740.0,85500.0,19700.0
2020-03-23,4800.0,16079.999999999998,2790.0,8320.0,15830.0,33410.0,7450.0,3840.0,5330.0,2210.0,3470.0,21990.0,39850.0,22290.0,42070.0,4640.0,8260.0,3400.0,9120.0,7470.0,40370.0,24510.0,21090.0,2630.0,34130.0,73690.0,49500.0,6280.0,85500.0,18350.0
2020-03-24,4880.0,16490.0,2950.0,8250.0,15860.0,34840.0,7630.0,3760.0,5260.0,2280.0,3450.0,24440.0,39760.0,21380.0,41470.0,4680.0,8260.0,3290.0,8800.0,7450.0,40370.0,24850.0,19640.0,2760.0,31770.0,74230.0,50890.0,6250.0,85500.0,17090.0
2020-03-25,5100.0,17330.0,2950.0,8810.0,16390.0,37240.0,7810.0,3930.0,5480.0,2390.0,3650.0,23340.0,39760.0,22660.0,43090.0,4990.0,8260.0,3520.0,9110.0,7680.0,40370.0,26560.0,20990.0,2930.0,34000.0,74690.0,54390.0,6500.0,85500.0,18250.0
2020-03-26,4890.0,17370.0,2840.0,8480.0,15750.0,36380.0,7490.0,3880.0,5220.0,2250.0,3510.0,23230.0,39680.0,21120.0,44870.0,4920.0,8260.0,3410.0,8700.0,7450.0,40370.0,27070.0,21660.0,2790.0,36350.0,74620.0,55580.0,6280.0,85500.0,19320.0
2020-03-27,4890.0,17230.0,2840.0,8570.0,15380.0,36060.0,7410.0,3610.0,4990.0,2250.0,3420.0,23230.0,39930.0,19650.0,46510.0,4880.0,8260.0,3250.0,8210.0,7400.0,40370.0,27460.0,21300.0,2770.0,38570.0,74540.0,55640.0,6270.0,85500.0,19700.0
2020-03-30,4520.0,16140.0,2530.0,7990.0,14410.0,33850.0,7280.0,3410.0,5040.0,2090.0,3180.0,23020.0,39760.0,18480.0,43480.0,4680.0,8260.0,3020.0,7640.0,6900.0,40370.0,26130.0,19810.0,2570.0,36170.0,74230.0,53930.0,5840.0,85500.0,18350.0
2020-03-31,4430.0,16110.0,2480.0,7750.0,14660.0,33960.0,7350.0,3520.0,5190.0,2090.0,3170.0,23230.0,39680.0,18290.0,44150.0,4790.0,8260.0,3050.0,7300.0,6940.0,40370.0,26560.0,19530.0,2580.0,37060.0,74770.0,53820.0,5430.0,85500.0,18490.0
2020-04-01,4630.0,16750.0,2580.0,8250.0,15080.0,34770.0,7500.0,3750.0,5320.0,2280.0,3320.0,23830.0,39850.0,18990.0,44190.0,5080.0,8260.0,3270.0,7810.0,7180.0,40370.0,27850.0,19460.0,2660.0,38220.0,76310.0,55580.0,5520.0,85500.0,18590.0
2020-04-03,4750.0,17900.0,2890.0,8480.0,15910.0,36680.0,7630.0,3870.0,5440.0,2250.0,3430.0,25550.0,42360.0,20300.0,44870.0,5230.0,8260.0,3490.0,8350.0,7340.0,40370.0,28060.0,20490.0,2730.0,40440.0,76850.0,56170.0,5630.0,85500.0,18830.0
2020-04-06,5120.0,19150.0,3150.0,9060.0,16950.0,39030.0,7980.0,4059.9999999999995,5800.0,2430.0,3670.0,28110.0,45270.0,21700.0,47380.0,5750.0,8260.0,3720.0,8930.0,7850.0,40370.0,29140.0,21910.0,2890.0,43240.0,76850.0,56880.0,6000.0,85500.0,20140.0
2020-04-07,5050.0,19320.0,2950.0,8940.0,16870.0,38990.0,7870.0,4100.0,5850.0,2390.0,3720.0,28570.0,46570.0,23170.0,49190.0,5860.0,8260.0,3720.0,9180.0,7850.0,40370.0,29210.0,23440.0,2890.0,43240.0,76150.0,58240.0,6230.0,85500.0,21540.0
2020-04-08,5020.0,19800.0,2950.0,8880.0,16690.0,38860.0,7890.0,4090.0,5760.0,2350.0,3670.0,27920.0,47700.0,22970.0,49530.0,6100.0,8260.0,3780.0,9280.0,7730.0,40370.0,28920.0,24850.0,2840.0,41770.0,76150.0,58540.0,6050.0,85500.0,21730.0
2020-04-09,4970.0,19670.0,3000.0,8920.0,16690.0,41520.0,8280.0,4090.0,5720.0,2430.0,3680.0,27370.0,48110.0,22660.0,50260.0,6450.0,8260.0,4019.9999999999995,9190.0,7830.0,40370.0,30430.0,24500.0,2900.0,42660.0,78460.0,59180.0,6020.0,85500.0,22890.0
2020-04-10,4930.0,19260.0,3000.0,8780.0,16540.0,41580.0,8860.0,3960.0,5780.0,2430.0,3630.0,26800.0,48750.0,22260.0,50630.0,6880.0,8260.0,4050.0,9010.0,7750.0,40370.0,30250.0,23830.0,2860.0,42220.0,83920.0,58890.0,5970.0,85500.0,22980.0
2020-04-13,4970.0,19390.0,3000.0,8830.0,16580.0,42140.0,8900.0,3990.0,5950.0,2470.0,3670.0,26520.0,47050.0,23300.0,50630.0,7000.0,8260.0,4000.0,9040.0,7950.0,40370.0,30340.0,23890.0,2860.0,42660.0,89000.0,58610.0,6380.0,85500.0,24580.0
2020-04-14,4970.0,19050.0,2890.0,8660.0,17650.0,41520.0,9470.0,3960.0,6150.0,2430.0,3710.0,26690.0,49400.0,23230.0,51480.0,7000.0,8260.0,4019.9999999999995,9160.0,7940.0,40370.0,29940.0,24140.0,2860.0,42480.0,86770.0,58540.0,6820.0,85500.0,25300.0
2020-04-15,5020.0,19480.0,2950.0,8940.0,17860.0,41280.0,9780.0,4090.0,6190.0,2650.0,3820.0,26720.0,49320.0,23840.0,54920.0,7080.0,8260.0,4070.0000000000005,9700.0,8119.999999999999,40370.0,30380.0,24070.0,2940.0,42660.0,85230.0,58660.0,6970.0,85500.0,25210.0
2020-04-16,5070.0,19480.0,2950.0,8920.0,17930.0,41760.0,9470.0,4140.0,6230.0,2690.0,3850.0,27140.0,49240.0,23870.0,56580.0,7030.0,8260.0,4070.0000000000005,9720.0,8119.999999999999,40370.0,30510.0,23970.0,2970.0,42620.0,89230.0,58720.0,6970.0,85500.0,25590.0
2020-04-17,5230.0,19520.0,3250.0,9060.0,18260.0,41950.0,9470.0,4260.0,6370.0,2730.0,3970.0,27700.0,49080.0,25460.0,59380.0,7080.0,8260.0,4140.0,9730.0,8220.0,40370.0,30590.0,24320.0,2970.0,42710.0,90310.0,58720.0,6880.0,85500.0,25590.0
2020-04-20,5140.0,19370.0,3250.0,8940.0,18300.0,42630.0,9390.0,4220.0,6530.0,2650.0,3890.0,27880.0,48110.0,26180.0,63510.0,6840.0,8260.0,4170.0,9550.0,8200.0,40370.0,30790.0,24320.0,2990.0,42750.0,90150.0,59130.0,6730.0,85500.0,25300.0
2020-04-21,4930.0,18110.0,3000.0,8480.0,17580.0,39980.0,8740.0,3980.0,6220.0,2500.0,3650.0,26880.0,45830.0,24660.0,61020.0,6170.0,8260.0,3910.0,8990.0,7800.0,40370.0,30630.0,24140.0,2900.0,41330.0,88460.0,57240.0,6270.0,85500.0,23560.0
2020-04-22,5070.0,18900.0,3000.0,8690.0,18230.0,39360.0,8810.0,4120.0,6400.0,2580.0,3760.0,27220.0,47130.0,25460.0,62830.0,6370.0,8260.0,4050.0,9170.0,7830.0,40370.0,29680.0,23220.0,2930.0,41110.0,88540.0,57650.0,6470.0,85500.0,22740.0
2020-04-23,5050.0,18900.0,3100.0,8660.0,18190.0,40340.0,8860.0,4070.0000000000005,6660.0,2620.0,3770.0,27300.0,47130.0,25930.0,64840.0,6450.0,8260.0,4050.0,9150.0,7850.0,40370.0,29640.0,23650.0,2930.0,41330.0,89540.0,56830.0,6380.0,85500.0,23270.0
2020-04-24,5050.0,18790.0,3150.0,8660.0,18190.0,40340.0,8740.0,4070.0000000000005,6800.0,2580.0,3750.0,27500.0,48190.0,25770.0,64620.00000000001,6450.0,8260.0,4040.0,9100.0,7910.0,40370.0,29510.0,23080.0,2900.0,41330.0,88620.0,60790.0,6560.0,85500.0,23180.0
2020-04-27,5010.0,18320.0,3000.0,8510.0,18080.0,39790.0,9340.0,4059.9999999999995,6750.0,2580.0,3670.0,27330.0,47370.0,25530.0,64620.00000000001,6330.0,8260.0,3990.0,8990.0,7890.0,40370.0,28610.0,22900.0,2900.0,40880.0,87310.0,60790.0,6730.0,85500.0,22700.0
2020-04-28,5050.0,18340.0,3000.0,8600.0,18080.0,38910.0,9470.0,4059.9999999999995,6590.0,2620.0,3680.0,27530.0,48340.0,25120.0,61020.0,6300.0,8260.0,3950.0,8980.0,7910.0,40370.0,28700.0,22940.0,2930.0,40880.0,86850.0,59420.0,6730.0,85500.0,21970.0
2020-04-29,5100.0,18590.0,3100.0,9010.0,18130.0,39290.0,9780.0,4090.0,6630.0,2620.0,3720.0,27500.0,47620.0,25370.0,58520.0,6260.0,8260.0,3960.0,9100.0,7950.0,40370.0,29140.0,22580.0,2930.0,40840.0,88850.0,58540.0,6560.0,85500.0,22310.0
2020-05-04,5050.0,18430.0,3050.0,9040.0,18010.0,39540.0,9390.0,4260.0,6460.0,2650.0,3700.0,27300.0,46400.0,24660.0,55640.0,6130.0,8260.0,3870.0,8980.0,8050.000000000001,40370.0,28870.0,23040.0,2890.0,40800.0,87920.0,57700.0,6420.0,85500.0,22650.0
2020-05-05,5050.0,18430.0,3100.0,8940.0,18160.0,40590.0,9730.0,4290.0,6590.0,2650.0,3680.0,27100.0,45670.0,24620.0,54460.0,5970.0,8260.0,3860.0,8970.0,8050.000000000001,40370.0,28610.0,22580.0,2890.0,41200.0,85770.0,59420.0,6520.0,85500.0,22740.0
2020-05-06,5170.0,18790.0,3100.0,9110.0,18850.0,42510.0,10390.0,4230.0,6840.0,2650.0,3720.0,27420.0,46970.0,25210.0,56720.0,6100.0,8260.0,3950.0,9140.0,8119.999999999999,40370.0,28960.0,23790.0,2900.0,42220.0,86230.0,60000.0,6690.0,85500.0,24140.0
2020-05-07,5270.0,19600.0,3100.0,9200.0,19090.0,42570.0,10960.0,4220.0,7260.0,2650.0,3800.0,27620.0,47620.0,25650.0,60680.0,6330.0,8260.0,4019.9999999999995,9340.0,8200.0,40370.0,29860.0,24000.0,2930.0,42660.0,88620.0,61140.0,6860.0,85500.0,23950.0
2020-05-08,5320.0,19830.0,3150.0,9430.0,19160.0,43140.0,10530.0,4430.0,7210.0,2760.0,3870.0,27370.0,49400.0,26020.0,61740.0,6680.0,8260.0,4120.0,9520.0,8750.0,40370.0,31490.0,25170.0,2990.0,43330.0,92310.0,62080.0,7300.0,85500.0,24430.0
2020-05-11,5390.0,20090.0,3250.0,9580.0,19250.0,45250.0,10870.0,4460.0,7380.0,2910.0,3920.0,27620.0,51100.0,26390.0,62130.0,6880.0,8260.0,4310.0,9690.0,9350.0,40370.0,31910.0,26100.0,3090.0,43330.0,91230.0,64150.00000000001,7720.0,85500.0,24580.0
2020-05-12,5420.0,20120.0,3300.0,9760.0,19400.0,45370.0,10960.0,4490.0,7280.0,2910.0,4019.9999999999995,27370.0,50210.0,25870.0,62290.0,6790.0,8260.0,4320.0,9700.0,9530.0,40370.0,32390.0,26100.0,3110.0,43110.0,90310.0,67340.0,7700.0,85500.0,24390.0
2020-05-13,5390.0,20670.0,3300.0,9760.0,20610.0,44870.0,11050.0,4690.0,7430.0,2870.0,4080.0,27370.0,50130.0,26050.0,61740.0,6790.0,8260.0,4280.0,9960.0,9530.0,40370.0,32390.0,25350.0,3090.0,42220.0,88380.0,67230.0,7660.0,85500.0,23660.0
2020-05-14,5320.0,20710.0,3350.0,9630.0,20340.0,44320.0,10790.0,4550.0,7380.0,2800.0,4040.0,27830.0,51750.0,25770.0,61830.0,6770.0,8260.0,4340.0,10050.0,9480.0,40370.0,32560.000000000004,25070.0,3070.0,42660.0,87690.0,66800.0,7580.0,85500.0,23230.0
2020-05-15,5390.0,20150.0,3350.0,9430.0,20040.0,43940.0,10570.0,4520.0,7240.0,2760.0,3960.0,27500.0,50290.0,25500.0,61830.0,6100.0,8260.0,4250.0,9800.0,9370.0,40370.0,32560.000000000004,25420.0,3030.0,43110.0,87690.0,65519.99999999999,7640.0,85500.0,23270.0
2020-05-18,5420.0,20310.0,3350.0,9630.0,20200.0,45550.0,10790.0,4590.0,7730.0,2760.0,3970.0,27500.0,50620.0,26550.0,62100.0,5860.0,8260.0,4310.0,9730.0,9560.0,40370.0,33630.0,25530.0,3060.0,42880.0,87690.0,65690.0,8039.999999999999,85500.0,23710.0
2020-05-19,5520.0,20410.0,3350.0,10060.0,20570.0,46360.0,10790.0,4660.0,8050.000000000001,2870.0,4059.9999999999995,27330.0,51010.0,27080.0,61740.0,5700.0,8260.0,4360.0,9900.0,9850.0,40370.0,33840.0,25990.0,3090.0,42880.0,88380.0,66570.0,8010.0,85500.0,24050.0
2020-05-20,5520.0,20430.0,3350.0,10060.0,20410.0,45980.0,11220.0,4630.0,8150.0,2840.0,4040.0,27700.0,51670.0,26860.0,61920.0,5150.0,8260.0,4360.0,10400.0,9750.0,40370.0,34110.0,27370.0,3060.0,42930.0,87460.0,67410.0,7880.0,85500.0,25640.0
2020-05-21,5570.0,20710.0,3350.0,10350.0,20600.0,46490.0,11220.0,4950.0,8160.0,2840.0,4110.0,27460.0,51670.0,27020.0,63170.0,4720.0,8260.0,4370.0,10500.0,10180.0,40370.0,34780.0,27690.0,3110.0,43550.0,88460.0,67990.0,7910.0,85500.0,25400.0
2020-05-22,5570.0,20520.0,3300.0,10280.0,20240.0,45800.0,10960.0,4730.0,8390.0,2840.0,4030.0000000000005,27460.0,50210.0,26390.0,62460.0,5180.0,8260.0,4360.0,10200.0,9750.0,40370.0,34690.0,27160.0,3150.0,42840.0,87690.0,67650.0,7740.0,85500.0,24920.0
2020-05-25,5630.0,20690.0,3300.0,10400.0,20240.0,45670.0,11490.0,4760.0,8410.0,2870.0,4040.0,27620.0,50050.0,26730.0,62830.0,5540.0,8260.0,4440.0,10250.0,9750.0,40370.0,34740.0,27270.0,3240.0,43150.0,87000.0,69530.0,7680.0,85500.0,25300.0
2020-05-26,5800.0,21930.0,3300.0,10450.0,20380.0,46410.0,11490.0,4810.0,8740.0,2870.0,4110.0,27620.0,50620.0,26860.0,62930.0,5500.0,8260.0,4680.0,10400.0,9790.0,40370.0,35350.0,27120.0,3310.0,43060.0,86920.0,69530.0,7740.0,85500.0,25590.0
2020-05-27,5670.0,20770.0,3300.0,10100.0,20040.0,46490.0,11130.0,4690.0,8370.0,2910.0,4040.0,27580.0,50620.0,26340.0,62890.0,5340.0,8260.0,4530.0,10100.0,9680.0,40370.0,35510.0,26520.0,3250.0,43060.0,86920.0,67990.0,7370.0,85500.0,24630.0
2020-05-28,5690.0,21240.0,3300.0,10170.0,20040.0,45800.0,11170.0,4690.0,8370.0,2960.0,4040.0,27580.0,50860.0,26300.0,62890.0,5540.0,8260.0,4520.0,10300.0,9680.0,40370.0,36200.0,26630.0,3250.0,43110.0,87150.0,67890.0,7410.0,85500.0,25980.0
2020-05-29,5690.0,20940.0,3200.0,10140.0,20020.0,46110.0,11170.0,4790.0,8450.0,2960.0,4019.9999999999995,28480.0,50780.0,26270.0,63330.0,5500.0,8260.0,4510.0,10300.0,9580.0,40370.0,36500.0,27200.0,3290.0,43110.0,86920.0,67990.0,7480.0,85500.0,26560.0
2020-06-01,6240.0,21630.0,3250.0,10600.0,20170.0,46670.0,11260.0,4930.0,8520.0,2990.0,4160.0,29340.0,51100.0,26700.0,63800.0,5540.0,8260.0,4630.0,10750.0,9850.0,40370.0,37060.0,28080.0,3420.0,43200.0,87150.0,68640.0,7860.0,85500.0,26850.0
2020-06-02,6170.0,21170.0,3410.0,10580.0,20040.0,47350.0,11010.0,5270.0,8330.0,3260.0,4180.0,29540.0,51750.0,26490.0,65700.0,5500.0,8260.0,4590.0,10500.0,9790.0,40370.0,37100.0,27630.0,3420.0,42970.0,88230.0,68590.0,7720.0,85500.0,26650.0
2020-06-03,6340.0,21410.0,3770.0,10820.0,20320.0,48330.0,11400.0,5640.0,8290.0,3260.0,4210.0,29340.0,51830.0,26520.0,64620.00000000001,5970.0,8260.0,4630.0,10650.0,9880.0,40370.0,37660.0,27660.0,3570.0,43020.0,87540.0,68950.0,7780.0,85500.0,27140.0
2020-06-04,6290.0,21820.0,4030.0000000000005,11120.0,20210.0,48330.0,11130.0,5500.0,8189.999999999999,3260.0,4200.0,29340.0,51420.0,26550.0,64269.99999999999,6260.0,8260.0,4780.0,10600.0,9800.0,40370.0,38130.0,27510.0,3570.0,42660.0,87920.0,69660.0,7680.0,85500.0,27430.0
2020-06-05,6270.0,21990.0,4030.0000000000005,11020.0,20340.0,47720.0,11310.0,5440.0,8330.0,3290.0,4180.0,29340.0,51010.0,26730.0,64269.99999999999,6300.0,8260.0,4780.0,10550.0,9920.0,40370.0,38130.0,27450.0,3550.0,42220.0,87920.0,70480.0,7850.0,85500.0,27480.0
2020-06-08,6320.0,22970.0,4080.0,11230.0,20610.0,48960.0,11400.0,5410.0,8540.0,3540.0,4230.0,29380.0,51340.0,27970.0,65330.0,6450.0,8260.0,4890.0,10700.0,10050.0,40370.0,38300.0,27630.0,3620.0,42660.0,88460.0,72590.0,7830.0,85500.0,27620.0
2020-06-09,6340.0,22630.0,3940.0,10910.0,20440.0,48590.0,11970.0,5540.0,8350.0,3520.0,4230.0,29340.0,51010.0,27540.0,64150.00000000001,6330.0,8260.0,4830.0,10750.0,9970.0,40370.0,38340.0,27550.0,3630.0,42750.0,90620.0,73900.0,7720.0,85500.0,26940.0
2020-06-10,6370.0,22720.0,3980.0,11120.0,20380.0,48330.0,11620.0,5540.0,8320.0,3520.0,4350.0,29380.0,50940.0,27750.0,63900.0,6370.0,8260.0,4870.0,11500.0,10120.0,40370.0,38390.0,27510.0,3590.0,42480.0,90620.0,72740.0,7740.0,85500.0,26990.0
2020-06-11,6090.0,21140.0,3720.0,10350.0,19230.0,44980.0,10960.0,5380.0,7850.0,3260.0,4080.0,29170.0,47370.0,25830.0,63550.0,6100.0,8260.0,4530.0,11050.0,9680.0,40370.0,37700.0,27160.0,3420.0,41330.0,87310.0,72320.0,7410.0,85500.0,25210.0
2020-06-12,6090.0,22180.0,3620.0,10510.0,19620.0,46230.0,10650.0,5320.0,8160.0,3260.0,4120.0,29130.0,47370.0,26700.0,61740.0,6300.0,8260.0,4720.0,11800.0,9790.0,40370.0,36660.0,26630.0,3490.0,40800.0,87230.0,69770.0,7410.0,85500.0,25010.0
2020-06-15,5800.0,20820.0,3820.0,10060.0,19230.0,44690.0,10870.0,5410.0,7830.0,3370.0,3970.0,28110.0,45670.0,25620.0,59590.0,6220.0,8260.0,4400.0,12050.0,9300.0,40370.0,35130.0,24850.0,3420.0,39550.0,83850.0,66230.0,6930.0,85500.0,24140.0
2020-06-16,5920.0,21240.0,3940.0,10490.0,19440.0,45300.0,11170.0,5410.0,8070.0,3370.0,4059.9999999999995,28930.0,46650.0,26220.0,59630.0,6330.0,8260.0,4630.0,11900.0,9530.0,40370.0,35860.0,26590.0,3470.0,41510.0,82850.0,69180.0,7100.0,85500.0,25830.0
2020-06-17,5890.0,21040.0,3940.0,10380.0,19360.0,45170.0,10870.0,5310.0,8080.0,3330.0,4040.0,28430.0,46570.0,26020.0,59630.0,5700.0,8260.0,4570.0,11600.0,9400.0,40370.0,36070.0,26980.0,3460.0,40840.0,84460.0,68350.0,7150.0,85500.0,26560.0
2020-06-18,5920.0,21140.0,3940.0,10330.0,19440.0,44740.0,10790.0,5250.0,8250.0,3260.0,4040.0,28110.0,46160.0,26020.0,59710.0,5500.0,8260.0,4570.0,11400.0,9350.0,40370.0,36410.0,27160.0,3490.0,40440.0,85380.0,68110.0,7130.0,85500.0,26610.0
2020-06-19,6070.0,21630.0,4100.0,10530.0,19620.0,44980.0,11050.0,5300.0,8430.0,3330.0,4080.0,28110.0,46160.0,26250.0,59710.0,5780.0,8260.0,4670.0,11900.0,9480.0,40370.0,36590.0,27160.0,3530.0,43240.0,84620.0,67990.0,7300.0,85500.0,26850.0
2020-06-22,6000.0,21550.0,4100.0,10580.0,19620.0,45300.0,10920.0,5240.0,8410.0,3370.0,4080.0,28520.0,47210.0,26660.0,59590.0,5700.0,8260.0,4630.0,11700.0,9600.0,40370.0,36630.0,27800.0,3530.0,43060.0,83850.0,68230.0,7280.0,85500.0,26650.0
2020-06-23,5970.0,21240.0,4040.0,10490.0,19860.0,45800.0,11010.0,5240.0,8320.0,3370.0,4080.0,28670.0,47290.0,26490.0,58870.0,5580.0,8260.0,4910.0,11550.0,9560.0,40370.0,36840.0,27590.0,3530.0,41860.0,84150.0,68590.0,7290.0,85500.0,26270.0
2020-06-24,5920.0,21040.0,3990.0,10280.0,19720.0,44980.0,10790.0,5200.0,8320.0,3290.0,4100.0,29380.0,46320.0,26390.0,57440.0,5460.0,8260.0,4800.0,11200.0,9480.0,40370.0,36290.0,26880.0,3550.0,42080.0,83460.0,69240.0,7130.0,85500.0,25930.0
2020-06-25,5890.0,20880.0,3990.0,10240.0,19540.0,44870.0,10570.0,5080.0,8410.0,3290.0,4050.0,29260.0,45910.0,25960.0,57440.0,5620.0,8260.0,4810.0,11450.0,9350.0,40370.0,35860.0,26810.0,3590.0,41510.0,83460.0,68830.0,7050.0,85500.0,25590.0
2020-06-26,5880.0,20820.0,3990.0,10170.0,19550.0,44740.0,10430.0,5010.0,8370.0,3290.0,4050.0,28930.0,45670.0,26150.0,59170.0,5500.0,8260.0,4720.0,11300.0,9420.0,40370.0,35690.0,26840.0,3550.0,40660.0,83460.0,68530.0,7050.0,85500.0,25300.0
2020-06-29,5690.0,20090.0,3770.0,9880.0,19240.0,43190.0,10010.0,4890.0,8210.0,3150.0,3940.0,28670.0,44620.0,25310.0,57620.0,5150.0,8260.0,4510.0,10950.0,9090.0,40370.0,34910.0,26270.0,3510.0,39550.0,82150.0,67010.0,6730.0,85500.0,24530.0
2020-06-30,5670.0,19790.0,3820.0,9720.0,19070.0,42760.0,9640.0,4910.0,8250.0,3060.0,3870.0,28230.0,43810.0,25080.0,56360.0,5120.0,8260.0,4510.0,10750.0,9050.0,40370.0,34400.0,26810.0,3510.0,39550.0,83080.0,67510.0,6560.0,85500.0,23950.0
2020-07-01,5760.0,20460.0,3880.0,10060.0,19300.0,44000.0,10080.0,4860.0,8450.0,3150.0,3940.0,28520.0,44950.0,25460.0,58520.0,5180.0,8260.0,4670.0,11200.0,9160.0,40370.0,35430.0,27300.0,3570.0,40440.0,83080.0,68710.0,6930.0,85500.0,25540.0
2020-07-02,5750.0,20370.0,3880.0,10060.0,19280.0,43690.0,10120.0,4890.0,8500.0,3060.0,3940.0,28520.0,46320.0,25400.0,59920.0,5120.0,8260.0,4610.0,11050.0,9140.0,40370.0,35390.0,27300.0,3570.0,39950.0,83000.0,67700.0,6880.0,85500.0,25300.0
2020-07-03,5720.0,20410.0,3820.0,10060.0,19320.0,43560.0,10210.0,5140.0,8460.0,3060.0,3940.0,28480.0,46320.0,25370.0,62830.0,5040.0,8260.0,4610.0,11000.0,9160.0,40370.0,35550.0,27630.0,3570.0,40080.0,83080.0,68350.0,6820.0,85500.0,25590.0
2020-07-06,5880.0,20940.0,3940.0,10400.0,19540.0,44870.0,10430.0,5140.0,8500.0,3210.0,3970.0,28930.0,46650.0,25930.0,64790.00000000001,5080.0,8260.0,4750.0,11550.0,9370.0,40370.0,35510.0,28690.0,3570.0,40620.0,82850.0,69780.0,7050.0,85500.0,26170.0
2020-07-07,5890.0,21200.0,3880.0,10580.0,19820.0,44870.0,10210.0,5140.0,8730.0,3180.0,3990.0,29340.0,46160.0,26000.0,66450.0,5150.0,8260.0,4730.0,11450.0,9370.0,40370.0,35730.0,28690.0,3590.0,40440.0,83310.0,69480.0,6950.0,85500.0,26510.0
2020-07-08,5940.0,21170.0,3940.0,10670.0,19930.0,45170.0,10210.0,5150.0,8640.0,3180.0,4010.0,29290.0,46160.0,25960.0,69280.0,5150.0,8260.0,4780.0,11500.0,9300.0,40370.0,35550.0,28540.0,3720.0,40350.0,82770.0,69190.0,7030.0,85500.0,26510.0
2020-07-09,6040.0,21710.0,4040.0,10860.0,20200.0,46600.0,10390.0,5380.0,8670.0,3290.0,4070.0000000000005,29290.0,46490.0,26080.0,73590.0,5230.0,8260.0,4830.0,11800.0,9700.0,40370.0,35810.0,28690.0,3800.0,40440.0,83150.0,69420.0,7320.0,85500.0,26610.0
2020-07-10,5970.0,21660.0,3940.0,10730.0,19970.0,46050.0,10430.0,5270.0,8550.0,3260.0,4030.0000000000005,29340.0,46080.0,25740.0,73950.0,5150.0,8260.0,4860.0,11550.0,9460.0,40370.0,35430.0,28190.0,3740.0,40620.0,83080.0,69070.0,7260.0,85500.0,26120.0
2020-07-13,5940.0,21550.0,3940.0,10800.0,20320.0,46410.0,10430.0,5270.0,8520.0,3210.0,4019.9999999999995,29290.0,45830.0,25700.0,71800.0,5120.0,8260.0,4860.0,11450.0,9400.0,40370.0,35510.0,28080.0,3720.0,40570.0,83080.0,68780.0,7150.0,85500.0,25590.0
2020-07-14,5970.0,21530.0,3940.0,10840.0,20280.0,46930.0,10610.0,5280.0,8590.0,3180.0,4010.0,29290.0,45350.0,25740.0,70000.0,5120.0,8260.0,5090.0,11550.0,9300.0,40370.0,35550.0,28580.0,3720.0,40570.0,83080.0,69030.0,7100.0,85500.0,25500.0
2020-07-15,5970.0,21580.0,3940.0,10860.0,20310.0,46880.0,10610.0,5310.0,8640.0,3210.0,4040.0,29290.0,45110.0,26270.0,68750.0,5040.0,8260.0,5040.0,11550.0,9530.0,40370.0,35770.0,28800.0,3840.0,40220.0,82920.0,69480.0,7210.0,85500.0,25790.0
2020-07-16,5970.0,21580.0,3880.0,10860.0,20310.0,46930.0,10570.0,5380.0,8810.0,3210.0,4080.0,29340.0,46160.0,26340.0,69280.0,5080.0,8260.0,5050.0,11600.0,9730.0,40370.0,35770.0,28930.0,3930.0,41330.0,86150.0,70380.0,7240.0,85500.0,26370.0
2020-07-17,6170.0,21710.0,3940.0,10860.0,20080.0,46740.0,10610.0,5330.0,8790.0,3330.0,4080.0,29340.0,45520.0,26080.0,68920.0,5120.0,8260.0,5090.0,11600.0,9530.0,40370.0,35470.0,28580.0,3950.0,40660.0,83850.0,69970.0,7390.0,85500.0,25930.0
2020-07-20,6090.0,21290.0,3820.0,10730.0,19800.0,46090.0,10610.0,5290.0,8630.0,3290.0,4019.9999999999995,29090.0,44540.0,25870.0,68570.0,5080.0,8260.0,5000.0,11450.0,9480.0,40370.0,35220.0,28120.0,3990.0,40080.0,82690.0,69290.0,7280.0,85500.0,25300.0
2020-07-21,6120.0,21290.0,3820.0,10750.0,19970.0,46150.0,10480.0,5250.0,8660.0,3290.0,4040.0,29340.0,44290.0,26000.0,68310.0,5080.0,8260.0,4940.0,11500.0,9480.0,40370.0,35350.0,27980.0,4090.0,40080.0,83380.0,69480.0,7290.0,85500.0,25400.0
2020-07-22,6070.0,20880.0,3770.0,10530.0,19800.0,45630.0,10300.0,5200.0,8660.0,3400.0,4010.0,29340.0,43900.0,25830.0,68230.0,4990.0,8260.0,4870.0,11300.0,9370.0,40370.0,35350.0,27510.0,4130.0,39910.0,82620.0,68350.0,7190.0,85500.0,26030.0
2020-07-23,6020.0,20810.0,3820.0,10530.0,19940.0,46230.0,10080.0,5260.0,8680.0,3400.0,3970.0,29040.0,43650.0,25770.0,67420.0,4790.0,8260.0,4830.0,11250.0,9400.0,40370.0,35350.0,27980.0,4110.0,40000.0,83000.0,68420.0,7210.0,85500.0,27330.0
2020-07-24,5760.0,19940.0,3550.0,10040.0,19180.0,44400.0,9640.0,5000.0,8270.0,3210.0,3850.0,29210.0,42110.0,24590.0,65010.00000000001,4450.0,8260.0,4640.0,10900.0,9030.0,40370.0,34690.0,26980.0,3900.0,39110.0,79850.0,66560.0,6790.0,85500.0,26990.0
2020-07-27,5420.0,18560.0,3160.0,9340.0,18250.0,41600.0,8990.0,4660.0,8000.0,2910.0,3590.0,28430.0,40080.0,22880.0,62100.0,4010.0,8260.0,4310.0,10150.0,8390.0,40370.0,33000.0,25170.0,3570.0,37770.0,75310.0,61950.0,6330.0,85500.0,25880.0
2020-07-28,5690.0,19770.0,3430.0,9790.0,19090.0,44080.0,9300.0,4760.0,8430.0,3180.0,3800.0,28930.0,40900.0,23600.0,64620.00000000001,4410.0,8260.0,4600.0,10550.0,8680.0,40370.0,33630.0,26910.0,3750.0,37860.0,74230.0,65830.0,6630.0,85500.0,26270.0
2020-07-29,5520.0,19280.0,3210.0,9410.0,18600.0,41280.0,8990.0,4710.0,8180.0,2990.0,3650.0,29130.0,39970.0,22660.0,61390.0,4680.0,8260.0,4390.0,10150.0,8390.0,40370.0,33200.0,26270.0,3530.0,37110.0,73150.0,63480.0,6380.0,85500.0,24680.0
2020-07-30,5630.0,19420.0,3270.0,9630.0,18840.0,42580.0,8860.0,4760.0,8310.0,3020.0,3700.0,29950.0,40330.0,23070.0,61070.0,4680.0,8260.0,4450.0,10200.0,8610.0,40370.0,33160.0,27200.0,3570.0,37820.0,73850.0,65290.00000000001,6500.0,85500.0,25060.0
2020-07-31,5600.0,19130.0,3270.0,9560.0,18570.0,42580.0,8770.0,4740.0,8160.0,3060.0,3670.0,30020.0,40900.0,23130.0,60300.0,4640.0,8260.0,4390.0,10100.0,8390.0,40370.0,32729.999999999996,27590.0,3630.0,38880.0,72690.0,64099.99999999999,6470.0,85500.0,24240.0
2020-08-03,5760.0,19420.0,3380.0,9810.0,19180.0,43680.0,9070.0,4830.0,8610.0,3150.0,3790.0,29910.0,42600.0,23600.0,60680.0,4750.0,8260.0,4570.0,10350.0,8610.0,40370.0,33760.0,27870.0,3810.0,38930.0,73850.0,65420.0,6710.0,85500.0,24770.0
2020-08-04,5890.0,19790.0,3430.0,9940.0,19430.0,44270.0,9160.0,4870.0,8650.0,3210.0,3830.0,30760.0,43730.0,23910.0,61450.0,4960.0,8260.0,4650.0,10500.0,8720.0,40370.0,35090.0,28050.0,3840.0,39110.0,74620.0,66670.0,6750.0,85500.0,25400.0
2020-08-05,5970.0,20240.0,3430.0,10210.0,19620.0,44600.0,9340.0,5040.0,9060.0,3180.0,3870.0,31090.0,44540.0,24590.0,63170.0,5080.0,8260.0,4700.0,10650.0,9000.0,40370.0,35430.0,28260.0,3860.0,38660.0,76770.0,67160.0,6900.0,85500.0,25450.0
2020-08-06,5920.0,19960.0,3550.0,10100.0,19540.0,45170.0,9300.0,5140.0,9040.0,3150.0,3820.0,31090.0,43650.0,24620.0,65519.99999999999,5040.0,8260.0,4650.0,10500.0,8880.0,40370.0,35470.0,28260.0,3930.0,38880.0,77690.0,68780.0,6840.0,85500.0,25450.0
2020-08-07,5890.0,19890.0,3430.0,10260.0,19670.0,45630.0,9300.0,5150.0,9110.0,3150.0,3800.0,30690.0,43810.0,24410.0,66050.0,4920.0,8260.0,4610.0,10450.0,8860.0,40370.0,35510.0,28260.0,3920.0,38880.0,77150.0,69190.0,6810.0,85500.0,25500.0
2020-08-10,5920.0,19890.0,3480.0,10280.0,19720.0,45840.0,9780.0,5240.0,9140.0,3210.0,3840.0,31150.0,44140.0,24540.0,64590.0,4990.0,8260.0,4670.0,10600.0,8980.0,40370.0,35090.0,28260.0,3970.0,39200.0,76920.0,68590.0,6840.0,85500.0,25740.0
2020-08-11,6320.0,20090.0,3480.0,10470.0,19620.0,45510.0,9730.0,5280.0,9120.0,3290.0,3850.0,30970.0,44210.0,24690.0,64069.99999999999,4960.0,8260.0,4760.0,10650.0,9000.0,40370.0,35180.0,28190.0,4090.0,38880.0,76540.0,68590.0,6880.0,85500.0,25400.0
2020-08-12,6320.0,20460.0,3550.0,10550.0,19840.0,46290.0,9730.0,5310.0,9140.0,3290.0,3940.0,30890.0,43900.0,24780.0,64230.00000000001,4960.0,8260.0,4740.0,10750.0,9090.0,40370.0,35180.0,28190.0,4170.0,38840.0,77310.0,69240.0,6950.0,85500.0,25500.0
2020-08-13,6340.0,20690.0,3610.0,10720.0,20020.0,47200.0,9640.0,5370.0,9210.0,3260.0,3960.0,31150.0,44060.0,25530.0,65700.0,4990.0,8260.0,4810.0,10850.0,9160.0,40370.0,35550.0,28190.0,4190.0,39110.0,78150.0,69730.0,6970.0,85500.0,25930.0
2020-08-14,6290.0,20370.0,3480.0,10600.0,19970.0,47000.0,9550.0,5410.0,9060.0,3290.0,4010.0,30890.0,43240.0,25800.0,66420.0,4920.0,8260.0,4720.0,10700.0,9160.0,40370.0,35130.0,28300.0,4110.0,38840.0,77380.0,69900.0,6860.0,85500.0,25930.0
2020-08-17,6410.0,20200.0,3550.0,10600.0,20050.0,46800.0,9600.0,5450.0,9140.0,3290.0,3990.0,30800.0,42920.0,25530.0,65990.0,4920.0,8260.0,4700.0,10650.0,9300.0,40370.0,35260.0,28300.0,4160.0,38970.0,77080.0,70090.0,6820.0,85500.0,25590.0
2020-08-18,6370.0,20040.0,3480.0,10470.0,19980.0,46740.0,9690.0,5410.0,9080.0,3330.0,3970.0,30840.0,42440.0,25280.0,64840.0,4880.0,8260.0,4670.0,10750.0,9280.0,40370.0,35260.0,28260.0,4230.0,38440.0,76770.0,69240.0,6820.0,85500.0,25210.0
2020-08-19,6370.0,20150.0,3550.0,10510.0,19980.0,46880.0,10080.0,5370.0,9120.0,3370.0,3970.0,30930.0,42680.0,25400.0,64840.0,5340.0,8260.0,4720.0,10800.0,9350.0,40370.0,35550.0,28410.0,4230.0,38440.0,76920.0,69070.0,6860.0,85500.0,25450.0
2020-08-20,6720.0,19960.0,3550.0,10510.0,20070.0,46150.0,10250.0,5310.0,9060.0,3330.0,3970.0,30890.0,42110.0,25370.0,64459.99999999999,5260.0,8260.0,4650.0,10650.0,9260.0,40370.0,35550.0,28410.0,4230.0,38220.0,76620.0,69030.0,6840.0,85500.0,25450.0
2020-08-21,6850.0,20330.0,3610.0,10950.0,20220.0,46800.0,10390.0,5380.0,9160.0,3370.0,4040.0,31190.0,42600.0,25460.0,64459.99999999999,5260.0,8260.0,4760.0,11050.0,9420.0,40370.0,35510.0,28230.0,4290.0,38260.0,76620.0,69240.0,7030.0,85500.0,25590.0
2020-08-24,6790.0,20690.0,3610.0,11000.0,20670.0,47460.0,10480.0,5570.0,9330.0,3430.0,4160.0,31190.0,43410.0,26120.0,65700.0,5390.0,8260.0,4860.0,11300.0,9700.0,40370.0,35950.0,28410.0,4310.0,39550.0,76920.0,69780.0,7440.0,85500.0,25980.0
2020-08-25,6820.0,20610.0,3650.0,11140.0,20830.0,47980.0,10300.0,5570.0,9230.0,3430.0,4210.0,31190.0,43410.0,27210.0,66940.0,5340.0,8260.0,4860.0,11250.0,9850.0,40370.0,35950.0,28260.0,4410.0,40440.0,76540.0,70260.0,7370.0,85500.0,26030.0
2020-08-26,6850.0,20540.0,3770.0,11140.0,20650.0,47780.0,10430.0,5590.0,9110.0,3400.0,4180.0,31190.0,43320.0,27110.0,66130.0,5260.0,8260.0,4870.0,11200.0,9760.0,40370.0,35770.0,28230.0,4490.0,40440.0,77380.0,70150.0,7340.0,85500.0,26270.0
2020-08-27,6940.0,20410.0,3650.0,11160.0,21270.0,47460.0,10830.0,5570.0,9140.0,3430.0,4180.0,31620.0,43410.0,27600.0,65700.0,5340.0,8260.0,4890.0,11300.0,9790.0,40370.0,35770.0,27870.0,4560.0,40440.0,76620.0,70210.0,7410.0,85500.0,26270.0
2020-08-28,6920.0,21170.0,3650.0,11330.0,21310.0,48240.0,10570.0,5570.0,9140.0,3430.0,4180.0,31800.0,44140.0,28810.0,65330.0,5500.0,8260.0,4890.0,11350.0,10000.0,40370.0,35730.0,27910.0,4560.0,39950.0,77380.0,71460.0,7570.0,85500.0,26270.0
2020-08-31,6850.0,21380.0,3610.0,11590.0,21120.0,48170.0,10390.0,5610.0,9230.0,3430.0,4190.0,31840.0,44540.0,29000.0,68750.0,5460.0,8260.0,4830.0,11200.0,9850.0,40370.0,35550.0,27870.0,4440.0,40000.0,79230.0,72490.0,7480.0,85500.0,26080.0
2020-09-01,6820.0,21610.0,3710.0,11790.0,21310.0,49010.0,10650.0,5640.0,9330.0,3430.0,4230.0,32049.999999999996,44210.0,29120.0,68210.0,5540.0,8260.0,4890.0,11300.0,10050.0,40370.0,35550.0,27940.0,4470.0,41200.0,81150.0,73800.0,7490.0,85500.0,26320.0
2020-09-03,6850.0,22030.0,3710.0,11700.0,21490.0,49270.0,10650.0,5900.0,9400.0,3480.0,4250.0,32479.999999999996,44860.0,29440.0,69560.0,5540.0,8260.0,4940.0,11400.0,10180.0,40370.0,36930.0,28260.0,4620.0,42000.0,82770.0,74710.0,7600.0,85500.0,27140.0
2020-09-04,6820.0,21990.0,3710.0,11730.0,21330.0,48500.0,10530.0,5880.0,9380.0,3430.0,4210.0,32479.999999999996,45590.0,29210.0,68990.0,5500.0,8260.0,5000.0,11300.0,10120.0,40370.0,36370.0,28410.0,4580.0,41770.0,82770.0,74860.0,7510.0,85500.0,27520.0
2020-09-07,6720.0,21200.0,3650.0,11280.0,20680.0,46800.0,10430.0,5780.0,9210.0,3370.0,4130.0,32009.999999999996,44210.0,28040.0,68990.0,5420.0,8260.0,4980.0,11200.0,9800.0,40370.0,35810.0,28080.0,4520.0,40660.0,82310.0,75480.0,7210.0,85500.0,26750.0
2020-09-08,6660.0,21330.0,3650.0,11520.0,21120.0,46800.0,10700.0,5810.0,9260.0,3400.0,4160.0,31880.0,44370.0,28910.0,68640.0,5420.0,8260.0,5120.0,11250.0,9950.0,40370.0,35350.0,27870.0,4540.0,40220.0,82150.0,74400.0,7340.0,85500.0,27330.0
2020-09-09,6750.0,21290.0,3650.0,11400.0,20990.0,46610.0,10870.0,5760.0,9210.0,3400.0,4150.0,32710.0,44540.0,29000.0,68210.0,5460.0,8260.0,5140.0,11300.0,9800.0,40370.0,35220.0,27910.0,4520.0,40220.0,81540.0,74160.0,7320.0,85500.0,27430.0
2020-09-10,6750.0,21140.0,3650.0,11400.0,20990.0,46800.0,11220.0,5800.0,9230.0,3400.0,4160.0,32479.999999999996,44370.0,29160.0,67850.0,5460.0,8260.0,5140.0,11200.0,9920.0,40370.0,35180.0,27730.0,4520.0,40220.0,81540.0,74710.0,7300.0,85500.0,27430.0
2020-09-11,6720.0,21120.0,3710.0,11540.0,20970.0,46680.0,11260.0,6010.0,9200.0,3430.0,4160.0,32090.000000000004,44540.0,29000.0,67500.0,5750.0,8260.0,5110.0,11150.0,9850.0,40370.0,35260.0,27590.0,4540.0,40480.0,81380.0,74160.0,7320.0,85500.0,27430.0
2020-09-14,6850.0,21140.0,3770.0,11540.0,21040.0,46410.0,11050.0,5990.0,9250.0,3690.0,4230.0,32049.999999999996,45030.0,28870.0,67560.0,5700.0,8260.0,5110.0,11300.0,9950.0,40370.0,35550.0,27510.0,4580.0,41370.0,82620.0,74400.0,7440.0,85500.0,27620.0
2020-09-15,6890.0,21270.0,3770.0,11450.0,21330.0,47000.0,10960.0,5910.0,9280.0,3670.0,4230.0,32270.000000000004,44860.0,28840.0,67560.0,5700.0,8260.0,5120.0,11600.0,9880.0,40370.0,35350.0,27270.0,4730.0,42220.0,82230.0,74770.0,7390.0,85500.0,27910.0
2020-09-16,6850.0,21170.0,3770.0,11370.0,21530.0,46800.0,11100.0,5910.0,9280.0,3690.0,4230.0,32439.999999999996,44460.0,29380.0,67560.0,5620.0,8260.0,5150.0,11550.0,9900.0,40370.0,35510.0,27410.0,4730.0,42440.0,82230.0,74400.0,7370.0,85500.0,27910.0
2020-09-17,6940.0,21140.0,3770.0,11400.0,21330.0,46610.0,11170.0,5850.0,9550.0,3770.0,4230.0,32229.999999999996,43730.0,29240.0,67560.0,5660.0,8260.0,5190.0,11450.0,9850.0,40370.0,35350.0,27230.0,4730.0,41770.0,81460.0,74590.0,7320.0,85500.0,27330.0
2020-09-18,7010.0,21410.0,3820.0,11640.0,21840.0,47130.0,11170.0,5880.0,9660.0,3880.0,4380.0,32400.0,43900.0,29340.0,67770.0,5700.0,8260.0,5280.0,11650.0,10090.0,40370.0,35510.0,27300.0,5050.0,41770.0,81540.0,75720.0,7460.0,85500.0,27520.0
2020-09-21,7120.0,21290.0,3820.0,11610.0,21840.0,47330.0,11260.0,6070.0,9660.0,4040.0,4450.0,32130.000000000004,44140.0,30550.0,68210.0,5900.0,8260.0,5350.0,11750.0,10320.0,40370.0,35550.0,27370.0,5080.0,42660.0,81920.0,77930.0,7480.0,85500.0,27960.0
2020-09-22,7200.0,21240.0,3770.0,11640.0,21900.0,46740.0,11260.0,6110.0,9620.0,4010.0,4480.0,32229.999999999996,43980.0,30930.0,67850.0,6060.0,8260.0,5360.0,12550.0,10340.0,40370.0,35990.0,27270.0,5080.0,42040.0,82080.0,77640.0,7490.0,85500.0,27720.0
2020-09-23,7280.0,21610.0,3820.0,11840.0,21800.0,47260.0,11130.0,6150.0,9700.0,4010.0,4480.0,32009.999999999996,44860.0,31640.0,68210.0,6100.0,8260.0,5420.0,12650.0,10320.0,40370.0,36590.0,27510.0,5210.0,42000.0,81920.0,77380.0,7630.0,85500.0,28100.0
2020-09-24,7170.0,21350.0,3710.0,11730.0,21530.0,47780.0,11130.0,6150.0,9650.0,3960.0,4570.0,32229.999999999996,44540.0,31420.0,67130.0,6060.0,8260.0,5360.0,12450.0,10390.0,40370.0,36880.0,27370.0,5210.0,41330.0,81380.0,76260.0,7510.0,85500.0,27620.0
2020-09-25,7170.0,21290.0,3770.0,11820.0,21670.0,47520.0,11090.0,6160.0,9690.0,4110.0,4570.0,31880.0,44290.0,31200.0,67130.0,6060.0,8260.0,5320.0,13300.0,10360.0,40370.0,36840.0,27370.0,5350.0,41240.0,81230.0,76500.0,7460.0,85500.0,27430.0
2020-09-28,7310.0,21550.0,4040.0,12240.0,21800.0,46930.0,11170.0,6220.0,9930.0,4300.0,4660.0,31930.0,44290.0,31980.0,67500.0,6130.0,8260.0,5480.0,13800.0,10570.0,40370.0,36840.0,27200.0,5520.0,41240.0,81150.0,76860.0,7630.0,85500.0,26850.0
2020-09-29,7240.0,21220.0,4040.0,12000.0,21410.0,46490.0,11170.0,6180.0,9910.0,4210.0,4590.0,32049.999999999996,43410.0,32140.0,66420.0,5970.0,8260.0,5430.0,13300.0,10440.0,40370.0,36240.0,26730.0,5590.0,40660.0,80000.0,79710.0,7610.0,85500.0,26510.0
2020-09-30,7280.0,21290.0,3940.0,11980.0,21330.0,46350.0,11360.0,6180.0,9930.0,4270.0,4610.0,32009.999999999996,44210.0,32390.0,65800.0,6060.0,8260.0,5500.0,13800.0,10460.0,40370.0,36030.0,26810.0,5590.0,40660.0,80460.0,79480.0,7610.0,85500.0,26650.0
2020-10-01,7280.0,21380.0,4040.0,12000.0,21670.0,47070.0,11360.0,6380.0,10150.0,4440.0,4630.0,31840.0,44460.0,32600.0,66230.0,6060.0,8260.0,5760.0,13750.0,10550.0,40370.0,36330.0,27370.0,5840.0,41110.0,81150.0,79780.0,7720.0,85500.0,26750.0
2020-10-02,7440.0,21220.0,3880.0,12150.0,21440.0,46740.0,11260.0,6350.0,10050.0,4440.0,4630.0,31360.0,43810.0,32299.999999999996,66230.0,6060.0,8260.0,5760.0,13450.0,10440.0,40370.0,35990.0,26950.0,5940.0,41770.0,80690.0,78840.0,7580.0,85500.0,26370.0
2020-10-05,7620.0,21100.0,4040.0,12400.0,21530.0,47130.0,11960.0,6380.0,10280.0,4440.0,4740.0,32049.999999999996,45350.0,32299.999999999996,66230.0,6130.0,8260.0,5910.0,13700.0,10440.0,40370.0,35770.0,26980.0,6150.0,41460.0,80620.0,78320.0,7760.0,85500.0,26460.0
2020-10-06,7760.0,21120.0,4040.0,12260.0,21530.0,47130.0,11860.0,6350.0,10630.0,4410.0,4780.0,32270.000000000004,46970.0,32659.999999999996,66880.0,6060.0,8260.0,5880.0,14200.0,10360.0,40370.0,35950.0,27020.0,6800.0,40800.0,80380.0,78110.0,7740.0,85500.0,26560.0
2020-10-07,7560.0,21120.0,3990.0,12180.0,21490.0,48170.0,11720.0,6350.0,10450.0,4330.0,4710.0,32270.000000000004,50130.0,33420.0,68210.0,6060.0,8260.0,5790.0,13700.0,10090.0,40370.0,36410.0,27270.0,6770.0,41110.0,80000.0,78840.0,7610.0,85500.0,26850.0
2020-10-08,7500.0,21100.0,3990.0,12240.0,21800.0,48500.0,12190.0,6300.0,10570.0,4270.0,4720.0,32049.999999999996,51750.0,34000.0,67500.0,6060.0,8260.0,5790.0,13550.0,9880.0,40370.0,36330.0,27200.0,6650.0,41020.0,80000.0,78020.0,7510.0,85500.0,26700.0
2020-10-09,7590.0,21070.0,4040.0,12470.0,21670.0,48300.0,12600.0,6300.0,10720.0,4380.0,4690.0,32479.999999999996,55140.0,33840.0,69280.0,6130.0,8260.0,5840.0,13550.0,9880.0,40370.0,36330.0,27340.0,6650.0,41600.0,80310.0,77880.0,7490.0,85500.0,26700.0
2020-10-12,7530.0,21380.0,4040.0,13120.0,21710.0,48760.0,12550.0,6260.0,10630.0,4330.0,4690.0,32920.0,56850.0,33380.0,67530.0,6100.0,8260.0,5790.0,13300.0,9800.0,40370.0,36800.0,27510.0,6600.0,41730.0,80770.0,78110.0,7490.0,85500.0,26170.0
2020-10-13,7560.0,21530.0,3990.0,13780.0,21620.0,48760.0,12880.0,6170.0,10530.0,4380.0,4680.0,32920.0,60570.0,32980.0,66050.0,6060.0,8260.0,5680.0,13450.0,9900.0,40370.0,37060.0,27730.0,6430.0,41820.0,80770.0,78180.0,7490.0,85500.0,26270.0
2020-10-14,7760.0,22390.0,3940.0,13530.0,21760.0,48890.0,12600.0,6230.0,10660.0,4440.0,4720.0,33100.0,64780.0,33840.0,68210.0,6130.0,8260.0,5860.0,13500.0,10570.0,40370.0,37790.0,27870.0,6390.0,42220.0,80460.0,78370.0,7680.0,85500.0,26410.0
2020-10-15,7920.0,22050.0,3880.0,13550.0,21840.0,48760.0,12460.0,6320.0,10920.0,4680.0,4710.0,33100.0,65680.0,33960.0,68210.0,6410.0,8260.0,5880.0,13850.0,10570.0,40370.0,37960.0,27510.0,6470.0,43330.0,81540.0,78460.0,7700.0,85500.0,26650.0
2020-10-16,7990.0,22030.0,3940.0,14040.0,22680.0,49010.0,12830.0,6380.0,10950.0,4710.0,4780.0,33360.0,64780.0,33660.0,67660.0,6370.0,8260.0,5880.0,13750.0,10490.0,40370.0,37790.0,27340.0,6700.0,43370.0,80770.0,78370.0,7880.0,85500.0,26560.0
2020-10-19,8180.0,21870.0,3880.0,14510.0,22740.0,48110.0,13620.0,6350.0,10860.0,4710.0,4890.0,33570.0,66400.0,33620.0,67380.0,6300.0,8260.0,5950.0,14100.0,10650.0,40370.0,37480.0,27020.0,6830.0,43420.0,80380.0,78590.0,7830.0,85500.0,26410.0
2020-10-20,8180.0,21930.0,4040.0,14480.0,22680.0,47200.0,13570.0,6500.0,11050.0,4630.0,5010.0,33360.0,67780.0,33620.0,66630.0,6220.0,8260.0,5900.0,14200.0,11060.0,40370.0,37570.0,27060.0,6790.0,43460.0,80380.0,77500.0,7950.0,85500.0,26510.0
2020-10-21,8140.000000000001,22110.0,3940.0,13990.0,22520.0,47000.0,13060.0,6500.0,10950.0,4630.0,4960.0,33360.0,67780.0,33310.0,66660.0,6220.0,8260.0,5730.0,14400.0,10990.0,40370.0,36930.0,27120.0,6790.0,43240.0,79920.0,77660.0,8039.999999999999,85500.0,26940.0
2020-10-22,8270.0,22420.0,3940.0,14440.0,23040.0,47910.0,13160.0,6480.0,11140.0,4630.0,5030.0,33570.0,68830.0,34170.0,66420.0,6170.0,8260.0,5840.0,14600.0,11090.0,40370.0,37100.0,27510.0,6730.0,44480.0,80770.0,77880.0,8200.0,85500.0,27140.0
2020-10-23,8270.0,22330.0,3880.0,14340.0,23000.0,47780.0,13200.0,6530.0,11630.0,4680.0,5050.0,33790.0,69650.0,34630.0,66700.0,6330.0,8260.0,5800.0,14550.0,11110.0,40370.0,37480.0,28230.0,6790.0,46220.0,81000.0,80300.0,8220.0,85500.0,27380.0
2020-10-26,8020.0,21410.0,3820.0,13760.0,22520.0,46800.0,13160.0,6420.0,11580.0,4620.0,4920.0,33750.0,71190.0,34630.0,66420.0,6260.0,8260.0,5700.0,14100.0,10810.0,40370.0,36840.0,27870.0,6730.0,46710.0,80380.0,80640.0,7780.0,85500.0,26800.0
2020-10-27,7880.0,21240.0,3820.0,13870.0,22230.0,46800.0,12970.0,6310.0,11800.0,4620.0,4790.0,33150.0,71190.0,34630.0,66450.0,6170.0,8260.0,5570.0,13300.0,10780.0,40370.0,36840.0,27550.0,6640.0,46970.0,80380.0,79990.0,7800.0,85500.0,26080.0
2020-10-28,7690.0,20520.0,3710.0,13480.0,21620.0,46740.0,12310.0,5910.0,11430.0,4620.0,4690.0,31410.0,69650.0,33060.0,66230.0,5900.0,8260.0,5420.0,13100.0,10360.0,40370.0,36070.0,26840.0,6600.0,44530.0,80000.0,78370.0,7440.0,85500.0,24630.0
2020-10-29,7730.0,20180.0,3710.0,13120.0,21710.0,46150.0,12600.0,6070.0,11510.0,4620.0,4760.0,31280.0,68030.0,32220.0,66230.0,5930.0,8260.0,5550.0,13500.0,10090.0,40370.0,35810.0,27060.0,6640.0,44750.0,78690.0,78020.0,7460.0,85500.0,24720.0
2020-10-30,7790.0,20090.0,3710.0,13070.0,21970.0,45760.0,13010.0,6210.0,11490.0,4620.0,4760.0,31620.0,68030.0,32970.0,66160.0,6060.0,8260.0,5550.0,13300.0,9880.0,40370.0,35550.0,26980.0,6640.0,47330.0,77850.0,78840.0,7570.0,85500.0,24430.0
2020-11-02,7920.0,20310.0,3770.0,13710.0,22060.0,45310.0,13420.0,6270.0,11510.0,4620.0,4830.0,31980.0,68430.0,33510.0,66600.0,6130.0,8260.0,5560.0,13450.0,9900.0,40370.0,36750.0,26950.0,6640.0,47330.0,80690.0,78530.0,7630.0,85500.0,24630.0
2020-11-03,8080.0,20570.0,3770.0,13620.0,22520.0,45630.0,14270.0,6260.0,11550.0,4620.0,4890.0,32049.999999999996,68030.0,33750.0,66600.0,6220.0,8260.0,5620.0,13600.0,10180.0,40370.0,36410.0,26910.0,6640.0,46390.0,81150.0,78590.0,7670.0,85500.0,24680.0
2020-11-04,8250.0,20750.0,3820.0,13800.0,22600.0,46740.0,14270.0,6480.0,11530.0,4620.0,4940.0,32659.999999999996,68190.0,33620.0,66600.0,6300.0,8260.0,5680.0,13650.0,10240.0,40370.0,36410.0,26950.0,6640.0,45990.0,81150.0,78840.0,7760.0,85500.0,25060.0
2020-11-05,8050.000000000001,20380.0,3770.0,13650.0,22190.0,46490.0,13700.0,6480.0,11370.0,4620.0,4900.0,32659.999999999996,71190.0,33620.0,66230.0,6220.0,8260.0,5590.0,13350.0,10090.0,40370.0,36410.0,26880.0,6640.0,46440.0,81310.0,79390.0,7600.0,85500.0,25210.0
2020-11-06,8119.999999999999,20380.0,3770.0,13650.0,22350.0,46030.0,14030.0,6450.0,11430.0,4620.0,4830.0,33050.0,72800.0,33060.0,66080.0,6330.0,8260.0,5560.0,13350.0,10000.0,40370.0,36410.0,26880.0,6640.0,46710.0,81310.0,79390.0,7530.0,85500.0,24720.0
2020-11-09,8210.0,20490.0,3770.0,13960.0,22780.0,46410.0,14170.0,6530.0,11850.0,4620.0,4890.0,34170.0,77420.0,33280.0,65960.0,6680.0,8260.0,5680.0,13700.0,10200.0,40370.0,36630.0,27690.0,6640.0,47150.0,81540.0,79390.0,7640.0,85500.0,25210.0
2020-11-10,8180.0,20570.0,3820.0,13800.0,22600.0,46930.0,14520.0,6550.0,11760.0,4440.0,4850.0,34740.0,77260.0,33380.0,65330.0,6680.0,8260.0,5730.0,13600.0,10230.0,40370.0,36460.0,27480.0,6640.0,46930.0,87230.0,78460.0,7610.0,85500.0,25790.0
2020-11-11,8210.0,20570.0,3880.0,13760.0,22600.0,47590.0,14990.0,6630.0,11760.0,4390.0,4890.0,34790.0,77260.0,34000.0,65269.99999999999,6680.0,8260.0,5680.0,13600.0,10180.0,40370.0,36370.0,27200.0,6620.0,47020.0,87540.0,78460.0,7610.0,85500.0,25590.0
2020-11-12,8530.0,20670.0,3880.0,13980.0,22820.0,47710.0,15590.0,6650.0,11830.0,4330.0,5010.0,34740.0,75400.0,34980.0,65840.0,6880.0,8260.0,5680.0,13700.0,10320.0,40370.0,37010.0,27410.0,6650.0,47460.0,86690.0,78110.0,7640.0,85500.0,26270.0
2020-11-13,8560.0,21040.0,3880.0,14410.0,22940.0,47780.0,15630.0,6650.0,12020.0,4550.0,5160.0,34440.0,72960.0,34980.0,66420.0,6790.0,8260.0,5760.0,13900.0,10650.0,40370.0,37230.0,27800.0,6670.0,47730.0,86690.0,78370.0,7850.0,85500.0,26270.0
2020-11-16,8470.0,20820.0,3880.0,14390.0,22740.0,47130.0,15410.0,6480.0,12130.0,4430.0,5100.0,34320.0,67940.0,34550.0,65269.99999999999,6680.0,8260.0,5730.0,13650.0,10600.0,40370.0,36750.0,27200.0,6650.0,45330.0,85540.0,78180.0,7740.0,85500.0,25930.0
2020-11-17,8790.0,21040.0,4040.0,14660.0,23040.0,49080.0,16470.0,6610.0,12540.0,4440.0,5230.0,35310.0,68830.0,35260.0,65410.0,6790.0,8260.0,5910.0,13850.0,10810.0,40370.0,37520.0,27800.0,6650.0,47110.0,86920.0,78530.0,8010.0,85500.0,26270.0
2020-11-18,8790.0,20900.0,4040.0,14770.0,23040.0,52020.0,17480.0,6590.0,13010.0,4470.0,5260.0,36820.0,67140.0,34820.0,65910.0,6790.0,8260.0,5960.0,14200.0,10810.0,40370.0,37520.0,27450.0,6670.0,46620.0,87310.0,79840.0,7990.0,85500.0,26560.0
2020-11-19,8790.0,21100.0,4150.0,15020.0,23510.0,53370.0,17750.0,6530.0,13230.0,4470.0,5220.0,37860.0,66400.0,35260.0,69540.0,6720.0,8260.0,5980.0,14200.0,10830.0,40370.0,38650.0,27510.0,6880.0,46220.0,87460.0,80080.0,8170.0,85500.0,26940.0
2020-11-20,8820.0,21500.0,4040.0,14970.0,23540.0,53170.0,17480.0,6630.0,13430.0,4550.0,5160.0,38510.0,66400.0,34880.0,68920.0,6720.0,8260.0,5900.0,14150.0,10830.0,40370.0,39630.0,27870.0,6850.0,46130.0,91460.0,80940.0,8170.0,85500.0,26700.0
2020-11-23,8820.0,21450.0,4260.0,14840.0,23850.0,54280.0,17020.0,6610.0,14100.0,4530.0,5140.0,38510.0,67290.0,35640.0,68390.0,6680.0,8260.0,6060.0,14600.0,10920.0,40370.0,39240.0,28620.0,6790.0,46130.0,91460.0,80710.0,8170.0,85500.0,26750.0
2020-11-24,8820.0,21240.0,4210.0,14770.0,23720.0,53630.0,16830.0,6560.0,14100.0,4530.0,5180.0,38990.0,66400.0,35260.0,67920.0,6630.0,8260.0,6140.0,14500.0,10940.0,40370.0,39590.0,29750.0,6790.0,46220.0,90770.0,79990.0,8210.0,85500.0,26990.0
2020-11-25,8820.0,21550.0,4210.0,14880.0,23540.0,53770.0,17390.0,6520.0,13390.0,4590.0,5210.0,38990.0,66650.0,35260.0,68990.0,6720.0,8260.0,6230.0,14350.0,10920.0,40370.0,40060.0,29650.0,6800.0,46930.0,91540.0,80640.0,8550.0,85500.0,27280.0
2020-11-26,8860.0,22230.0,4040.0,15350.0,23760.0,54150.0,17850.0,6550.0,13200.0,4570.0,5220.0,39900.0,67780.0,35520.0,70000.0,6720.0,8260.0,6200.0,14500.0,10920.0,40370.0,40260.0,29360.0,6800.0,47150.0,92380.0,80210.0,8730.0,85500.0,26940.0
2020-11-27,8790.0,22150.0,4040.0,15350.0,23980.0,54280.0,17520.0,6990.0,13640.0,4570.0,5360.0,40500.0,67780.0,36370.0,69470.0,6680.0,8260.0,6270.0,14500.0,10960.0,40370.0,40480.0,29470.0,6800.0,46750.0,91540.0,80140.0,8650.0,85500.0,26800.0
2020-11-30,8790.0,21770.0,3940.0,15110.0,23630.0,54280.0,17120.0,7180.0,13350.0,4660.0,5450.0,39460.0,66400.0,36530.0,69470.0,6680.0,8260.0,6240.0,14650.0,11160.0,40370.0,39850.0,29330.0,6710.0,46170.0,90380.0,78970.0,8590.0,85500.0,27230.0
2020-12-01,8820.0,21770.0,3990.0,15280.0,23540.0,54280.0,17160.0,7260.0,13390.0,4710.0,5580.0,40080.0,67220.0,36530.0,70190.0,6790.0,8260.0,6280.0,15450.0,11330.0,40370.0,39410.0,29580.0,7180.0,46660.0,90770.0,80080.0,8940.0,85500.0,27280.0
2020-12-02,9230.0,21660.0,3990.0,15220.0,23720.0,54600.0,17290.0,7190.0,13270.0,4740.0,5720.0,40380.0,67370.0,35900.0,71400.0,6840.0,8260.0,6390.0,15400.0,11620.0,40370.0,40060.0,30250.0,7670.0,46660.0,91920.0,79560.0,8870.0,85500.0,27520.0
2020-12-03,9230.0,21710.0,4100.0,15250.0,23720.0,54930.0,17240.0,7110.0,13850.0,4870.0,5620.0,40290.0,67540.0,36110.0,70730.0,6790.0,8260.0,6550.0,15650.0,11580.0,40370.0,40060.0,30140.0,7890.0,47020.0,91380.0,79910.0,9070.0,85500.0,27430.0
2020-12-04,9230.0,21740.0,4210.0,15650.0,23760.0,55580.0,18450.0,7070.0,13900.0,4790.0,5610.0,40730.0,69650.0,35870.0,73270.0,6680.0,8260.0,6490.0,15600.0,11480.0,40370.0,39030.0,30140.0,7930.0,47020.0,91150.0,79560.0,8900.0,85500.0,27040.0
2020-12-07,9230.0,22440.0,4320.0,15650.0,23760.0,56110.0,18670.0,7120.0,14360.0,4810.0,5590.0,40500.0,69650.0,35990.0,75080.0,6720.0,8260.0,6660.0,15550.0,11600.0,40370.0,39890.0,30070.0,7800.0,47020.0,90770.0,80300.0,9000.0,85500.0,27330.0
2020-12-08,9230.0,22280.0,4320.0,15550.0,23980.0,55980.0,18670.0,7230.0,14440.0,4790.0,5720.0,40640.0,69240.0,36050.0,74730.0,6880.0,8260.0,7100.0,15850.0,11580.0,40370.0,39890.0,29970.0,7930.0,46660.0,91150.0,79710.0,9080.0,85500.0,27230.0
2020-12-09,9230.0,22870.0,4540.0,15550.0,24520.0,55980.0,18800.0,7390.0,14480.0,4870.0,5720.0,40780.0,69160.0,36210.0,72730.0,6840.0,8260.0,7350.0,15900.0,11920.0,40370.0,41350.0,30180.0,7830.0,47110.0,92310.0,80080.0,9120.0,85500.0,27430.0
2020-12-10,9040.0,22940.0,4490.0,15330.0,24110.0,54870.0,18350.0,7260.0,14150.0,4810.0,5630.0,40500.0,67940.0,35830.0,71860.0,6720.0,8260.0,7390.0,15550.0,11700.0,40370.0,41630.0,29680.0,7700.0,46620.0,92150.0,81740.0,8960.0,85500.0,27230.0
2020-12-11,9120.0,23890.0,4600.0,15670.0,24310.0,55980.0,19230.0,7260.0,14590.0,4850.0,5750.0,40420.0,68430.0,35990.0,74250.0,6790.0,8260.0,7630.0,15800.0,11870.0,40370.0,41630.0,30180.0,7800.0,47460.0,94000.0,82190.0,9070.0,85500.0,27620.0
2020-12-14,9120.0,24280.0,4880.0,15960.0,24380.0,56560.0,20560.0,7290.0,14760.0,4870.0,5850.0,40420.0,68430.0,36430.0,74000.0,6770.0,8260.0,8150.0,15950.0,12130.0,40370.0,42790.0,30890.0,7740.0,48390.0,97690.0,82760.0,9200.0,85500.0,28970.0
2020-12-15,9050.0,24060.0,4770.0,15790.0,24180.0,55530.0,21390.0,7260.0,14520.0,4810.0,5750.0,40330.0,68430.0,36300.0,72170.0,6680.0,8260.0,8260.0,15950.0,12100.0,40370.0,41900.0,30530.0,7760.0,47550.0,96150.0,81160.0,9000.0,85500.0,29070.0
2020-12-16,9120.0,24740.0,4770.0,15960.0,24350.0,55780.0,21430.0,7300.0,14590.0,4950.0,5950.0,40290.0,68430.0,36370.0,72220.0,6720.0,8260.0,8119.999999999999,16600.0,12940.0,40370.0,42790.0,30610.0,7890.0,47550.0,98540.0,81450.0,9380.0,85500.0,29460.0
2020-12-17,9150.0,24220.0,4880.0,15590.0,24110.0,54670.0,22070.0,7420.0,14170.0,4900.0,5920.0,40200.0,68840.0,35740.0,71830.0,6720.0,8260.0,8119.999999999999,16600.0,13120.0,40370.0,41130.0,30070.0,7960.0,46530.0,95850.0,80580.0,9490.0,85500.0,28730.0
2020-12-18,9180.0,24540.0,5090.0,15830.0,24280.0,55200.0,23320.0,7730.0,14520.0,4950.0,6190.0,39760.0,68920.0,36210.0,73200.0,6790.0,8260.0,8690.0,17000.0,13510.0,40370.0,42380.0,30290.0,8070.0,46530.0,96150.0,80580.0,10140.0,85500.0,29120.0
2020-12-21,9350.0,24770.0,5430.0,15940.0,24520.0,56110.0,24920.0,8130.000000000001,14500.0,5070.0,6230.0,39590.0,68670.0,36600.0,72550.0,7030.0,8260.0,9290.0,17000.0,13600.0,40370.0,42710.0,30920.0,8200.0,47280.0,96770.0,81010.0,10570.0,85500.0,29360.0
2020-12-22,9290.0,24470.0,5430.0,15920.0,24790.0,55450.0,26630.0,8020.0,14790.0,5300.0,6210.0,39850.0,67860.0,37750.0,72370.0,7150.0,8260.0,9590.0,17150.0,13510.0,40370.0,42280.0,30860.0,8130.000000000001,46970.0,95080.0,80210.0,10570.0,85500.0,29260.0
2020-12-23,9080.0,24330.0,5320.0,15780.0,24520.0,55070.0,25380.0,7830.0,15050.0,5180.0,6140.0,39630.0,67860.0,37190.0,71460.0,7080.0,8260.0,9340.0,16700.0,13280.0,40370.0,42110.0,31030.0,7950.0,46970.0,94310.0,80430.0,10260.0,85500.0,29550.0
2020-12-24,8820.0,23750.0,5200.0,15530.0,24310.0,54540.0,25010.0,7560.0,15020.0,5060.0,6110.0,39850.0,67770.0,36740.0,71830.0,6790.0,8260.0,9180.0,16500.0,12940.0,40370.0,42020.0,30640.0,7800.0,46970.0,94620.0,79340.0,10090.0,85500.0,28920.0
2020-12-25,9040.0,24330.0,5320.0,15880.0,24570.0,54740.0,26770.0,7830.0,15330.0,5090.0,6190.0,39590.0,67610.0,37310.0,71830.0,6840.0,8260.0,9820.0,16950.0,13670.0,40370.0,42160.0,31100.0,7960.0,47060.0,96850.0,79560.0,10420.0,85500.0,29410.0
2020-12-28,8990.0,24770.0,5660.0,15690.0,24700.0,56500.0,28020.0,7770.0,15630.0,5090.0,6170.0,39630.0,67530.0,36930.0,71500.0,6840.0,8260.0,10370.0,16750.0,13740.0,40370.0,42330.0,31140.0,7950.0,47060.0,96080.0,79340.0,10350.0,85500.0,29410.0
2020-12-29,8950.0,25240.0,5600.0,15620.0,25010.0,56620.0,27130.0,7710.0,15650.0,5070.0,6150.0,39850.0,68190.0,36910.0,72510.0,6770.0,8260.0,10270.0,16700.0,13770.0,40370.0,42840.0,32060.000000000004,8000.0,47330.0,96620.0,79710.0,10160.0,85500.0,30570.0
2020-12-30,8990.0,25080.0,5600.0,15710.0,24790.0,56500.0,26220.0,7700.0,15370.0,5070.0,6140.0,39630.0,68430.0,36930.0,72550.0,6680.0,8260.0,10200.0,16800.0,13840.0,40370.0,42280.0,32030.0,8029.999999999999,48220.0,95770.0,79390.0,10190.0,85500.0,30280.0
2020-12-31,9080.0,25430.0,5490.0,15810.0,25210.0,56300.0,27550.0,7740.0,15590.0,5090.0,6160.0,40290.0,72850.0,37440.0,70730.0,6680.0,8260.0,10730.0,16900.0,14580.0,40370.0,42280.0,31780.0,7890.0,48080.0,96150.0,79390.0,10420.0,85500.0,30320.0
2021-01-04,9250.0,25610.0,5660.0,16239.999999999998,25680.0,57740.0,27080.0,7860.0,15910.0,5210.0,6410.0,40930.0,72850.0,37980.0,72330.0,6770.0,8260.0,10960.0,17550.0,15270.0,40370.0,42760.0,32670.0,8029.999999999999,47990.0,96770.0,79780.0,10970.0,85500.0,30570.0
2021-01-05,9490.0,25430.0,5540.0,16190.000000000002,26750.0,58510.0,27130.0,8070.0,15930.0,5550.0,6740.0,40730.0,73180.0,38390.0,72170.0,6960.0,8260.0,10930.0,17700.0,15300.0,40370.0,42880.0,33940.0,8580.0,48750.0,96000.0,81620.0,11000.0,85500.0,32159.999999999996
2021-01-06,9660.0,25910.0,5760.0,17310.0,26620.0,58770.0,26440.0,8360.0,16100.000000000002,5750.0,6770.0,40930.0,72370.0,38200.0,72000.0,7000.0,8260.0,11010.0,18000.0,15360.0,40370.0,45350.0,33660.0,8580.0,48970.0,95150.0,80870.0,11020.0,85500.0,32060.000000000004
2021-01-07,9660.0,25950.0,6040.0,17780.0,26650.0,60270.0,26030.0,8740.0,16100.000000000002,5720.0,6950.0,40500.0,75400.0,38040.0,71740.0,7540.0,8260.0,11150.0,18450.0,16010.000000000002,40370.0,46220.0,33660.0,8520.0,48930.0,95850.0,81330.0,11180.0,85500.0,32740.000000000004
2021-01-08,9760.0,25740.0,6320.0,17710.0,27020.0,60270.0,26680.0,8830.0,16079.999999999998,5770.0,7120.0,42020.0,76300.0,38360.0,71890.0,7510.0,8260.0,11060.0,19400.0,16510.0,40370.0,45260.0,34230.0,8440.0,49680.0,97310.0,82490.0,11390.0,85500.0,34280.0
2021-01-11,9800.0,25610.0,6870.0,17710.0,27600.0,60660.0,27000.0,8750.0,16180.0,5720.0,7060.0,42930.0,77110.0,39730.0,73390.0,7390.0,8260.0,10870.0,20100.0,16320.0,40370.0,45130.0,36600.0,8370.0,50570.0,101000.0,85360.0,11280.0,85500.0,35880.0
2021-01-12,9740.0,25880.0,6980.0,17610.0,28070.0,60850.0,27410.0,8720.0,16890.0,5630.0,7000.0,42890.0,77030.0,39730.0,74540.0,7390.0,8260.0,11050.0,19800.0,16239.999999999998,40370.0,45600.0,36710.0,8370.0,50840.0,101150.0,85670.0,11180.0,85500.0,35440.0
2021-01-13,9650.0,25720.0,6870.0,17680.0,28360.0,60460.0,29290.0,8750.0,16810.0,5720.0,6960.0,43060.0,76460.0,39730.0,75110.0,7510.0,8260.0,10850.0,19500.0,16270.0,40370.0,45260.0,35820.0,8440.0,49370.0,101000.0,84340.0,11430.0,85500.0,34960.0
2021-01-14,9650.0,25940.0,6920.0,17900.0,28320.0,59870.0,30040.0,8740.0,16710.0,5920.0,7070.0,42890.0,75640.0,40270.0,74360.0,7510.0,8260.0,11460.0,20100.0,16540.0,40370.0,44880.0,35360.0,8560.0,49060.0,100540.0,83310.0,11780.0,85500.0,35350.0
2021-01-15,9770.0,25940.0,6980.0,18070.0,28410.0,59550.0,29800.0,9090.0,16730.0,6150.0,7160.0,42460.0,76220.0,40240.0,72730.0,7540.0,8260.0,11970.0,21100.0,17050.0,40370.0,44570.0,36070.0,8680.0,49420.0,101380.0,83900.0,11940.0,85500.0,35440.0
2021-01-18,9680.0,25820.0,6810.0,17660.0,28280.0,58900.0,30630.0,8880.0,16770.0,6060.0,7010.0,42460.0,77940.0,39790.0,72690.0,7300.0,8260.0,11760.0,20600.0,16760.0,40370.0,44620.0,35860.0,8580.0,49020.0,101540.0,83460.0,11680.0,85500.0,36070.0
2021-01-19,9010.0,24020.0,6260.0,16420.0,26440.0,55260.0,29140.0,8270.0,15650.0,5680.0,6530.0,40500.0,74490.0,37780.0,70010.0,6630.0,8260.0,10960.0,19200.0,15690.0,40370.0,42760.0,34370.0,8029.999999999999,45640.0,98380.0,79340.0,10870.0,85500.0,36020.0
2021-01-20,9150.0,24160.0,6540.0,16309.999999999998,27020.0,56230.0,28510.0,8310.0,15680.0,5680.0,6530.0,40840.0,74490.0,38670.0,70620.0,6960.0,8260.0,10780.0,19000.0,15960.0,40370.0,42790.0,34620.0,8010.0,45910.0,100000.0,80300.0,10970.0,85500.0,35540.0
2021-01-21,9350.0,24680.0,6710.0,16930.0,27970.0,56890.0,29290.0,8410.0,16630.0,5840.0,6910.0,42020.0,74990.0,39360.0,70380.0,7000.0,8260.0,11190.0,20000.0,16760.0,40370.0,44480.0,35150.0,8300.0,46710.0,100770.0,81240.0,11600.0,85500.0,35350.0
2021-01-22,9250.0,24020.0,6590.0,17200.0,28540.0,56300.0,29530.0,8500.0,16410.0,5900.0,6860.0,41810.0,76460.0,40050.0,70380.0,6840.0,8260.0,10930.0,19950.0,16800.0,40370.0,44480.0,35260.0,8310.0,46660.0,102920.0,80090.0,11700.0,85500.0,35640.0
2021-01-25,9080.0,23690.0,6370.0,16830.0,28590.0,55070.0,29840.0,8360.0,16440.0,5870.0,6760.0,41550.0,79490.0,41560.0,70380.0,6550.0,8260.0,10920.0,19350.0,16560.0,40370.0,44260.0,35330.0,8310.0,46570.0,102770.0,79710.0,11510.0,85500.0,36510.0
2021-01-26,8990.0,22590.0,6100.0,15780.0,28150.0,54150.0,27780.0,8000.0,15910.0,5690.0,6860.0,41160.0,78260.0,41560.0,68910.0,6450.0,8260.0,10370.0,18100.0,16190.000000000002,40370.0,43580.0,34790.0,8050.000000000001,45110.0,100770.0,78590.0,10850.0,85500.0,35730.0
2021-01-27,8880.0,21930.0,5660.0,14910.0,26870.0,51370.0,25850.0,7590.0,15150.0,5550.0,6430.0,40080.0,75150.0,42050.0,67760.0,6130.0,8260.0,9660.0,17250.0,15500.0,40370.0,42070.0,33340.0,8130.000000000001,44440.0,100620.0,76080.0,10210.0,85500.0,33270.0
2021-01-28,8270.0,20410.0,4920.0,13880.0,25010.0,47780.0,24050.0,7070.0,14100.0,5180.0,5990.0,38080.0,69910.0,39110.0,63040.0,5540.0,8260.0,8990.0,16050.0,14440.0,40370.0,39130.0,31030.0,7580.0,41330.0,93620.0,70780.0,9500.0,85500.0,30950.0
2021-01-29,8670.0,21190.0,5320.0,13960.0,26750.0,49610.0,22450.0,7260.0,14720.0,5210.0,6280.0,40460.0,70060.0,41780.0,58650.0,5750.0,8260.0,9340.0,16900.0,14810.0,40370.0,40170.0,33200.0,7680.0,44170.0,96770.0,75730.0,9610.0,85500.0,30950.0
2021-02-01,8610.0,20760.0,4990.0,14630.0,27100.0,48890.0,20880.0,7230.0,14420.0,4940.0,5900.0,39630.0,67200.0,38940.0,62740.0,5310.0,8260.0,8690.0,16100.000000000002,14910.0,40370.0,39340.0,31350.0,7550.0,44000.0,96540.0,75640.0,9930.0,85500.0,28970.0
2021-02-02,8840.0,20890.0,5270.0,15510.0,28150.0,49740.0,21520.0,7560.0,15230.0,5090.0,6260.0,40080.0,68840.0,40300.0,64930.00000000001,5780.0,8260.0,9010.0,17150.0,15730.0,40370.0,41670.0,33520.0,7760.0,47060.0,99770.0,78360.0,10630.0,85500.0,30860.0
2021-02-03,9080.0,21950.0,5870.0,15960.0,29860.0,52020.0,22990.0,7830.0,15790.0,5440.0,6500.0,40500.0,72850.0,40140.0,64930.00000000001,6100.0,8260.0,9620.0,18000.0,16190.000000000002,40370.0,42710.0,34510.0,8250.0,47770.0,100770.0,80800.0,11370.0,85500.0,31970.0
2021-02-04,9120.0,22030.0,6040.0,15880.0,30920.0,52660.0,23410.0,7680.0,15720.0,5480.0,6440.0,40240.0,73350.0,40470.0,66050.0,6060.0,8260.0,9620.0,17600.0,16190.000000000002,40370.0,42710.0,34940.0,8220.0,46660.0,100460.0,80150.0,11740.0,85500.0,31480.0
2021-02-05,9210.0,22190.0,6100.0,16379.999999999998,31100.0,52790.0,23640.0,7860.0,15980.0,5750.0,6630.0,40380.0,73430.0,41090.0,65990.0,6330.0,8260.0,10200.0,18300.0,16800.0,40370.0,43190.0,35260.0,8600.0,47770.0,100850.0,80720.0,11850.0,85500.0,31580.0
2021-02-08,8880.0,21280.0,6100.0,15570.0,30410.0,51370.0,22040.0,7640.0,15370.0,5810.0,6400.0,40290.0,70150.0,40470.0,63120.0,5930.0,8260.0,9920.0,17400.0,16190.000000000002,40370.0,40640.0,33620.0,8470.0,44880.0,95850.0,77570.0,11540.0,85500.0,29840.0
2021-02-09,9230.0,21660.0,6320.0,16190.000000000002,31820.0,52850.0,22110.0,7860.0,15720.0,6040.0,6630.0,40290.0,72690.0,40770.0,65349.99999999999,6100.0,8260.0,10290.0,18150.0,16660.0,40370.0,41980.0,34370.0,8750.0,47190.0,99230.0,79560.0,12330.0,85500.0,30470.0
2021-02-17,9500.0,22340.0,6810.0,16830.0,33220.0,56500.0,23640.0,8280.0,16340.0,6100.0,6910.0,40890.0,75400.0,43450.0,65800.0,6330.0,8260.0,10870.0,18750.0,17770.0,40370.0,43190.0,35860.0,9180.0,47990.0,100770.0,80090.0,13200.0,85500.0,32590.000000000004
2021-02-18,9430.0,23020.0,6870.0,16830.0,33360.0,58570.0,25250.0,8310.0,16490.0,6020.0,7010.0,41160.0,77940.0,43930.0,69830.0,6220.0,8260.0,10780.0,18600.0,18000.0,40370.0,44050.0,36640.0,9110.0,48880.0,101380.0,80300.0,13230.0,85500.0,33660.0
2021-02-19,10050.0,23410.0,6710.0,16930.0,32680.0,57790.0,25850.0,8340.0,16340.0,6040.0,7190.0,41160.0,77770.0,43340.0,69550.0,6260.0,8260.0,10740.0,18700.0,17910.0,40370.0,43750.0,36600.0,9140.0,48440.0,101380.0,79560.0,13020.0,85500.0,33320.0
2021-02-22,10220.0,23220.0,6750.0,16930.0,32759.999999999996,57340.0,25710.0,8410.0,16320.0,6040.0,7150.0,41160.0,77530.0,43140.0,68910.0,6170.0,8260.0,10650.0,18600.0,17860.0,40370.0,43450.0,37560.0,9160.0,48750.0,101230.0,79180.0,13130.0,85500.0,32980.0
2021-02-23,10240.0,23350.0,6920.0,16950.0,32220.0,58120.0,27500.0,8460.0,16280.000000000002,5990.0,7340.0,40890.0,75970.0,42880.0,67470.0,6410.0,8260.0,10890.0,18800.0,18410.0,40370.0,43190.0,37380.0,9050.0,48880.0,103080.0,78830.0,12980.0,85500.0,33220.0
2021-02-24,10080.0,22870.0,6710.0,17160.0,32170.0,57280.0,26490.0,8290.0,16400.0,5870.0,7230.0,40970.0,74570.0,42120.0,67220.0,6300.0,8260.0,10830.0,18350.0,18090.0,40370.0,42380.0,36500.0,9100.0,48080.0,101460.0,77930.0,12710.0,85500.0,32549.999999999996
2021-02-25,10480.0,22810.0,6870.0,17070.0,32500.0,57980.0,26580.0,8310.0,16610.0,5990.0,7310.0,41030.0,73430.0,42720.0,68000.0,6260.0,8260.0,10830.0,18500.0,18090.0,40370.0,42420.0,36500.0,9350.0,48390.0,103850.0,77050.0,12680.0,85500.0,32590.000000000004
2021-02-26,10680.0,23140.0,6810.0,17050.0,32500.0,58050.0,26530.0,8200.0,17150.0,6040.0,7410.0,41030.0,74010.0,42510.0,68200.0,6260.0,8260.0,10750.0,18350.0,18170.0,40370.0,42420.0,36070.0,9650.0,48440.0,103920.0,77190.0,12830.0,85500.0,32060.000000000004
2021-03-01,10740.0,23410.0,7700.0,17420.0,33220.0,59740.0,27130.0,8410.0,17370.0,6450.0,7600.0,41240.0,74820.0,42450.0,68130.0,6370.0,8260.0,11330.0,19100.0,18610.0,40370.0,42840.0,36570.0,10320.0,48220.0,104770.0,77800.0,13070.0,85500.0,33080.0
2021-03-02,10660.0,23380.0,7700.0,17370.0,33220.0,59160.0,27500.0,8700.0,17560.0,6610.0,7520.0,40730.0,74490.0,42760.0,67800.0,6330.0,8260.0,11360.0,19150.0,18650.0,40370.0,42880.0,36500.0,10600.0,48080.0,105920.0,77270.0,13050.0,85500.0,33510.0
2021-03-03,10740.0,23240.0,7760.0,17660.0,33150.0,59160.0,27220.0,8780.0,17600.0,6550.0,7490.0,41490.0,74160.0,42880.0,66850.0,6330.0,8260.0,11290.0,19000.0,18670.0,40370.0,42500.0,36040.0,10500.0,47510.0,105540.0,76990.0,13330.0,85500.0,34280.0
2021-03-04,10480.0,22700.0,8590.0,17520.0,32380.000000000004,59090.0,26440.0,8540.0,17250.0,6360.0,7270.0,41110.0,72450.0,41820.0,65090.0,6220.0,8260.0,10830.0,18350.0,18070.0,40370.0,42020.0,35510.0,10210.0,47510.0,105230.0,76160.0,13290.0,85500.0,33370.0
2021-03-05,10490.0,22510.0,8920.0,17370.0,32380.000000000004,60130.0,26720.0,8420.0,17290.0,6470.0,7310.0,41030.0,73100.0,41630.0,64540.00000000001,6220.0,8260.0,10830.0,18700.0,18140.0,40370.0,41630.0,34940.0,10530.0,47240.0,105230.0,75870.0,13400.0,85500.0,33370.0
2021-03-08,10280.0,22540.0,9080.0,17330.0,32330.0,61760.0,27030.0,8460.0,17420.0,6450.0,7390.0,42460.0,71620.0,41190.0,64000.0,6220.0,8260.0,10870.0,18600.0,17970.0,40370.0,41120.0,34510.0,10480.0,47110.0,104620.0,75280.0,13230.0,85500.0,33270.0
2021-03-09,10360.0,22220.0,8640.0,17020.0,31990.0,60920.0,26390.0,8460.0,17250.0,6450.0,7310.0,42460.0,71050.0,40330.0,63260.0,6170.0,8260.0,10710.0,18550.0,18020.0,40370.0,41030.0,34870.0,10440.0,46350.0,103770.0,74030.0,13400.0,85500.0,32930.0
2021-03-10,10580.0,22280.0,8920.0,17180.0,32540.0,59810.0,26680.0,8500.0,17150.0,6550.0,7480.0,42280.0,71300.0,41090.0,63370.0,6410.0,8260.0,10730.0,18700.0,18190.0,40370.0,41250.0,35470.0,10430.0,47110.0,104230.0,74480.0,13460.0,85500.0,32980.0
2021-03-11,10660.0,22990.0,9310.0,17470.0,32710.0,60270.0,27130.0,8610.0,17450.0,6600.0,7560.0,42110.0,71540.0,41720.0,64349.99999999999,6790.0,8260.0,11000.0,19300.0,18580.0,40370.0,41590.0,35510.0,10500.0,47060.0,104690.0,75730.0,14010.0,85500.0,33170.0
2021-03-12,10650.0,23020.0,9140.0,17350.0,32640.0,59230.0,28420.0,8690.0,17470.0,6780.0,7560.0,42500.0,71540.0,41280.0,65090.0,6960.0,8260.0,10850.0,19200.0,18530.0,40370.0,41390.0,35470.0,10570.0,47060.0,103850.0,75280.0,14270.0,85500.0,33460.0
2021-03-15,10830.0,22830.0,9080.0,17370.0,32640.0,59230.0,27870.0,8690.0,17490.0,6730.0,7740.0,42670.0,72530.0,41780.0,64720.0,7000.0,8260.0,10750.0,18900.0,18560.0,40370.0,41590.0,35430.0,10620.0,47110.0,103850.0,75280.0,14350.0,85500.0,33270.0
2021-03-16,10810.0,22510.0,8870.0,17240.0,34540.0,58700.0,27080.0,8740.0,17340.0,6620.0,7670.0,42840.0,72120.0,41950.0,66040.0,7350.0,8260.0,10600.0,18900.0,18440.0,40370.0,41340.0,35330.0,10590.0,46840.0,103540.0,74400.0,14220.0,85500.0,33610.0
2021-03-17,10830.0,22990.0,9140.0,18080.0,34470.0,60330.0,27320.0,8970.0,17420.0,6680.0,7760.0,42810.0,72120.0,41820.0,65530.0,7440.0,8260.0,10570.0,19600.0,18650.0,40370.0,41300.0,35260.0,11190.0,46530.0,102690.0,74030.0,14300.0,85500.0,33660.0
2021-03-18,10970.0,23890.0,9080.0,18530.0,34540.0,59680.0,28240.0,8970.0,17520.0,6700.0,7810.0,42970.0,73510.0,42070.0,66040.0,7680.0,8260.0,10780.0,19700.0,19410.0,40370.0,42110.0,35400.0,11110.0,47370.0,103770.0,75510.0,14690.0,85500.0,33800.0
2021-03-19,10920.0,23890.0,9250.0,18510.0,34040.0,59090.0,27600.0,8840.0,17740.0,6700.0,7810.0,43540.0,72690.0,41880.0,65820.0,7710.0,8260.0,10780.0,19600.0,19430.0,40370.0,40680.0,34720.0,11110.0,48170.0,100380.0,74910.0,14480.0,85500.0,32840.0
2021-03-22,10790.0,23710.0,9310.0,18800.0,33570.0,58830.0,27320.0,8780.0,17590.0,6700.0,7670.0,43930.0,72200.0,41530.0,65450.0,7540.0,8260.0,10820.0,19200.0,19110.0,40370.0,41890.0,35260.0,10980.0,47680.0,102080.0,74270.0,14380.0,85500.0,33420.0
2021-03-23,10660.0,23190.0,9250.0,18530.0,33620.0,59680.0,27000.0,8640.0,17520.0,6680.0,7600.0,44490.0,70890.0,41250.0,65090.0,7390.0,8260.0,10650.0,18800.0,18720.0,40370.0,41390.0,35040.0,10820.0,47330.0,100770.0,73800.0,14270.0,85500.0,32980.0
2021-03-24,10490.0,22370.0,9080.0,17840.0,32850.0,58570.0,25890.0,8310.0,17090.0,6580.0,7390.0,45490.0,69740.0,40900.0,64170.0,7080.0,8260.0,10140.0,18400.0,18190.0,40370.0,40910.0,34510.0,10630.0,47950.0,98460.0,72710.0,14130.0,85500.0,32259.999999999996
2021-03-25,10360.0,22430.0,9080.0,18020.0,32680.0,58700.0,25380.0,8340.0,16930.0,6550.0,7390.0,46790.0,70480.0,40570.0,64000.0,7000.0,8830.0,9980.0,18750.0,18210.0,40370.0,41080.0,34330.0,10470.0,49060.0,98540.0,72530.0,13860.0,85500.0,31730.0
2021-03-26,10490.0,22340.0,9030.0,17870.0,32450.000000000004,57980.0,25110.0,8390.0,17370.0,6470.0,7360.0,45270.0,70390.0,40920.0,63260.0,7680.0,9440.0,10010.0,18950.0,18240.0,40370.0,40990.0,33980.0,10500.0,49950.0,100380.0,71740.0,13910.0,85500.0,31100.0
2021-03-29,10660.0,22590.0,9210.0,18300.0,33100.0,58180.0,25610.0,8480.0,17420.0,6740.0,7560.0,44410.0,70560.0,40950.0,63370.0,8410.0,10100.0,10170.0,19200.0,18310.0,40370.0,41170.0,34150.0,10680.0,50130.0,101230.0,72930.0,14270.0,85500.0,31920.0
2021-03-30,10760.0,22750.0,9140.0,18480.0,32900.0,58250.0,25940.0,8540.0,17470.0,7110.0,7580.0,43410.0,72530.0,40740.0,64000.0,9240.0,10790.0,10300.0,20500.0,18530.0,40370.0,40950.0,34190.0,11270.0,51990.0,101230.0,73070.0,14400.0,85500.0,31480.0
2021-03-31,10760.0,22810.0,9810.0,18370.0,33150.0,58310.0,25580.0,8610.0,17600.0,7120.0,7540.0,43750.0,75800.0,40830.0,65820.0,10100.0,11530.0,10290.0,21450.0,18690.0,40370.0,40950.0,34540.0,11770.0,52390.0,99770.0,72490.0,14310.0,85500.0,31580.0
2021-04-01,10940.0,23330.0,9980.0,18780.0,34000.0,58900.0,26170.0,8740.0,18240.0,7150.0,7810.0,44530.0,75640.0,42280.0,65450.0,10620.0,11560.0,11000.0,21600.0,18970.0,40370.0,41850.0,35150.0,12120.0,54660.0,101920.0,74400.0,14700.0,85500.0,32689.999999999996
2021-04-02,11200.0,23890.0,9860.0,18900.0,34040.0,58700.0,26030.0,8880.0,18450.0,7230.0,7930.0,44180.0,75970.0,42450.0,65820.0,10620.0,11570.0,11110.0,22600.0,19090.0,40370.0,42240.0,35750.0,12330.0,54660.0,101770.0,75640.0,14810.0,85500.0,32689.999999999996
2021-04-05,11230.0,24180.0,9980.0,19200.0,33960.0,58120.0,26030.0,9010.0,18550.0,7260.0,8150.0,44180.0,76220.0,42220.0,65630.0,9560.0,11520.0,11330.0,23150.0,19210.0,40370.0,44050.0,36110.0,12950.0,55240.0,101770.0,75580.0,14880.0,85500.0,33320.0
2021-04-06,11230.0,24290.0,10090.0,19670.0,33870.0,58310.0,25660.0,8990.0,18580.0,7160.0,8400.0,44110.0,75320.0,41980.0,65090.0,9750.0,11480.0,11330.0,22750.0,19530.0,40370.0,44010.0,36110.0,13030.0,56440.0,102310.0,74780.0,14880.0,85500.0,33800.0
2021-04-07,11120.0,24180.0,10030.0,19670.0,33960.0,57930.0,25760.0,9040.0,18600.0,7160.0,8520.0,44180.0,76870.0,42350.0,64720.0,9820.0,11480.0,11460.0,22300.0,19530.0,40370.0,44010.0,35680.0,12950.0,56750.0,102310.0,73740.0,14900.0,85500.0,34190.0
2021-04-08,11120.0,23780.0,9860.0,19490.0,33960.0,57860.0,26120.0,9140.0,18560.0,7190.0,8350.0,44150.0,76220.0,42180.0,63620.0,9900.0,11310.0,11410.0,22200.0,19410.0,40370.0,43190.0,35400.0,12450.0,55730.0,102310.0,73580.0,14970.0,85500.0,34090.0
2021-04-09,11120.0,23520.0,9860.0,19440.0,35020.0,57740.0,26220.0,9130.0,18640.0,7470.0,8400.0,43890.0,75470.0,41980.0,63620.0,9950.0,11350.0,11420.0,22700.0,19250.0,40370.0,42110.0,35110.0,12330.0,55500.0,101380.0,73530.0,15120.0,85500.0,33800.0
2021-04-12,11360.0,23750.0,9690.0,19760.0,35020.0,57150.0,26120.0,9090.0,19250.0,7750.0,8470.0,45050.0,75320.0,42480.0,64000.0,9980.0,11350.0,11830.0,23450.0,19500.0,40370.0,42710.0,36140.0,12890.0,58660.0,101380.0,73660.0,15710.0,85500.0,34090.0
2021-04-13,11180.0,23160.0,9250.0,19230.0,34430.0,55910.0,25340.0,9010.0,18850.0,7560.0,8330.0,44570.0,77200.0,42480.0,63400.0,9980.0,11190.0,11540.0,22700.0,19250.0,40370.0,42110.0,36390.0,12650.0,62530.0,101460.0,73660.0,15930.0,85500.0,34090.0
2021-04-14,11180.0,23350.0,9470.0,19560.0,34540.0,56230.0,25160.0,9090.0,19930.0,7580.0,8370.0,45140.0,82520.0,42640.0,63150.0,10100.0,10980.0,11640.0,22900.0,19340.0,40370.0,42640.0,35680.0,12720.0,62220.0,101540.0,73150.0,16050.0,85500.0,33800.0
2021-04-15,10940.0,22870.0,9310.0,19300.0,34130.0,55910.0,24510.0,8910.0,20500.0,7630.0,8200.0,45700.0,81950.0,42090.0,62780.0,10220.0,11060.0,11290.0,22350.0,18930.0,40370.0,42110.0,35930.0,12610.0,62620.0,101310.0,73010.0,16030.000000000002,85500.0,32840.0
2021-04-16,10700.0,22280.0,9310.0,19200.0,34000.0,55910.0,23460.0,8690.0,20540.0,7780.0,8090.0,45920.0,82040.0,42180.0,61840.0,10140.0,11190.0,11010.0,22100.0,18720.0,40370.0,41590.0,35860.0,12400.0,63550.0,99230.0,71370.0,15690.0,85500.0,32790.0
2021-04-19,10890.0,22830.0,9080.0,19440.0,34760.0,56690.0,23910.0,8900.0,21740.0,7980.0,8170.0,47000.0,87770.0,43270.0,62150.0,10540.0,11260.0,11280.0,22900.0,19250.0,40370.0,42550.0,37100.0,12650.0,63990.0,99380.0,70780.0,15880.0,85500.0,32790.0
2021-04-20,10860.0,22930.0,9200.0,19200.0,35370.0,57200.0,23170.0,8870.0,21520.0,8150.0,8170.0,46360.0,86460.0,44860.0,62150.0,10800.0,11260.0,11050.0,22500.0,19040.0,40370.0,44480.0,38560.0,13120.0,63590.0,100770.0,73150.0,15860.0,85500.0,33420.0
2021-04-22,10500.0,21770.0,8310.0,17900.0,34130.0,55780.0,21570.0,8570.0,20680.0,7730.0,7810.0,45490.0,80480.0,44860.0,61290.0,10890.0,11260.0,10290.0,21000.0,18360.0,40370.0,44480.0,36600.0,12950.0,61680.0,100310.0,72190.0,15710.0,85500.0,31100.0
2021-04-23,10790.0,22280.0,8580.0,18900.0,35410.0,55910.0,22300.0,8770.0,21210.0,8260.0,8109.999999999999,45920.0,81950.0,46450.0,62150.0,10620.0,10700.0,10690.0,22450.0,18740.0,40370.0,44920.0,37280.0,12950.0,61460.0,99620.0,73300.0,16350.000000000002,85500.0,31680.0
2021-04-26,10760.0,21500.0,8310.0,18160.0,34540.0,52980.0,21800.0,8640.0,20720.0,8510.0,7930.0,45920.0,77860.0,44860.0,62150.0,10650.0,10980.0,10270.0,22550.0,18260.0,40370.0,42590.0,35360.0,13090.0,58440.0,98080.0,70710.0,16990.0,85500.0,30080.0
2021-04-27,10990.0,21410.0,7800.0,18130.0,34430.0,52980.0,21520.0,8740.0,21170.0,8450.0,7930.0,45490.0,80310.0,44670.0,62080.0,10700.0,11020.0,10300.0,23100.0,18290.0,40370.0,42760.0,35510.0,12950.0,58700.0,97850.0,70490.0,17050.0,85500.0,29550.0
2021-04-28,10920.0,21550.0,7970.0,18180.0,34470.0,53250.0,22990.0,8750.0,21060.0,8410.0,8100.0,45700.0,81130.0,44080.0,62080.0,10770.0,10980.0,10410.0,24200.0,18480.0,40370.0,42760.0,35820.0,13320.0,58440.0,96920.0,69030.0,17630.0,85500.0,30420.0
2021-04-29,11200.0,21770.0,8189.999999999999,18660.0,34510.0,54280.0,23680.0,8880.0,21850.0,8830.0,8130.000000000001,46790.0,80310.0,44370.0,61110.0,10770.0,11000.0,10570.0,23900.0,18970.0,40370.0,43190.0,35260.0,13520.0,58220.0,96080.0,68870.0,18750.0,85500.0,30900.0
2021-05-04,11130.0,21930.0,7970.0,19670.0,35370.0,54150.0,23220.0,8870.0,22490.0,8830.0,8370.0,46790.0,78590.0,43890.0,58950.0,10350.0,10820.0,10650.0,24100.0,20090.0,40370.0,42790.0,35220.0,13470.0,59370.0,95380.0,67470.0,19060.0,85500.0,30230.0
2021-05-05,11410.0,22240.0,8920.0,19830.0,35370.0,55580.0,23220.0,9470.0,22290.0,8750.0,8490.0,46700.0,78670.0,44370.0,58650.0,10380.0,10840.0,10890.0,24700.0,21260.0,40370.0,43710.0,35360.0,13370.0,59420.0,95770.0,67780.0,19420.0,85500.0,30520.0
2021-05-06,11240.0,21900.0,8580.0,19630.0,35270.0,55200.0,23270.0,9380.0,22340.0,8540.0,8460.0,46960.0,78340.0,44700.0,57040.0,10590.0,11200.0,10650.0,24400.0,21790.0,40370.0,42880.0,35040.0,14220.0,58880.0,93850.0,65990.0,19800.0,85500.0,30130.0
2021-05-07,11370.0,21570.0,8310.0,20030.0,35410.0,54600.0,22800.0,9770.0,22870.0,8880.0,8460.0,47220.0,77860.0,44140.0,55940.0,10590.0,11260.0,10600.0,24000.0,21770.0,40370.0,41890.0,34480.0,14260.0,58660.0,91920.0,64090.0,19700.0,85500.0,29940.0
2021-05-10,11700.0,21990.0,8530.0,20490.0,36610.0,55910.0,22680.0,10040.0,23690.0,8960.0,8890.0,47220.0,83270.0,43480.0,55020.0,10380.0,11480.0,11240.0,24300.0,22260.0,40370.0,42380.0,35180.0,14340.0,58880.0,91690.0,68510.0,19970.0,85500.0,30660.0
2021-05-11,11580.0,22340.0,8580.0,20220.0,36350.0,55450.0,23220.0,9770.0,23320.0,8890.0,8760.0,47380.0,83180.0,43310.0,55650.0,10170.0,11480.0,11080.0,24650.0,21740.0,40370.0,42280.0,34790.0,14890.0,58220.0,91540.0,67180.0,20190.0,85500.0,29940.0
2021-05-12,11680.0,22640.0,8860.0,20590.0,36430.0,56170.0,24840.0,9850.0,23580.0,9120.0,8890.0,47220.0,85230.0,43930.0,55460.0,10250.0,11480.0,11280.0,26350.0,22780.0,40370.0,42020.0,34690.0,14980.0,57680.0,91540.0,67620.0,20510.0,85500.0,30130.0
2021-05-13,11700.0,22610.0,8690.0,21270.0,35830.0,55650.0,24370.0,9890.0,23130.0,9400.0,8830.0,47650.0,84410.0,44080.0,56380.0,11260.0,11590.0,11360.0,26300.0,22210.0,40370.0,41800.0,34440.0,14870.0,56220.0,90000.0,66670.0,20860.0,85500.0,29840.0
2021-05-14,11780.0,22480.0,8630.0,21500.0,36170.0,54670.0,24190.0,10180.0,23100.0,9590.0,8840.0,48130.0,88590.0,44860.0,56630.0,12370.0,12400.0,11440.0,26400.0,22510.0,40370.0,41850.0,34510.0,15150.0,55680.0,90690.0,65930.0,21340.0,85500.0,29600.0
2021-05-17,11810.0,22190.0,8530.0,21390.0,36560.0,53630.0,23320.0,10150.0,23270.0,9360.0,8810.0,48940.0,85390.0,44570.0,56500.0,12840.0,12890.0,11490.0,25950.0,22140.0,40370.0,41450.0,35790.0,14830.0,55100.0,87690.0,64230.00000000001,21090.0,85500.0,29650.0
2021-05-18,11710.0,21710.0,8630.0,21290.0,37120.0,53300.0,22800.0,9980.0,23850.0,9450.0,8910.0,49170.0,86140.0,44620.0,56320.0,12670.0,12910.0,11420.0,27300.0,22370.0,40370.0,40860.0,35110.0,14260.0,53770.0,86920.0,64090.0,21530.0,85500.0,28970.0
2021-05-19,11830.0,21710.0,8420.0,21960.0,38730.0,53040.0,23320.0,10260.0,24860.0,9680.0,9250.0,50340.0,88510.0,44620.0,56130.0,12710.0,13010.0,11660.0,28500.0,23180.0,40370.0,40640.0,35650.0,14700.0,53370.0,84620.0,64470.0,21630.0,85500.0,28340.0
2021-05-20,12090.0,22220.0,8140.000000000001,22370.0,40730.0,52520.0,22730.0,10420.0,25050.0,9670.0,9250.0,50650.0,93090.0,47220.0,55610.0,12550.0,13010.0,12470.0,29400.0,23220.0,40370.0,42760.0,36210.0,15030.0,54620.0,85380.0,64819.99999999999,21400.0,85500.0,28490.0
2021-05-21,12110.0,23750.0,8370.0,22070.0,40010.0,52660.0,23320.0,10390.0,24660.0,9670.0,9270.0,51160.0,91710.0,45780.0,54920.0,12590.0,13110.0,12640.0,28850.0,23510.0,40370.0,41800.0,36890.0,14890.0,54440.0,86690.0,65710.0,21710.0,85500.0,29310.0
2021-05-24,12110.0,24430.0,8580.0,23420.0,39880.0,53300.0,24920.0,10350.0,24600.0,9610.0,9300.0,51470.0,91780.0,45960.0,56280.0,12630.0,13360.0,12890.0,28900.0,23550.0,40370.0,42070.0,37640.0,14830.0,54260.0,87310.0,67180.0,21370.0,85500.0,29790.0
2021-05-25,12280.0,24780.0,8750.0,23380.0,40010.0,53900.0,24840.0,10590.0,25350.0,9830.0,9600.0,50910.0,93090.0,45960.0,57740.0,12710.0,14280.0,13260.0,29350.0,23870.0,40370.0,43100.0,37140.0,14830.0,54350.0,87150.0,66670.0,21400.0,85500.0,30130.0
2021-05-26,12420.0,24760.0,8630.0,23560.0,40640.0,53250.0,25250.0,10690.0,25500.0,10440.0,10040.0,50470.0,93090.0,45630.0,59890.0,12980.0,15230.0,13270.0,29500.0,24440.0,40370.0,43360.0,37530.0,15310.0,54080.0,86920.0,67010.0,21670.0,85500.0,30180.0
2021-05-27,12350.0,24100.0,8420.0,22970.0,40010.0,52070.0,25610.0,10420.0,25110.0,10760.0,9770.0,50250.0,90150.0,44820.0,59600.0,12760.0,15180.0,12830.0,29800.0,23790.0,40370.0,42640.0,37070.0,15500.0,53460.0,86920.0,66670.0,21560.0,85500.0,29700.0
2021-05-28,12570.0,25040.0,8750.0,23420.0,40420.0,53300.0,26440.0,10700.0,25240.0,11500.0,10100.0,50430.0,92190.0,44920.0,59050.0,13060.0,15980.0,13550.0,31850.0,24520.0,40370.0,43010.0,37140.0,15630.0,53240.0,86150.0,67100.0,21980.0,85500.0,29500.0
2021-05-31,13380.0,25850.0,9590.0,24290.0,41750.0,53700.0,26300.0,11010.0,26970.0,12300.0,10180.0,51120.0,90230.0,43610.0,56860.0,13160.0,16710.0,14400.0,33800.0,24850.0,40370.0,42590.0,36430.0,16660.0,52220.0,84620.0,66670.0,22180.0,85500.0,28390.0
2021-06-01,13600.0,25470.0,9820.0,24060.0,43150.0,54420.0,26070.0,11170.0,28410.0,12150.0,10230.0,51800.0,87680.0,42980.0,56320.0,13400.0,16750.0,14160.0,32400.0,24570.0,40370.0,44790.0,36920.0,17340.0,53330.0,81690.0,66220.0,22220.0,85500.0,29650.0
2021-06-02,14420.0,25170.0,10200.0,23790.0,42350.0,56820.0,25610.0,11080.0,27640.0,13000.0,10310.0,52710.0,86620.0,43700.0,55580.0,13450.0,17000.0,14910.0,32200.000000000004,24440.0,40370.0,45780.0,37070.0,17520.0,52220.0,82000.0,65850.0,22490.0,85500.0,29070.0
2021-06-03,14830.0,25910.0,10200.0,24520.0,42200.0,57400.0,26220.0,11660.0,27790.0,13910.0,11020.0,52470.0,86050.0,43760.0,56280.0,14010.0,17620.0,15840.0,32750.0,25360.0,40370.0,46090.0,37420.0,17980.0,52660.0,82230.0,66450.0,22620.0,85500.0,29460.0
2021-06-04,14640.0,26010.0,11370.0,24700.0,41950.0,59420.0,27500.0,11560.0,27900.0,13720.0,11130.0,51800.0,87930.0,43310.0,56190.0,14050.0,18640.0,15800.0,32150.0,25270.0,40370.0,45310.0,37100.0,17980.0,53770.0,82620.0,65930.0,22970.0,85500.0,31100.0
2021-06-07,13900.0,24840.0,11310.0,23790.0,40980.0,58960.0,28890.0,11300.0,26970.0,12900.0,10650.0,51750.0,85640.0,42850.0,56710.0,12980.0,17820.0,15280.0,30700.0,24240.0,40370.0,44480.0,37640.0,17550.0,54660.0,86000.0,66670.0,23070.0,85500.0,32210.0
2021-06-08,12980.0,23780.0,10250.0,22410.0,40040.0,57280.0,26920.0,10530.0,25600.0,12020.0,9990.0,51700.0,85230.0,42810.0,57330.0,12550.0,17620.0,14250.0,28600.0,22910.0,40370.0,43190.0,37380.0,16990.0,53240.0,90150.0,66900.0,22910.0,85500.0,30570.0
2021-06-09,13720.0,24120.0,10760.0,23100.0,40450.0,56820.0,26950.0,10880.0,25750.0,12840.0,10320.0,50220.0,85640.0,42940.0,57370.0,13530.0,16470.0,15130.0,29600.0,23510.0,40370.0,44050.0,37670.0,17850.0,52790.0,88690.0,66460.0,23010.0,85500.0,30610.0
2021-06-10,13780.0,23300.0,10250.0,22640.0,40570.0,55980.0,26220.0,10660.0,26410.0,12810.0,10150.0,50450.0,84490.0,42610.0,58510.0,12760.0,16930.0,15240.0,28900.0,23180.0,40370.0,43970.0,36960.0,17650.0,51770.0,87540.0,68770.0,23010.0,85500.0,29750.0
2021-06-11,14000.0,23990.0,10760.0,24200.0,41360.0,56560.0,26820.0,11230.0,27180.0,12840.0,10550.0,50590.0,86870.0,43140.0,60000.0,12880.0,17570.0,16230.0,30500.0,24340.0,40370.0,44400.0,37640.0,17940.0,52440.0,88850.0,68610.0,22970.0,85500.0,30420.0
2021-06-14,13780.0,23840.0,11310.0,24010.0,41520.0,58180.0,27370.0,11120.0,27440.0,12620.0,10510.0,51350.0,87610.0,43480.0,60510.0,12630.0,17620.0,17180.0,30800.0,24390.0,40370.0,44050.0,39020.0,17620.0,53330.0,89000.0,69000.0,22720.0,85500.0,30860.0
2021-06-15,14280.0,23840.0,11140.0,23830.0,41210.0,57660.0,29240.0,11330.0,27230.0,11920.0,10510.0,51840.0,87280.0,43420.0,61610.0,12100.0,16930.0,17180.0,30100.0,24200.0,40370.0,44400.0,39980.0,17280.0,54080.0,90000.0,69270.0,21310.0,85500.0,31730.0
2021-06-16,14030.0,24040.0,11700.0,23100.0,41170.0,59740.0,29480.0,11010.0,26520.0,11500.0,10350.0,52030.0,85390.0,43140.0,61800.0,11670.0,16309.999999999998,16309.999999999998,29200.0,23470.0,40370.0,44920.0,39060.0,16940.0,52930.0,89620.0,68460.0,21400.0,85500.0,31680.0
2021-06-17,14100.0,24370.0,11880.0,23100.0,40920.0,61050.0,31230.0,10960.0,26310.0,12120.0,10690.0,51800.0,84410.0,43760.0,60700.0,11770.0,16260.000000000002,16680.0,29400.0,23220.0,40370.0,45010.0,38700.0,17000.0,51990.0,89620.0,67890.0,21150.0,85500.0,31730.0
2021-06-18,14150.0,24500.0,11700.0,23420.0,41520.0,60270.0,31740.0,11170.0,26660.0,12150.0,10860.0,51670.0,87280.0,44400.0,62600.0,11890.0,16530.0,16680.0,29650.0,23590.0,40370.0,46870.0,39940.0,17140.0,52170.0,89230.0,68690.0,21310.0,85500.0,31390.0
2021-06-21,14040.0,23890.0,11880.0,23010.0,42400.0,60460.0,31740.0,10960.0,26210.0,11830.0,10890.0,51350.0,89080.0,45900.0,62150.0,11630.0,16390.0,16180.0,29850.0,23320.0,40370.0,46040.0,39760.0,17140.0,52170.0,87690.0,67570.0,21310.0,85500.0,30710.0
2021-06-22,14410.0,23890.0,11980.0,23740.0,42300.0,61690.0,31590.0,11200.0,26460.0,12080.0,11250.0,50680.0,88920.0,45960.0,61110.0,11770.0,16410.0,16350.000000000002,30200.0,23550.0,40370.0,46470.0,39590.0,17210.0,52220.0,88460.0,67570.0,21150.0,85500.0,30420.0
2021-06-23,14470.0,24100.0,11760.0,24110.0,42070.0,61050.0,30810.0,11170.0,26310.0,11830.0,11220.0,50910.0,87530.0,45340.0,62250.0,11630.0,16260.000000000002,16470.0,29750.0,23640.0,40370.0,47380.0,39520.0,17170.0,51950.0,88540.0,67120.0,22110.0,85500.0,30420.0
2021-06-24,14630.0,23990.0,11650.0,24420.0,41950.0,62280.0,32009.999999999996,11170.0,25910.0,12100.0,11250.0,50940.0,87280.0,45340.0,62860.0,11670.0,16280.000000000002,16580.0,29000.0,23550.0,40370.0,47810.0,39800.0,17000.0,52220.0,88850.0,66150.0,21980.0,85500.0,30900.0
2021-06-25,14680.0,24180.0,11930.0,24610.0,42200.0,63710.0,32150.0,11500.0,25950.0,12120.0,11280.0,50990.0,87200.0,45250.0,62860.0,11720.0,16430.0,17730.0,29500.0,23870.0,40370.0,48640.0,39800.0,16710.0,52220.0,89150.0,66900.0,21850.0,85500.0,30520.0
2021-06-28,14830.0,24900.0,12030.0,24880.0,42460.0,63710.0,33380.0,11740.0,26820.0,12400.0,11540.0,51580.0,89240.0,45810.0,62570.0,12100.0,16710.0,17810.0,30200.0,24800.0,40370.0,48640.0,41010.0,16990.0,51860.0,88850.0,66530.0,21790.0,85500.0,30710.0
2021-06-29,14720.0,24900.0,11880.0,24660.0,43910.0,62370.0,32840.0,11700.0,26520.0,12530.0,11640.0,51440.0,88920.0,46280.0,62020.0,12320.0,16780.0,18030.0,31000.0,24760.0,40370.0,49240.0,42110.0,17000.0,52440.0,92310.0,67890.0,21440.0,85500.0,30610.0
2021-06-30,14420.0,25080.0,11700.0,24110.0,43590.0,62370.0,32200.000000000004,11570.0,26360.0,12300.0,11600.0,51750.0,91300.0,47850.0,61840.0,12410.0,16860.0,18160.0,30600.0,24390.0,40370.0,50270.0,41900.0,16820.0,52880.0,93460.0,67410.0,21690.0,85500.0,30660.0
2021-07-01,14530.0,25110.0,11590.0,23970.0,44050.0,63170.0,33470.0,11880.0,27030.0,12280.0,11640.0,51350.0,93770.0,47580.0,61330.0,12290.0,16740.0,18990.0,31000.0,24660.0,40370.0,50270.0,41610.0,16710.0,52710.0,92850.0,67800.0,22570.0,85500.0,30710.0
2021-07-02,14590.0,24980.0,11650.0,24110.0,45520.0,64790.00000000001,33310.0,12120.0,26760.0,12240.0,11640.0,50910.0,94110.0,49380.0,61860.0,12550.0,17370.0,19120.0,31500.0,25120.0,40370.0,49620.0,41900.0,17040.0,52220.0,92770.0,67190.0,23110.0,85500.0,30610.0
2021-07-05,15340.0,24760.0,11200.0,23830.0,45930.0,61700.0,33380.0,12190.0,26210.0,12370.0,11540.0,50860.0,92200.0,52420.0,60890.0,12980.0,17290.0,18660.0,32600.0,26840.0,40370.0,49060.0,42070.0,17090.0,51110.0,91000.0,66530.0,23300.0,85500.0,28490.0
2021-07-06,14550.0,23350.0,10530.0,22190.0,43100.0,57540.0,31100.0,11410.0,24570.0,11500.0,10740.0,50910.0,90060.0,48800.0,59970.0,12930.0,17080.0,17370.0,30350.0,24980.0,40370.0,48370.0,39160.0,17170.0,49770.0,91770.0,64879.99999999999,22750.0,85500.0,28490.0
2021-07-07,14780.0,24160.0,10470.0,23050.0,44830.0,61360.0,31870.0,11900.0,25550.0,12300.0,11280.0,50910.0,95830.0,52210.0,59430.0,12840.0,17170.0,18000.0,31050.0,26190.0,40370.0,48980.0,41540.0,16940.0,50660.0,93690.0,66980.0,22650.0,85500.0,29840.0
2021-07-08,14630.0,24320.0,10200.0,22780.0,44490.0,62370.0,31230.0,11720.0,25080.0,12280.0,11280.0,52030.0,98980.0,54320.0,59430.0,12140.0,17000.0,17960.0,30200.0,26190.0,40370.0,47950.0,40830.0,17490.0,49330.0,92540.0,65930.0,22220.0,85500.0,28880.0
2021-07-09,14220.0,23840.0,9640.0,22190.0,44440.0,61500.0,29080.0,11410.0,24210.0,11880.0,11200.0,52710.0,96580.0,55570.0,58510.0,11260.0,16640.0,17370.0,29100.0,26190.0,40370.0,47430.0,39940.0,17820.0,48260.0,91460.0,64879.99999999999,22040.0,85500.0,27040.0
2021-07-12,13240.0,22280.0,9410.0,20640.0,42650.0,59010.0,27030.0,11010.0,23010.0,11500.0,10770.0,52430.0,99060.0,55600.0,58060.0,10250.0,15570.0,16350.000000000002,28400.0,24760.0,40370.0,46250.0,38340.0,16740.0,46220.0,92310.0,64360.0,20510.0,85500.0,26080.0
2021-07-13,13290.0,22510.0,9980.0,20420.0,43100.0,61360.0,27600.0,11070.0,23290.0,11290.0,10770.0,53100.0,95010.0,55100.0,57410.0,10500.0,15810.0,17110.0,28700.0,24950.0,40370.0,44660.0,38880.0,16230.0,45770.0,92230.0,62860.0,20510.0,85500.0,26900.0
2021-07-14,12830.0,22620.0,9960.0,19880.0,42200.0,61230.0,26950.0,10640.0,23040.0,11130.0,10430.0,51350.0,95960.0,52430.0,58510.0,10750.0,15660.0,16830.0,27400.0,23590.0,40370.0,43950.0,38850.0,15110.0,45780.0,90000.0,63380.0,19710.0,85500.0,27280.0
2021-07-15,13240.0,22680.0,10010.0,20640.0,42300.0,60690.0,28060.0,10820.0,23800.0,11380.0,10590.0,52250.0,94980.0,52630.0,58470.0,11800.0,16500.0,17730.0,28800.0,24110.0,40370.0,44240.0,39140.0,15270.0,45340.0,88310.0,63530.0,20530.0,85500.0,27040.0
2021-07-16,13580.0,22580.0,10130.0,20450.0,43000.0,60360.0,28840.0,10900.0,23930.0,11280.0,10510.0,52120.0,99530.0,52960.0,57780.0,12140.0,16149.999999999998,17430.0,28450.0,23870.0,40370.0,44240.0,38680.0,15250.0,47020.0,88770.0,64069.99999999999,20680.0,85500.0,26750.0
2021-07-19,12980.0,21070.0,9440.0,19030.0,41950.0,58140.0,26870.0,10390.0,22670.0,10500.0,9810.0,51350.0,98610.0,49300.0,56500.0,11070.0,15160.0,16270.0,27500.0,22210.0,40370.0,41880.0,37010.0,14200.0,45740.0,87690.0,63380.0,19240.0,85500.0,25880.0
2021-07-20,13700.0,21780.0,9560.0,19630.0,43000.0,59690.0,28330.0,10880.0,24210.0,10520.0,10090.0,52970.0,101580.0,51840.0,56670.0,11710.0,16000.0,17390.0,28100.0,22910.0,40370.0,43250.0,37830.0,14280.0,45780.0,88080.0,64069.99999999999,19430.0,85500.0,25790.0
2021-07-21,13660.0,21610.0,9500.0,19380.0,42910.0,58600.0,27780.0,10490.0,23930.0,10760.0,10110.0,52250.0,100770.0,51470.0,57330.0,11550.0,15970.0,17000.0,27850.0,23270.0,40370.0,42730.0,38320.0,13980.0,46220.0,87690.0,63620.0,19340.0,85500.0,26460.0
2021-07-22,13780.0,21780.0,10010.0,19760.0,44280.0,59950.0,28980.0,10560.0,24150.0,10820.0,10250.0,52250.0,101500.0,52030.0,57170.0,11760.0,16790.0,17230.0,28000.0,23640.0,40370.0,43300.0,39390.0,14190.0,47200.0,87690.0,64730.00000000001,19500.0,85500.0,27230.0
2021-07-23,13330.0,21360.0,9730.0,19180.0,44830.0,59010.0,28520.0,10540.0,23450.0,10870.0,10040.0,52250.0,98290.0,50930.0,56170.0,11410.0,16780.0,16700.0,28700.0,22910.0,40370.0,41880.0,38180.0,13690.0,46220.0,87230.0,65330.0,18770.0,85500.0,26080.0
2021-07-26,13210.0,21240.0,9960.0,18970.0,46420.0,59220.0,29890.0,10590.0,23340.0,10550.0,9850.0,52610.0,100020.0,50490.0,56130.0,11410.0,16270.0,16770.0,28700.0,22670.0,40370.0,41440.0,38890.0,13120.0,46310.0,87690.0,66300.0,18190.0,85500.0,25830.0
2021-07-27,13400.0,21360.0,10580.0,19180.0,46160.0,59690.0,30180.0,10590.0,23650.0,10790.0,9900.0,53290.0,103660.0,49760.0,56500.0,11580.0,16630.0,17160.0,29100.0,23030.0,40370.0,41020.0,38250.0,13520.0,46360.0,88380.0,65239.99999999999,18270.0,85500.0,26700.0
2021-07-28,13400.0,21500.0,10640.0,19410.0,45570.0,59740.0,30030.0,10720.0,23900.0,10820.0,9970.0,54010.0,102820.0,49490.0,56500.0,11630.0,16510.0,17290.0,28900.0,23000.0,40370.0,41880.0,37790.0,13710.0,46760.0,88000.0,64800.0,18050.0,85500.0,26270.0
2021-07-29,13800.0,21780.0,10920.0,20000.0,46270.0,60030.0,30490.0,10880.0,24120.0,11050.0,10280.0,56490.0,105470.0,51270.0,57410.0,11710.0,16540.0,17820.0,29300.0,23420.0,40370.0,42260.0,38290.0,13800.0,46710.0,88000.0,64730.00000000001,18500.0,85500.0,26410.0
2021-07-30,14600.0,21840.0,10800.0,20300.0,46570.0,60090.0,31010.0,10980.0,24210.0,11750.0,10450.0,56760.0,110680.0,51680.0,58140.0,12020.0,16350.000000000002,18020.0,29900.0,23640.0,40370.0,42310.0,38430.0,14160.0,47650.0,86920.0,64230.00000000001,19550.0,85500.0,26700.0
2021-08-02,14370.0,22600.0,10860.0,19910.0,47350.0,62700.0,30810.0,11150.0,24180.0,11500.0,10410.0,57160.0,112490.0,53520.0,56710.0,11800.0,16270.0,18150.0,29300.0,23510.0,40370.0,41880.0,38360.0,14200.0,47780.0,88850.0,64500.0,19360.0,85500.0,26560.0
2021-08-03,14470.0,23020.0,10800.0,20120.0,47460.0,62370.0,31010.0,11370.0,24180.0,11530.0,10590.0,56710.0,113810.0,53520.0,56780.0,11880.0,16390.0,18660.0,29800.0,23970.0,40370.0,42650.0,39350.0,14160.0,50890.0,89230.0,64950.0,19500.0,85500.0,27330.0
2021-08-04,14340.0,22850.0,11040.0,20060.0,47350.0,63040.0,30760.0,11420.0,24310.0,11580.0,10740.0,56760.0,112320.0,53550.0,57510.0,11850.0,16540.0,18740.0,30650.0,24060.0,40370.0,42530.0,39210.0,14070.0,50670.0,89380.0,64950.0,19400.0,85500.0,26940.0
2021-08-05,14550.0,22820.0,11080.0,20180.0,47850.0,62900.0,32060.000000000004,11570.0,24970.0,11970.0,10840.0,56310.0,111500.0,54480.0,56930.0,12460.0,16650.0,18980.0,31050.0,24290.0,40370.0,42910.0,39640.0,14280.0,50670.0,89620.0,64580.0,19820.0,85500.0,26990.0
2021-08-06,14370.0,22790.0,10980.0,20150.0,47850.0,61960.0,31450.0,11400.0,24770.0,11810.0,10720.0,56760.0,111090.0,54020.0,56750.0,12550.0,16600.0,18620.0,30300.0,23970.0,40370.0,42360.0,40420.0,14190.0,50360.0,90310.0,65030.0,19430.0,85500.0,26990.0
2021-08-09,14750.0,22910.0,10980.0,20390.0,48290.0,62370.0,32380.000000000004,11570.0,25440.0,11810.0,10810.0,57580.0,116460.0,54730.0,56710.0,12580.0,16680.0,19580.0,30700.0,24290.0,40370.0,42440.0,41660.0,14280.0,50270.0,91920.0,65410.0,19550.0,85500.0,27620.0
2021-08-10,14750.0,23000.0,11600.0,20450.0,48450.0,64379.99999999999,32189.999999999996,11580.0,25280.0,11780.0,10720.0,57430.0,114390.0,54770.0,56340.0,12750.0,16500.0,19600.0,30600.0,24200.0,40370.0,42730.0,41520.0,14220.0,50220.0,91310.0,66670.0,19400.0,85500.0,27380.0
2021-08-11,14550.0,22890.0,11370.0,20240.0,47610.0,64040.00000000001,31360.0,11550.0,25060.0,11600.0,10740.0,57880.0,112820.0,55110.0,56380.0,12550.0,16420.0,19040.0,30400.0,24200.0,40370.0,43390.0,41160.0,14160.0,49340.0,91310.0,67800.0,19630.0,85500.0,27040.0
2021-08-12,14270.0,22730.0,11140.0,20300.0,46460.0,63370.0,31550.0,11420.0,24770.0,11400.0,10660.0,57710.0,110680.0,53550.0,55980.0,12490.0,16350.000000000002,19040.0,29600.0,24060.0,40370.0,43130.0,41520.0,13950.0,49380.0,91310.0,67500.0,19860.0,85500.0,27040.0
2021-08-13,14280.0,22600.0,10860.0,20240.0,47060.0,62370.0,32009.999999999996,11320.0,24900.0,11500.0,10700.0,56310.0,110260.0,53850.0,55510.0,12550.0,16270.0,19480.0,29700.0,24150.0,40370.0,42990.0,42580.0,13890.0,49290.0,90770.0,67030.0,20400.0,85500.0,27040.0
2021-08-16,14420.0,23000.0,10860.0,20710.0,47360.0,63170.0,34220.0,11650.0,25310.0,11600.0,11200.0,57430.0,110260.0,53590.0,55440.0,12670.0,16350.000000000002,20490.0,30300.0,24980.0,40370.0,43430.0,41160.0,14220.0,49160.0,90230.0,66750.0,21030.0,85500.0,27520.0
2021-08-17,14380.0,22820.0,11080.0,20420.0,46960.0,61960.0,34490.0,11650.0,25790.0,12060.0,11280.0,57110.0,109430.0,53520.0,53210.0,12750.0,16450.0,20220.0,30150.0,24660.0,40370.0,43610.0,39390.0,14170.0,49450.0,90230.0,66600.0,20870.0,85500.0,27090.0
2021-08-18,14370.0,22650.0,10980.0,20360.0,47060.0,62110.0,34540.0,11600.0,25790.0,11920.0,11250.0,57880.0,111090.0,54340.0,53400.0,12710.0,16200.0,19870.0,29950.0,24440.0,40370.0,43610.0,39030.0,13980.0,48950.0,90770.0,67120.0,20530.0,85500.0,26850.0
2021-08-19,14270.0,22580.0,10800.0,20240.0,47300.0,60970.0,35680.0,11740.0,26050.0,11750.0,11250.0,57880.0,112570.0,54340.0,54140.0,12630.0,16050.0,20690.0,29950.0,24520.0,40370.0,44380.0,39390.0,13800.0,52000.0,92310.0,67340.0,20720.0,85500.0,26990.0
2021-08-20,13580.0,21500.0,10070.0,19290.0,46450.0,58690.0,33430.0,11240.0,25080.0,11050.0,10810.0,57880.0,110510.0,51670.0,52270.0,12270.0,16010.000000000002,20630.0,28300.0,23370.0,40370.0,43210.0,38360.0,13160.0,48850.0,92150.0,65480.00000000001,20050.0,85500.0,26120.0
2021-08-23,12930.0,20870.0,9670.0,19290.0,45550.0,57540.0,31450.0,10950.0,24310.0,10400.0,10330.0,56570.0,104900.0,49780.0,51190.0,11850.0,15770.0,20930.0,27000.0,22560.0,40370.0,42000.0,38040.0,12260.0,48100.0,92540.0,64140.0,19430.0,85500.0,25160.0
2021-08-24,13050.0,20930.0,9960.0,19320.0,46010.0,57670.0,31270.0,10980.0,24440.0,10600.0,10320.0,57920.0,106140.0,50550.0,52060.0,11660.0,15910.0,20210.0,27250.0,22670.0,40370.0,41880.0,38070.0,12200.0,47700.0,94460.0,64360.0,19550.0,85500.0,25250.0
2021-08-25,13110.0,20950.0,10010.0,18970.0,46010.0,58550.0,32380.000000000004,11000.0,24770.0,10710.0,10330.0,57260.0,111500.0,50870.0,53830.0,11880.0,15960.0,20450.0,27350.0,22740.0,40370.0,42090.0,37970.0,12590.0,47300.0,97690.0,64800.0,19690.0,85500.0,25400.0
2021-08-26,12910.0,20500.0,9850.0,18410.0,45760.0,57880.0,32650.0,10930.0,24420.0,10470.0,10150.0,58550.0,110680.0,51020.0,53960.0,12180.0,15810.0,20170.0,27100.0,22350.0,40370.0,41780.0,37830.0,12350.0,46550.0,96770.0,64870.00000000001,19500.0,85500.0,25540.0
2021-08-27,12830.0,20550.0,9960.0,18380.0,46060.0,58350.0,34410.0,10790.0,24360.0,10040.0,10110.0,58550.0,112240.0,51800.0,54300.0,12070.0,15810.0,20210.0,27300.0,22230.0,40370.0,42230.0,37930.0,12260.0,47400.0,97540.0,64870.00000000001,19630.0,85500.0,25880.0
2021-08-30,12980.0,20950.0,10130.0,19060.0,46140.0,58690.0,34580.0,10870.0,24930.0,10730.0,10280.0,57660.0,109510.0,52410.0,53830.0,11880.0,16090.0,20600.0,27900.0,22760.0,40370.0,42870.0,37930.0,12400.0,47050.0,97620.0,65190.0,19740.0,85500.0,26270.0
2021-08-31,12930.0,20680.0,10410.0,18760.0,46250.0,59950.0,35640.0,10570.0,25240.0,10600.0,10090.0,58510.0,111500.0,52600.0,54850.0,11880.0,16090.0,20400.0,27350.0,22440.0,40370.0,42910.0,37760.0,12330.0,47050.0,97310.0,65190.0,19740.0,85500.0,26370.0
2021-09-01,12930.0,20710.0,10340.0,18910.0,46250.0,59420.0,36870.0,10450.0,25180.0,10470.0,10090.0,57110.0,110100.0,52230.0,54370.0,11630.0,16050.0,20210.0,27200.0,22350.0,40370.0,42910.0,37970.0,12260.0,47050.0,96540.0,65710.0,19710.0,85500.0,26940.0
2021-09-06,12950.0,20760.0,10520.0,18910.0,47520.0,60620.0,36150.0,10730.0,26210.0,10520.0,10230.0,56310.0,108270.0,52600.0,54570.0,11440.0,16050.0,19810.0,27550.0,22650.0,40370.0,43170.0,38470.0,12180.0,47500.0,96690.0,65850.0,19590.0,85500.0,27140.0
2021-09-07,13130.0,21090.0,10240.0,19260.0,46820.0,59490.0,35720.0,10870.0,25950.0,10630.0,10330.0,57520.0,107200.0,52280.0,54370.0,11490.0,16090.0,19940.0,27900.0,22980.0,40370.0,43170.0,38890.0,12420.0,46950.0,95850.0,65480.00000000001,20370.0,85500.0,26270.0
2021-09-08,12980.0,21030.0,10010.0,18970.0,46610.0,58890.0,35870.0,10890.0,26260.0,10730.0,10230.0,56760.0,105720.0,52790.0,54820.0,11440.0,15910.0,21320.0,27300.0,22590.0,40370.0,43040.0,38290.0,12440.0,46000.0,95850.0,64780.0,19870.0,85500.0,26170.0
2021-09-09,13110.0,21140.0,10240.0,19120.0,46670.0,59420.0,36750.0,10760.0,26570.0,10730.0,10280.0,56530.0,108190.0,56350.0,54410.0,11410.0,16090.0,21180.0,27350.0,22810.0,40370.0,42870.0,38210.0,12450.0,45650.0,99230.0,64629.99999999999,20330.0,85500.0,26510.0
2021-09-10,13050.0,21070.0,10190.0,19060.0,46820.0,59420.0,36150.0,10550.0,26360.0,10630.0,10200.0,56530.0,107370.0,56350.0,55360.0,11370.0,16090.0,21100.0,27200.0,22810.0,40370.0,42820.0,38150.0,12350.0,45650.0,99850.0,65640.0,20720.0,85500.0,27040.0
2021-09-13,12890.0,20790.0,10460.0,18790.0,46570.0,59420.0,34670.0,10260.0,26000.0,10400.0,10090.0,57160.0,107870.0,59230.0,59050.0,11190.0,15910.0,21010.0,26900.0,22650.0,40370.0,42360.0,37970.0,12220.0,46000.0,98460.0,66150.0,20780.0,85500.0,26940.0
2021-09-14,12730.0,20550.0,10340.0,18410.0,46960.0,59690.0,34960.0,10100.0,25750.0,10150.0,9970.0,56350.0,111910.0,59000.0,60700.0,11070.0,15910.0,20480.0,26650.0,22440.0,40370.0,42440.0,37970.0,12050.0,46000.0,96770.0,65990.0,20490.0,85500.0,27330.0
2021-09-15,12600.0,20600.0,10860.0,18380.0,47110.0,61360.0,35410.0,10080.0,26410.0,10170.0,9910.0,56760.0,119680.0,59050.0,60700.0,11070.0,15980.0,20670.0,26600.0,22390.0,40370.0,41920.0,38320.0,11960.0,45700.0,96920.0,65319.99999999999,20490.0,85500.0,27570.0
2021-09-16,12650.0,20930.0,10800.0,18670.0,47410.0,62110.0,35330.0,10230.0,26260.0,10170.0,10050.0,56310.0,123720.0,58570.0,58870.0,11280.0,15980.0,20480.0,26750.0,22720.0,40370.0,42360.0,37480.0,11960.0,43900.0,96920.0,65550.0,20830.0,85500.0,28970.0
2021-09-17,12770.0,21240.0,10750.0,18760.0,47900.0,61640.0,35460.0,10370.0,26520.0,10310.0,10080.0,56310.0,120580.0,58280.0,58870.0,11580.0,16070.0,20720.0,26800.0,23030.0,40370.0,41960.0,37990.0,12260.0,43400.0,96080.0,65640.0,21490.0,85500.0,28200.0
2021-09-20,12980.0,21200.0,10290.0,18790.0,47250.0,59550.0,34410.0,10470.0,26260.0,10790.0,10210.0,56310.0,118100.0,58280.0,57880.0,11660.0,16090.0,20620.0,27100.0,23470.0,40370.0,42990.0,37380.0,13110.0,43350.0,95540.0,67280.0,21650.0,85500.0,28300.0
2021-09-21,12850.0,21070.0,10410.0,18580.0,46820.0,59150.0,33470.0,10400.0,26000.0,10520.0,10110.0,55640.0,118520.0,58670.0,57780.0,11440.0,15960.0,20290.0,26800.0,23320.0,40370.0,42310.0,36260.0,13430.0,42800.0,95000.0,67370.0,21460.0,85500.0,27430.0
2021-09-22,12770.0,21030.0,10520.0,18500.0,46670.0,59280.0,34020.0,10370.0,26050.0,10400.0,10110.0,55640.0,121420.0,59570.0,57780.0,11440.0,15960.0,20130.0,26700.0,23370.0,40370.0,42950.0,36490.0,13200.0,43050.0,94850.0,69420.0,21420.0,85500.0,27480.0
2021-09-23,12770.0,20950.0,10520.0,18650.0,46610.0,60750.0,34220.0,10350.0,26110.0,10310.0,10090.0,55590.0,119760.0,62570.0,57860.0,11580.0,16010.000000000002,20190.0,26600.0,23220.0,40370.0,42950.0,37100.0,12870.0,43550.0,95150.0,68890.0,21490.0,85500.0,27910.0
2021-09-24,12930.0,21090.0,10580.0,18700.0,46410.0,61020.0,34020.0,10390.0,26000.0,10340.0,10370.0,56220.0,117600.0,61840.0,58510.0,11660.0,16090.0,20130.0,26750.0,23420.0,40370.0,42950.0,37240.0,13090.0,43500.0,96150.0,68820.0,21490.0,85500.0,27520.0
2021-09-27,12730.0,20930.0,10460.0,18290.0,46100.0,60360.0,32740.000000000004,10390.0,26000.0,10150.0,10110.0,55640.0,111500.0,59710.0,58140.0,11580.0,15980.0,19270.0,26500.0,22910.0,40370.0,42310.0,36590.0,12420.0,43050.0,99230.0,67370.0,21490.0,85500.0,27280.0
2021-09-28,12770.0,21300.0,11250.0,18260.0,46570.0,63780.0,32930.0,10370.0,26930.0,10170.0,10110.0,55990.0,112320.0,60030.0,57450.0,11410.0,16020.0,19560.0,26550.0,23050.0,40370.0,42820.0,36730.0,12420.0,43250.0,99230.0,67760.0,21420.0,85500.0,27520.0
2021-09-29,12670.0,21200.0,11080.0,17930.0,46670.0,64910.0,33120.0,10350.0,27280.0,9980.0,10050.0,55640.0,116460.0,60570.0,57330.0,11250.0,16020.0,19310.0,25800.0,22860.0,40370.0,42530.0,36590.0,12230.0,43350.0,98850.0,67970.0,21150.0,85500.0,27330.0
2021-09-30,12750.0,20950.0,11200.0,17930.0,46570.0,65050.0,33020.0,10350.0,27080.0,9970.0,10080.0,55810.0,117770.0,60570.0,57180.0,11490.0,16020.0,19580.0,25700.0,22950.0,40370.0,41960.0,36630.0,12030.0,44000.0,98380.0,67970.0,21130.0,85500.0,28100.0
2021-10-01,12730.0,20600.0,11420.0,17550.0,46500.0,69410.0,33220.0,10120.0,27340.0,9610.0,9910.0,54950.0,115630.0,59800.0,56380.0,11280.0,16020.0,18900.0,24700.0,22670.0,40370.0,41410.0,36030.0,11660.0,43850.0,99080.0,68120.0,20490.0,85500.0,27230.0
2021-10-04,12530.0,20660.0,11660.0,16930.0,47360.0,69740.0,34120.0,9810.0,28410.0,9450.0,9800.0,55130.0,116620.0,59800.0,56670.0,12180.0,16020.0,18590.0,24300.0,22370.0,40370.0,40840.0,36490.0,11310.0,43900.0,101380.0,68430.0,20200.0,85500.0,27280.0
2021-10-05,12730.0,20870.0,11990.0,17400.0,47250.0,73100.0,34490.0,9980.0,28310.0,9670.0,9900.0,55450.0,116620.0,60080.0,58700.0,12490.0,16070.0,19470.0,25750.0,22720.0,40370.0,41280.0,37150.0,11720.0,44300.0,100620.0,67970.0,20060.0,85500.0,27480.0
2021-10-06,12670.0,20930.0,11990.0,17280.0,47250.0,76120.0,34810.0,9890.0,28720.0,9760.0,9940.0,55000.0,117450.0,60790.0,57920.0,13100.0,16180.0,19250.0,25500.0,23270.0,40370.0,41280.0,37660.0,11740.0,44300.0,99540.0,67760.0,19740.0,85500.0,28390.0
2021-10-07,12600.0,20790.0,11600.0,17310.0,47210.0,74440.0,35130.0,9810.0,28450.0,9670.0,10000.0,55080.0,117030.0,60660.0,58000.0,13100.0,16810.0,19610.0,25500.0,23130.0,40370.0,41780.0,37430.0,11670.0,44400.0,99080.0,67370.0,20580.0,85500.0,28300.0
2021-10-08,12720.0,20820.0,11990.0,17370.0,49520.0,75380.0,34630.0,9920.0,28520.0,9670.0,10010.0,56530.0,120180.0,61040.0,59490.0,13100.0,16980.0,19680.0,25700.0,23470.0,40370.0,41880.0,37380.0,11770.0,44650.0,99150.0,67970.0,20720.0,85500.0,28150.0
2021-10-11,13170.0,21240.0,12330.0,18290.0,49690.0,75440.0,34760.0,10450.0,29270.0,10010.0,10410.0,56170.0,121420.0,61360.0,59600.0,13100.0,16980.0,20190.0,26500.0,24520.0,40370.0,42090.0,37900.0,12120.0,45950.0,101920.0,68270.0,21230.0,85500.0,29410.0
2021-10-12,13170.0,21380.0,12840.0,18170.0,49570.0,75110.0,34760.0,10400.0,29170.0,10010.0,10400.0,56310.0,120180.0,62610.0,59600.0,13050.0,16980.0,19940.0,26600.0,24520.0,40370.0,41880.0,37850.0,12280.0,46450.0,101920.0,68580.0,21170.0,85500.0,29750.0
2021-10-13,13170.0,21200.0,12790.0,18110.0,49760.0,74440.0,35050.0,10470.0,29080.0,10040.0,10330.0,54950.0,118190.0,63450.0,58870.0,12970.0,17540.0,19750.0,26250.0,24240.0,40370.0,41880.0,37430.0,12310.0,46550.0,103000.0,68360.0,21270.0,85500.0,29360.0
2021-10-14,13050.0,21010.0,12840.0,18060.0,49470.0,74640.0,35890.0,10570.0,29080.0,9970.0,10300.0,54950.0,117360.0,63260.0,58510.0,12550.0,17610.0,19750.0,26400.0,24290.0,40370.0,41740.0,36910.0,12380.0,46250.0,103380.0,68270.0,21320.0,85500.0,29650.0
2021-10-15,13020.0,20980.0,13010.0,18080.0,49520.0,75110.0,35700.0,10450.0,29340.0,10130.0,10280.0,54510.0,116460.0,62730.0,59510.0,11910.0,17700.0,19640.0,26850.0,24340.0,40370.0,41650.0,36820.0,12490.0,46300.0,101310.0,68270.0,21650.0,85500.0,29460.0
2021-10-18,12930.0,20870.0,13470.0,17820.0,49570.0,78130.0,35380.0,10470.0,29640.0,9940.0,10280.0,54730.0,118100.0,61940.0,58510.0,11940.0,17610.0,19680.0,26900.0,24480.0,40370.0,41440.0,36910.0,12440.0,46300.0,100920.0,68120.0,22170.0,85500.0,29750.0
2021-10-19,13050.0,21270.0,13400.0,17880.0,49360.0,76790.0,35050.0,10370.0,29270.0,9810.0,10200.0,55320.0,116460.0,61460.0,57950.0,12100.0,17610.0,19700.0,26200.0,24390.0,40370.0,41610.0,37150.0,12380.0,46200.0,104000.0,68510.0,22230.0,85500.0,29260.0
2021-10-20,13050.0,21120.0,13290.0,17700.0,48850.0,76790.0,35050.0,10200.0,29120.0,9730.0,10200.0,54950.0,118190.0,61230.0,56750.0,12230.0,17610.0,19420.0,26300.0,24610.0,40370.0,41020.0,36860.0,12450.0,46150.0,104540.0,68270.0,22100.0,85500.0,29890.0
2021-10-21,12830.0,20980.0,13240.0,17550.0,48410.0,75250.0,34670.0,10020.0,29270.0,9670.0,10090.0,54450.0,115800.0,60180.0,55590.0,11880.0,17510.0,19130.0,26100.0,24480.0,40370.0,40580.0,36450.0,12550.0,45500.0,101380.0,67590.0,21670.0,85500.0,29550.0
2021-10-22,12770.0,20870.0,13060.0,17490.0,48160.0,75170.0,35790.0,10000.0,29030.0,9590.0,10090.0,54540.0,115720.0,60470.0,57210.0,11940.0,17350.0,18900.0,26200.0,24200.0,40370.0,40710.0,36490.0,12550.0,45900.0,101380.0,68660.0,21480.0,85500.0,29600.0
2021-10-25,12630.0,20820.0,13120.0,17640.0,47520.0,75110.0,36740.0,9980.0,28200.0,9510.0,9970.0,55410.0,115970.0,60840.0,57310.0,11640.0,17320.0,18450.0,25600.0,23550.0,40370.0,40620.0,36730.0,12300.0,46050.0,101380.0,68360.0,21350.0,85500.0,29360.0
2021-10-26,12560.0,20820.0,13240.0,17640.0,48520.0,76320.0,36860.0,10060.0,28820.0,9570.0,10100.0,55410.0,115300.0,60660.0,56830.0,11710.0,17250.0,18690.0,25600.0,23590.0,40370.0,40580.0,36820.0,12520.0,46100.0,101920.0,67970.0,21380.0,85500.0,29550.0
2021-10-27,12680.0,21200.0,13970.0,18350.0,49150.0,81620.0,37390.0,10260.0,29640.0,9670.0,10280.0,54950.0,121250.0,62570.0,58470.0,11790.0,17300.0,19470.0,26500.0,23840.0,40370.0,41480.0,37900.0,12620.0,47500.0,103080.0,68580.0,21890.0,85500.0,30130.0
2021-10-28,12860.0,21170.0,13800.0,18470.0,49060.0,83830.0,37440.0,10400.0,29690.0,9710.0,10300.0,55640.0,125300.0,62570.0,60200.0,11800.0,17900.0,19650.0,26700.0,23970.0,40370.0,42260.0,37900.0,12650.0,47500.0,102690.0,68740.0,22260.0,85500.0,29940.0
2021-10-29,13330.0,22040.0,14020.0,18580.0,48520.0,83490.0,37200.0,10280.0,29220.0,9570.0,10300.0,56040.0,124630.0,62270.0,58700.0,12090.0,17570.0,19510.0,26600.0,23870.0,40370.0,42310.0,40000.0,12590.0,47900.0,101540.0,68820.0,21960.0,85500.0,30130.0
2021-11-01,13210.0,22200.0,13860.0,19000.0,47960.0,81360.0,36780.0,10310.0,28520.0,9730.0,10280.0,54920.0,120180.0,61610.0,59240.0,12320.0,17610.0,19940.0,26600.0,23870.0,40370.0,41880.0,39440.0,12450.0,47900.0,100000.0,68270.0,21670.0,85500.0,30080.0
2021-11-02,13400.0,22280.0,14250.0,19120.0,48120.0,81540.0,39350.0,10420.0,28410.0,9850.0,10280.0,54950.0,120180.0,61090.0,60410.0,12350.0,17610.0,20410.0,26650.0,23870.0,40370.0,42260.0,39770.0,12740.0,47900.0,101540.0,67670.0,21670.0,85500.0,29790.0
2021-11-03,13680.0,22870.0,13700.0,19470.0,48120.0,80480.0,36740.0,11080.0,28450.0,10520.0,10540.0,54540.0,120180.0,61040.0,63120.0,12390.0,18100.0,20090.0,27900.0,24850.0,40370.0,42620.0,38790.0,13160.0,47650.0,99850.0,66910.0,22170.0,85500.0,30610.0
2021-11-04,13540.0,23370.0,13470.0,19230.0,48060.0,78520.0,37340.0,11010.0,28820.0,10590.0,10450.0,54950.0,122150.0,61560.0,62830.0,13180.0,17790.0,20720.0,27450.0,24660.0,40370.0,42480.0,38690.0,13030.0,47500.0,99690.0,67060.0,21920.0,85500.0,30470.0
2021-11-05,13540.0,23160.0,13700.0,19290.0,48850.0,82080.0,37490.0,10870.0,28980.0,10600.0,10350.0,54870.0,122070.0,62570.0,62890.0,13620.0,17790.0,20670.0,27650.0,24520.0,40370.0,42090.0,38360.0,12930.0,47500.0,100000.0,67670.0,21890.0,85500.0,30130.0
2021-11-08,13500.0,23310.0,13800.0,19360.0,48780.0,82480.0,38040.0,11000.0,29080.0,10760.0,10300.0,55170.0,125550.0,62370.0,63520.0,13390.0,17790.0,21440.0,27850.0,24340.0,40370.0,42400.0,38550.0,12800.0,47450.0,101380.0,68890.0,21670.0,85500.0,29790.0
2021-11-09,13510.0,22850.0,13800.0,19440.0,48260.0,79930.0,37940.0,11280.0,28920.0,10820.0,10330.0,55410.0,122070.0,61610.0,63620.0,12580.0,17790.0,21340.0,28100.0,24200.0,40370.0,41920.0,38830.0,12930.0,47450.0,100770.0,68120.0,21380.0,85500.0,29360.0
2021-11-10,13500.0,22850.0,14430.0,19180.0,48570.0,80740.0,38410.0,11400.0,28310.0,10630.0,10330.0,55130.0,121980.0,62320.0,63620.0,12580.0,17620.0,21530.0,28450.0,23920.0,40370.0,42140.0,38650.0,12890.0,47450.0,99770.0,68040.0,21170.0,85500.0,29840.0
2021-11-11,13330.0,22730.0,14020.0,18850.0,48060.0,79810.0,39160.0,11280.0,27640.0,10340.0,10150.0,54510.0,121330.0,63980.0,62890.0,12720.0,17490.0,21280.0,27700.0,23840.0,40370.0,42440.0,38130.0,12870.0,47400.0,98920.0,67970.0,21070.0,85500.0,29260.0
2021-11-12,13480.0,22940.0,13970.0,19290.0,49060.0,79200.0,38690.0,11400.0,27950.0,10550.0,10320.0,54870.0,123560.0,64450.0,62890.0,12670.0,17610.0,21490.0,28100.0,24290.0,40370.0,42400.0,38360.0,13030.0,47250.0,98920.0,67760.0,21200.0,85500.0,29070.0
2021-11-15,13500.0,22730.0,13630.0,19180.0,48730.0,79740.0,37850.0,11750.0,27440.0,10500.0,10330.0,54690.0,127180.0,66050.0,62150.0,12670.0,17540.0,22070.0,27950.0,24060.0,40370.0,42180.0,39300.0,13050.0,47500.0,97690.0,67530.0,20860.0,85500.0,29170.0
2021-11-16,13400.0,22730.0,13700.0,19120.0,49200.0,78270.0,36780.0,11370.0,26610.0,10630.0,10350.0,53560.0,125550.0,65349.99999999999,62380.0,12620.0,17430.0,21570.0,28050.0,24060.0,40370.0,41960.0,38830.0,12940.0,47400.0,98380.0,67220.0,20860.0,85500.0,29020.0
2021-11-17,13460.0,23160.0,13800.0,19030.0,49200.0,78730.0,37390.0,11320.0,26310.0,10590.0,10370.0,53370.0,124310.0,65349.99999999999,62350.0,12640.0,17430.0,22090.0,28000.0,24150.0,40370.0,42310.0,39070.0,13050.0,48150.0,98380.0,67370.0,20860.0,85500.0,29410.0
2021-11-18,13130.0,23640.0,13060.0,18970.0,48310.0,76320.0,37250.0,11500.0,25560.0,10400.0,10230.0,53150.0,122230.0,65860.0,61510.0,12340.0,17210.0,23630.0,27650.0,23840.0,40370.0,41880.0,38740.0,12870.0,47250.0,97310.0,66760.0,20430.0,85500.0,30030.0
2021-11-19,13510.0,23590.0,12270.0,19360.0,47720.0,71090.0,35240.0,12300.0,24570.0,10460.0,10230.0,52470.0,121740.0,65860.0,61110.0,12430.0,17280.0,23360.0,27900.0,24200.0,40370.0,41920.0,37660.0,13270.0,47400.0,98310.0,65319.99999999999,20890.0,85500.0,29460.0
2021-11-22,13800.0,24190.0,11600.0,20360.0,47560.0,68470.0,33280.0,13150.0,24900.0,10790.0,10550.0,51120.0,123810.0,65680.0,61420.0,12870.0,17490.0,23410.0,28800.0,24570.0,40370.0,42650.0,37900.0,14190.0,47400.0,98460.0,65400.00000000001,21170.0,85500.0,28880.0
2021-11-23,13720.0,23750.0,12270.0,20120.0,48360.0,70140.0,35050.0,12950.0,25360.0,10600.0,10450.0,53510.0,129259.99999999999,67760.0,61420.0,12720.0,17490.0,25050.0,28500.0,24340.0,40370.0,42780.0,38600.0,14260.0,47400.0,101540.0,65480.00000000001,20930.0,85500.0,29120.0
2021-11-24,14280.0,24470.0,12330.0,20880.0,49010.0,69070.0,34760.0,13650.0,24900.0,11270.0,11170.0,52250.0,129669.99999999999,68240.0,61420.0,13330.0,18690.0,25630.0,30450.0,25680.0,40370.0,45240.0,39160.0,15250.0,47050.0,101690.0,66390.0,21530.0,85500.0,30030.0
2021-11-25,14210.0,24080.0,12450.0,20730.0,50070.0,69670.0,35340.0,13240.0,25200.0,11250.0,11170.0,53100.0,130080.00000000001,68720.0,60330.0,13330.0,19410.0,26500.0,30650.0,25400.0,40370.0,46240.0,39250.0,15190.0,47000.0,101540.0,66390.0,21920.0,85500.0,29790.0
2021-11-26,13980.0,24140.0,11940.0,20240.0,49520.0,68400.0,34540.0,12770.0,25110.0,11000.0,10950.0,52800.0,130080.00000000001,67060.0,58580.0,13330.0,19320.0,25780.0,30850.0,24980.0,40370.0,45330.0,38970.0,15310.0,49250.0,99620.0,66980.0,22620.0,85500.0,29360.0
2021-11-29,13800.0,23640.0,11710.0,20210.0,49100.0,66660.0,34400.0,12830.0,24770.0,10600.0,10770.0,53150.0,125950.0,65160.0,57080.0,12870.0,18820.0,26650.0,29900.0,24200.0,40370.0,43650.0,39670.0,14840.0,52650.0,96150.0,66390.0,22170.0,85500.0,29120.0
2021-11-30,13460.0,23590.0,11880.0,19800.0,48620.0,65930.0,36260.0,12420.0,25060.0,10310.0,10490.0,53100.0,123220.0,65810.0,56320.0,12550.0,18740.0,26930.0,28900.0,23970.0,40370.0,42690.0,39580.0,14370.0,52500.0,94230.0,66470.0,21750.0,85500.0,28780.0
2021-12-01,13540.0,23530.0,12110.0,20060.0,49150.0,66060.0,35990.0,13040.0,25080.0,10470.0,10660.0,52930.0,123810.0,65810.0,57210.0,12590.0,18790.0,26590.0,29900.0,24240.0,40370.0,42730.0,38790.0,14620.0,53000.0,92310.0,66390.0,21870.0,85500.0,28680.0
2021-12-02,13410.0,23470.0,12110.0,19930.0,48670.0,65990.0,36120.0,12830.0,24880.0,10310.0,10510.0,51800.0,125550.0,64920.0,58140.0,12590.0,18720.0,26020.0,29300.0,23920.0,40370.0,42780.0,38510.0,14600.0,53600.0,92620.0,66310.0,21350.0,85500.0,28630.0
2021-12-03,13160.0,22300.0,11760.0,19470.0,47810.0,64790.00000000001,34110.0,12620.0,24420.0,9930.0,10230.0,51800.0,124710.0,63260.0,57410.0,12290.0,18220.0,24320.0,28000.0,23220.0,40370.0,42310.0,37520.0,14430.0,52750.0,92620.0,65110.0,20600.0,85500.0,27140.0
2021-12-06,13050.0,22280.0,11540.0,18940.0,47300.0,61700.0,33640.0,11850.0,23410.0,9360.0,9940.0,52660.0,124710.0,62270.0,55440.0,11790.0,17980.0,24570.0,27000.0,22670.0,40370.0,41190.0,37290.0,13800.0,52800.0,92690.0,64709.99999999999,20490.0,85500.0,27040.0
2021-12-07,13320.0,23160.0,12270.0,19290.0,48060.0,64709.99999999999,34210.0,12220.0,24360.0,9640.0,10180.0,50910.0,125460.0,63260.0,55940.0,11990.0,18270.0,25150.0,28050.0,23130.0,40370.0,42400.0,38180.0,13940.0,53350.0,94620.0,65640.0,20580.0,85500.0,28920.0
2021-12-08,13370.0,23370.0,12210.0,19470.0,47860.0,65850.0,34580.0,12340.0,24150.0,9730.0,10280.0,51800.0,124800.0,63450.0,55890.0,12240.0,18690.0,24950.0,28600.0,23130.0,40370.0,42620.0,37900.0,14220.0,52950.0,93380.0,65239.99999999999,20620.0,85500.0,29070.0
2021-12-09,13460.0,23370.0,12500.0,19910.0,48570.0,66190.0,34910.0,12530.0,24120.0,9760.0,10320.0,51700.0,127180.0,63500.0,55760.0,12270.0,18740.0,25920.0,28850.0,23320.0,40370.0,42820.0,38180.0,14450.0,53500.0,95000.0,65990.0,20550.0,85500.0,29410.0
2021-12-10,13500.0,23690.0,12210.0,19800.0,47960.0,64790.00000000001,35050.0,12510.0,23800.0,9830.0,10250.0,50940.0,126950.0,63550.0,55690.0,12270.0,18740.0,25540.0,28600.0,23220.0,40370.0,43170.0,37850.0,14620.0,51550.0,95770.0,65480.00000000001,20660.0,85500.0,29310.0
2021-12-13,13500.0,24160.0,12500.0,19760.0,48060.0,65720.0,35990.0,12240.0,23830.0,10060.0,10280.0,50940.0,128840.0,63930.0,55690.0,12080.0,18820.0,25720.0,28650.0,23130.0,40370.0,42990.0,38410.0,14620.0,51600.0,96770.0,65550.0,20430.0,85500.0,29410.0
2021-12-14,13460.0,24050.0,12270.0,19590.0,47900.0,65850.0,35650.0,12060.0,24420.0,10400.0,10210.0,50910.0,129669.99999999999,64150.00000000001,55880.0,11870.0,18770.0,25390.0,28100.0,23180.0,40370.0,42870.0,38410.0,14570.0,51250.0,95380.0,65480.00000000001,20200.0,85500.0,29170.0
2021-12-15,13500.0,23840.0,12050.0,19490.0,48010.0,65519.99999999999,35290.0,12240.0,24470.0,10360.0,10300.0,51580.0,133190.0,64400.00000000001,55760.0,11920.0,18820.0,24910.0,28350.0,23220.0,40370.0,43130.0,38650.0,14860.0,50000.0,95380.0,65480.00000000001,20000.0,85500.0,29360.0
2021-12-16,13330.0,23840.0,12500.0,19650.0,47810.0,66130.0,35380.0,12100.0,24310.0,10210.0,10210.0,50910.0,132360.0,63300.0,55210.0,11840.0,18770.0,24520.0,28600.0,23070.0,40370.0,42780.0,38510.0,14980.0,50000.0,94460.0,65710.0,19450.0,85500.0,29070.0
2021-12-17,13410.0,23840.0,12730.0,19910.0,48260.0,66400.0,35740.0,12010.0,23900.0,10040.0,10200.0,51030.0,130289.99999999999,63740.0,54850.0,11870.0,18630.0,25290.0,28300.0,23070.0,40370.0,41650.0,39530.0,14920.0,51000.0,94230.0,65010.00000000001,19500.0,85500.0,29750.0
2021-12-20,13370.0,23690.0,12270.0,19620.0,47960.0,64849.99999999999,35140.0,12060.0,24010.0,9940.0,10090.0,51030.0,134010.0,63020.0,54480.0,11670.0,18580.0,25780.0,28650.0,22910.0,40370.0,42950.0,39070.0,15480.0,49500.0,93920.0,65010.00000000001,19710.0,85500.0,29990.0
2021-12-21,13250.0,23260.0,12390.0,19340.0,47670.0,63040.0,35240.0,11970.0,23600.0,9810.0,10100.0,52160.0,137820.0,63020.0,54440.0,11490.0,18600.0,25290.0,28200.0,22780.0,40370.0,42690.0,40240.0,15010.0,49050.0,94230.0,64860.0,19710.0,85500.0,30320.0
2021-12-22,13210.0,23000.0,12390.0,19130.0,47560.0,63840.0,36450.0,11370.0,23090.0,9640.0,10000.0,51800.0,140630.0,63880.0,53960.0,11120.0,18480.0,24630.0,27650.0,22620.0,40370.0,42870.0,40100.0,14800.0,49800.0,94380.0,64780.0,19390.0,85500.0,30420.0
2021-12-23,13130.0,23150.0,12950.0,19470.0,46670.0,63840.0,36450.0,10930.0,23010.0,9510.0,9870.0,51350.0,141460.0,63300.0,53710.0,10730.0,18300.0,23600.0,27400.0,21910.0,40370.0,42660.0,38600.0,14370.0,48000.0,95310.0,64269.99999999999,18700.0,85500.0,29940.0
2021-12-24,13330.0,23490.0,13010.0,19880.0,46960.0,64180.00000000001,36500.0,11690.0,23570.0,9980.0,10180.0,51300.0,141460.0,63790.0,53750.0,11490.0,19520.0,23630.0,28200.0,22620.0,40370.0,43780.0,38790.0,14840.0,48250.0,95380.0,65239.99999999999,19760.0,85500.0,30180.0
2021-12-27,13400.0,23690.0,13180.0,20190.0,47300.0,64310.0,36090.0,11700.0,23500.0,9930.0,10180.0,51350.0,139800.0,63930.0,54090.0,11490.0,20830.0,23680.0,28100.0,22600.0,40370.0,44500.0,38740.0,14680.0,49500.0,96150.0,65319.99999999999,19830.0,85500.0,30230.0
2021-12-28,13600.0,23630.0,13180.0,20490.0,47300.0,65800.0,35380.0,12420.0,23450.0,9980.0,10230.0,50720.0,141880.0,64349.99999999999,54230.0,11490.0,20800.0,23520.0,30050.0,22740.0,40370.0,44610.0,38740.0,14600.0,49200.0,96310.0,64860.0,19940.0,85500.0,29750.0
2021-12-29,13660.0,23630.0,13180.0,20640.0,46860.0,65050.0,34490.0,12460.0,23450.0,10240.0,10230.0,51350.0,142280.0,63700.0,54230.0,11490.0,21300.0,23920.0,29500.0,22720.0,40370.0,44330.0,38220.0,15010.0,47750.0,96310.0,64629.99999999999,20050.0,85500.0,29500.0
2021-12-30,13700.0,23750.0,13180.0,20440.0,46860.0,65050.0,34580.0,12460.0,23400.0,10210.0,10290.0,50860.0,141880.0,63650.0,54440.0,11420.0,21320.0,25340.0,30500.0,22810.0,40370.0,43720.0,38180.0,15060.0,47500.0,96920.0,64709.99999999999,20430.0,85500.0,29460.0
2021-12-31,13940.0,24900.0,13060.0,20490.0,46570.0,64519.99999999999,34540.0,12570.0,23750.0,10260.0,10450.0,52470.0,141460.0,64400.00000000001,55210.0,11920.0,21580.0,24950.0,31500.0,23130.0,40370.0,43940.0,38360.0,16100.000000000002,47550.0,98690.0,65550.0,20660.0,85500.0,29070.0
2022-01-04,13900.0,25100.0,13580.0,21010.0,46820.0,68330.0,35140.0,12660.0,23930.0,10340.0,10510.0,53010.0,140630.0,65310.0,57410.0,12020.0,21580.0,25540.0,32100.0,23550.0,40370.0,44050.0,39820.0,16219.999999999998,50500.0,96920.0,65760.0,20790.0,85500.0,30080.0
2022-01-05,13620.0,24860.0,13520.0,21010.0,46860.0,70410.0,35890.0,12420.0,23950.0,10210.0,10370.0,54060.0,133190.0,64970.0,58260.0,11760.0,21300.0,25440.0,32549.999999999996,23370.0,40370.0,43500.0,39300.0,16140.0,50000.0,94620.0,65400.00000000001,20490.0,85500.0,32159.999999999996
2022-01-06,13630.0,25500.0,13630.0,20550.0,46820.0,69550.0,36090.0,12420.0,23600.0,9980.0,10250.0,52710.0,127230.0,65160.0,57260.0,12020.0,20800.0,25000.0,32700.000000000004,23090.0,40370.0,44110.0,39910.0,15880.0,52250.0,95230.0,64780.0,20280.0,85500.0,34380.0
2022-01-07,13460.0,26300.0,13740.0,20070.0,46770.0,72100.0,35990.0,12340.0,23450.0,10210.0,10330.0,52800.0,127390.0,64200.0,56750.0,11810.0,20100.0,24860.0,31950.0,22880.0,40370.0,44500.0,39960.0,15710.0,51100.0,95230.0,64629.99999999999,19980.0,85500.0,33560.0
2022-01-10,13360.0,26180.0,13120.0,20130.0,46100.0,69410.0,35510.0,12110.0,23450.0,9980.0,10200.0,52030.0,127390.0,63220.0,56330.0,11510.0,19130.0,24090.0,31950.0,22650.0,40370.0,44050.0,40050.0,15190.0,51150.0,94850.0,64550.0,19880.0,85500.0,33800.0
2022-01-11,13240.0,26430.0,13010.0,19940.0,44810.0,69270.0,34400.0,11940.0,23090.0,9890.0,10090.0,50910.0,119870.0,62470.0,56620.0,11260.0,18480.0,23170.0,32450.000000000004,22420.0,40370.0,44270.0,39110.0,15210.0,50500.0,95230.0,64550.0,19800.0,85500.0,33030.0
2022-01-12,13370.0,28280.0,13470.0,20640.0,44870.0,72420.0,34580.0,12610.0,23650.0,10090.0,10550.0,51750.0,119870.0,64450.0,56600.0,11870.0,19410.0,24320.0,34700.0,23320.0,40370.0,44610.0,39110.0,15970.0,50400.0,94770.0,64099.99999999999,20430.0,85500.0,34770.0
2022-01-13,13480.0,29520.0,13240.0,21250.0,46100.0,70410.0,33190.0,12550.0,23900.0,10130.0,10740.0,52070.0,119790.0,64200.0,55910.0,11890.0,19690.0,23540.0,34300.0,23370.0,40370.0,45670.0,38460.0,15860.0,49400.0,93850.0,64099.99999999999,20350.0,85500.0,32640.0
2022-01-14,13360.0,29690.0,13120.0,21430.0,45720.0,70760.0,33370.0,12460.0,23670.0,10040.0,10720.0,50910.0,119790.0,63500.0,56260.0,12020.0,19740.0,23470.0,35000.0,23030.0,40370.0,46510.0,38460.0,15620.0,49450.0,93850.0,65330.0,20100.0,85500.0,33220.0
2022-01-17,13240.0,29300.0,13060.0,21150.0,44560.0,70140.0,31080.0,11810.0,22870.0,9890.0,10660.0,50630.0,117470.0,61610.0,55560.0,11760.0,19640.0,21830.0,32600.0,22490.0,40370.0,48070.0,37010.0,14980.0,48500.0,92690.0,63930.0,19070.0,85500.0,30900.0
2022-01-18,13250.0,30140.0,13290.0,20880.0,44100.0,71750.0,29080.0,12040.0,22520.0,9730.0,10810.0,50910.0,117550.0,61660.0,55910.0,11010.0,19470.0,20380.0,33900.0,22560.0,40370.0,48840.0,36030.0,14770.0,47950.0,95770.0,64330.0,19190.0,85500.0,31290.0
2022-01-19,13330.0,29300.0,13240.0,20440.0,44190.0,71750.0,29720.0,11790.0,22260.0,9760.0,10700.0,50910.0,122020.0,63260.0,55560.0,10350.0,19470.0,21770.0,32900.0,22600.0,40370.0,48400.0,36310.0,14830.0,47900.0,97150.0,64330.0,19340.0,85500.0,32110.0
2022-01-20,13320.0,31340.0,13470.0,21210.0,44460.0,72830.0,30370.0,11770.0,22520.0,9810.0,10930.0,51120.0,123420.0,63500.0,55560.0,10960.0,19980.0,22020.0,33800.0,22600.0,40370.0,48570.0,36770.0,14980.0,47500.0,95080.0,64019.99999999999,19590.0,85500.0,32450.000000000004
2022-01-21,13510.0,31780.0,14140.0,21480.0,44150.0,72030.0,30280.0,11890.0,22150.0,9980.0,11500.0,51120.0,124910.0,63120.0,54820.0,11010.0,19980.0,21470.0,34600.0,23050.0,40370.0,49740.0,37150.0,15340.0,47750.0,93850.0,63700.0,19800.0,85500.0,31970.0
2022-01-24,13880.0,31480.0,13910.0,21550.0,42710.0,71830.0,28180.0,11810.0,20830.0,9890.0,11600.0,50450.0,118300.0,61560.0,53700.0,11010.0,19960.0,19970.0,33300.0,23270.0,40370.0,51870.0,35650.0,15010.0,47500.0,92690.0,62470.0,19320.0,85500.0,29940.0
2022-01-25,14080.0,32870.0,14140.0,22370.0,43300.0,73430.0,29200.0,12240.0,22130.0,10590.0,11780.0,49910.0,126570.0,62070.0,53700.0,11420.0,20330.0,20620.0,34700.0,24020.0,40370.0,53430.0,37900.0,15590.0,48000.0,93310.0,61090.0,20140.0,85500.0,32009.999999999996
2022-01-26,14330.0,32270.000000000004,14370.0,22760.0,43060.0,75250.0,28980.0,12510.0,22240.0,11320.0,12040.0,49550.0,121610.0,62520.0,53240.0,11870.0,20150.0,20450.0,35550.0,24240.0,40370.0,52700.0,37990.0,16030.000000000002,48200.0,93150.0,61480.0,20720.0,85500.0,32740.000000000004
2022-01-27,14100.0,31940.0,14430.0,22300.0,43000.0,74970.0,28690.0,12550.0,21580.0,11270.0,11930.0,49510.0,117470.0,62320.0,55110.0,11710.0,19850.0,20910.0,35400.0,24020.0,40370.0,50750.0,37900.0,15930.0,48250.0,93150.0,64099.99999999999,20450.0,85500.0,33030.0
2022-01-28,13970.0,32180.0,13860.0,22300.0,44810.0,73100.0,29150.0,12580.0,21610.0,11500.0,12180.0,49590.0,118300.0,62780.0,55070.0,12020.0,20000.0,21700.0,35550.0,24440.0,40370.0,49630.0,37570.0,16170.000000000002,48500.0,93770.0,64099.99999999999,21150.0,85500.0,33750.0
2022-02-07,14030.0,31810.0,15270.0,21940.0,44810.0,76920.0,30100.0,12660.0,22040.0,11440.0,12220.0,50050.0,122350.0,63450.0,56330.0,12340.0,20000.0,22090.0,35600.0,24440.0,40370.0,51520.0,38460.0,16110.0,45600.0,100310.0,64410.0,20950.0,85500.0,34280.0
2022-02-08,14450.0,31780.0,14990.0,22060.0,45360.0,76450.0,30840.0,12780.0,23320.0,11460.0,12220.0,52710.0,120360.0,64590.0,57330.0,12400.0,19440.0,22000.0,35850.0,24900.0,40370.0,51300.0,37990.0,16329.999999999998,43650.0,101150.0,63260.0,21530.0,85500.0,34280.0
2022-02-09,14380.0,32490.000000000004,14930.0,21970.0,45390.0,73770.0,30940.0,12870.0,24210.0,11320.0,12040.0,51800.0,121280.0,64920.0,56970.0,12870.0,19550.0,22020.0,35050.0,24800.0,40370.0,50630.0,38130.0,16290.0,42850.0,103850.0,63870.0,21410.0,85500.0,34670.0
2022-02-10,14370.0,32490.000000000004,15450.0,22220.0,46060.0,75110.0,31400.0,12830.0,24060.0,11500.0,12200.0,51350.0,123760.0,64590.0,58150.0,12620.0,19640.0,21730.0,34750.0,24800.0,40370.0,50920.0,37480.0,16180.0,42000.0,102310.0,63800.0,21170.0,85500.0,34770.0
2022-02-11,14420.0,32140.0,15390.0,22250.0,45870.0,74440.0,31740.0,12710.0,24130.0,11920.0,12270.0,50450.0,123920.0,64110.0,59110.0,12620.0,19470.0,21730.0,35300.0,24850.0,40370.0,50190.0,37290.0,16230.0,40850.0,102150.0,63260.0,21130.0,85500.0,33420.0
2022-02-14,13730.0,30030.0,15550.0,20910.0,45550.0,77800.0,31130.0,11890.0,23650.0,11090.0,11560.0,50630.0,125410.0,62570.0,62180.0,11760.0,18630.0,21010.0,32850.0,23840.0,40370.0,47960.0,36540.0,15620.0,40900.0,107690.0,62560.0,20200.0,85500.0,31870.0
2022-02-15,13940.0,31010.0,15160.0,21130.0,45610.0,78730.0,31180.0,12010.0,23550.0,11320.0,11820.0,49550.0,132770.0,63170.0,62970.0,12050.0,18930.0,21290.0,33500.0,23970.0,40370.0,48520.0,37430.0,15710.0,41850.0,107080.0,62630.0,20760.0,85500.0,32840.0
2022-02-16,13810.0,30310.0,14930.0,20950.0,45720.0,76790.0,31540.0,11910.0,23550.0,11190.0,11800.0,51300.0,130789.99999999999,62970.0,62370.0,12080.0,18730.0,21630.0,33600.0,23870.0,40370.0,48520.0,37430.0,15510.0,41450.0,107080.0,62020.0,20580.0,85500.0,33130.0
2022-02-17,13850.0,30880.0,14930.0,21100.0,46450.0,79600.0,31780.0,12110.0,23800.0,11190.0,12000.0,51120.0,134840.0,63740.0,63150.0,12020.0,18470.0,21690.0,33900.0,24150.0,40370.0,48790.0,37800.0,15930.0,41550.0,108920.0,62320.0,20950.0,85500.0,33270.0
2022-02-18,13680.0,30010.0,14930.0,20910.0,46140.0,78470.0,31400.0,12010.0,24080.0,10870.0,11800.0,51260.0,135090.0,63500.0,62730.0,11920.0,18420.0,21770.0,33350.0,23870.0,40370.0,48630.0,37290.0,15930.0,41100.0,114620.0,62180.0,20720.0,85500.0,32450.000000000004
2022-02-21,13900.0,30350.0,14880.0,20790.0,46820.0,77670.0,32340.000000000004,12060.0,23880.0,10890.0,11800.0,50450.0,132600.0,63450.0,62820.0,11920.0,18470.0,22170.0,33200.0,23840.0,40370.0,48740.0,37430.0,15860.0,41800.0,112310.0,62470.0,20720.0,85500.0,32930.0
2022-02-22,14030.0,30880.0,15160.0,20910.0,46500.0,78130.0,32009.999999999996,12040.0,23750.0,10890.0,12440.0,50450.0,130289.99999999999,65260.00000000001,62370.0,11790.0,18320.0,21690.0,33700.0,23790.0,40370.0,48400.0,37100.0,15820.0,41000.0,109850.0,61710.0,20520.0,85500.0,33320.0
2022-02-23,13980.0,30600.0,15780.0,21070.0,46570.0,78470.0,32009.999999999996,12080.0,23900.0,10870.0,12420.0,50140.0,130039.99999999999,65310.0,62890.0,11810.0,18540.0,21830.0,33600.0,23920.0,40370.0,48460.0,37150.0,15950.0,41250.0,114000.0,61710.0,20720.0,85500.0,33700.0
2022-02-24,13920.0,29930.0,16120.000000000002,20470.0,46060.0,79810.0,31490.0,11740.0,23550.0,10500.0,12290.0,50680.0,131950.0,64819.99999999999,62860.0,11600.0,18420.0,21490.0,32900.0,23370.0,40370.0,47560.0,36770.0,15930.0,40050.0,113850.0,60630.0,21300.0,85500.0,32840.0
2022-02-25,13880.0,29890.0,15550.0,20470.0,46200.0,78600.0,31780.0,11910.0,23500.0,10600.0,12330.0,50450.0,130710.00000000001,65209.99999999999,62820.0,11640.0,18470.0,22020.0,33000.0,23470.0,40370.0,47450.0,36630.0,16120.000000000002,39550.0,111620.0,60870.0,22050.0,85500.0,32840.0
2022-02-28,13700.0,29330.0,15840.0,20040.0,46710.0,79130.0,31910.0,11740.0,24150.0,10430.0,12440.0,50490.0,129050.00000000001,64450.0,62890.0,11570.0,18010.0,22020.0,32850.0,23320.0,40370.0,47120.0,36260.0,15950.0,38500.0,107770.0,60480.0,21920.0,85500.0,32350.0
2022-03-01,13680.0,29590.0,15780.0,20130.0,46770.0,78940.0,33370.0,11630.0,24010.0,10240.0,12290.0,50360.0,129470.0,64450.0,62230.0,11490.0,18780.0,22170.0,32650.0,23270.0,40370.0,47400.0,36490.0,15980.0,39600.0,108380.0,61090.0,21790.0,85500.0,32350.0
2022-03-02,13290.0,28490.0,16190.000000000002,19340.0,46610.0,79930.0,33090.0,11140.0,24010.0,9890.0,11750.0,49730.0,129870.0,63740.0,63150.0,11220.0,19230.0,21590.0,31250.0,22760.0,40370.0,47400.0,36260.0,15590.0,39450.0,111540.0,60560.0,21070.0,85500.0,31680.0
2022-03-03,13510.0,28710.0,16070.0,19710.0,46770.0,80950.0,33940.0,11500.0,25640.0,10240.0,11970.0,50140.0,131610.0,64680.00000000001,62440.0,11270.0,19260.0,21930.0,31850.0,22980.0,40370.0,47680.0,36490.0,15650.0,39500.0,110310.0,60480.0,21620.0,85500.0,31580.0
2022-03-04,13850.0,29050.0,15730.0,19800.0,46820.0,79130.0,33640.0,11400.0,25490.0,10290.0,11900.0,50090.0,133440.0,64349.99999999999,59790.0,11410.0,19340.0,22450.0,32000.0,23100.0,40370.0,47350.0,36450.0,15590.0,39500.0,107230.0,60080.0,21990.0,85500.0,32590.000000000004
2022-03-07,13430.0,28350.0,16680.0,19430.0,46960.0,83560.0,34350.0,11160.0,26150.0,10130.0,11650.0,50180.0,130870.0,63600.0,57780.0,11260.0,19230.0,22550.0,31500.0,22780.0,40370.0,47350.0,35650.0,15270.0,39250.0,103230.0,59250.0,21750.0,85500.0,31770.0
2022-03-08,13170.0,27910.0,16070.0,19370.0,47470.0,80950.0,33940.0,11140.0,25310.0,10130.0,11200.0,49320.0,131360.0,63600.0,58150.0,11190.0,19190.0,22640.0,30850.0,22670.0,40370.0,45450.0,34900.0,15190.0,38950.0,105380.0,58710.0,21350.0,85500.0,31390.0
2022-03-09,13210.0,27170.0,16460.0,19340.0,47810.0,81950.0,33640.0,11000.0,25520.0,10130.0,11120.0,49550.0,128630.0,63400.0,57920.0,11220.0,19080.0,22450.0,31100.0,22720.0,40370.0,46280.0,34620.0,15130.0,39000.0,107690.0,57920.0,21270.0,85500.0,30520.0
2022-03-10,13290.0,27480.0,16120.000000000002,19400.0,47360.0,79460.0,33230.0,10970.0,25150.0,10240.0,11220.0,50000.0,124090.0,63260.0,58680.0,11260.0,19080.0,22450.0,31550.0,22780.0,40370.0,46560.0,35180.0,15110.0,39550.0,106920.0,59470.0,21200.0,85500.0,30900.0
2022-03-11,13210.0,28080.0,15610.0,19490.0,46670.0,75720.0,32250.0,11120.0,24360.0,10200.0,11360.0,50000.0,117880.0,63020.0,57560.0,11260.0,19080.0,21690.0,32049.999999999996,22620.0,40370.0,46730.0,35090.0,14860.0,39500.0,106540.0,60170.0,21010.0,85500.0,30760.0
2022-03-14,13210.0,27720.0,14600.0,19280.0,45980.0,71090.0,31180.0,11040.0,23450.0,10060.0,11440.0,49960.0,112590.0,62420.0,57560.0,11670.0,19030.0,20810.0,32500.0,22440.0,40370.0,46950.0,34860.0,14620.0,39150.0,111540.0,59550.0,20780.0,85500.0,30900.0
2022-03-15,13250.0,28260.0,14540.0,19310.0,45550.0,72420.0,31640.0,11080.0,23620.0,10150.0,11420.0,49460.0,116720.0,62270.0,56550.0,11600.0,19080.0,20860.0,32700.000000000004,22490.0,40370.0,45220.0,34860.0,14720.0,39150.0,113850.0,59550.0,21300.0,85500.0,30660.0
2022-03-16,13250.0,27910.0,14640.0,19340.0,45870.0,73230.0,31490.0,11060.0,23650.0,10200.0,11600.0,49410.0,116220.0,62270.0,57560.0,11630.0,19190.0,21100.0,32900.0,22700.0,40370.0,46010.0,34720.0,14990.0,39050.0,113080.0,59640.0,21230.0,85500.0,30660.0
2022-03-17,13330.0,29190.0,14480.0,19760.0,46410.0,71960.0,31590.0,11200.0,23530.0,10290.0,11680.0,49100.0,114160.0,61970.0,57560.0,11760.0,19230.0,21100.0,32800.0,22670.0,40370.0,46280.0,34620.0,15040.0,39200.0,111540.0,58920.0,21040.0,85500.0,31150.0
2022-03-18,13250.0,29470.0,14930.0,19830.0,47620.0,73030.0,31780.0,11240.0,23800.0,10240.0,11600.0,49550.0,113090.0,62370.0,56610.0,11570.0,19260.0,21100.0,33100.0,22760.0,40370.0,46950.0,34900.0,15060.0,39400.0,114000.0,58630.0,20930.0,85500.0,31870.0
2022-03-21,13320.0,29400.0,15160.0,19850.0,47720.0,76450.0,32340.000000000004,11530.0,23990.0,10310.0,11650.0,49140.0,119950.0,63930.0,56890.0,11840.0,19260.0,21340.0,33100.0,22880.0,40370.0,47350.0,36260.0,15250.0,40500.0,110230.0,59870.0,21230.0,85500.0,32060.000000000004
2022-03-22,13460.0,29190.0,15270.0,19940.0,48260.0,77120.0,32380.000000000004,11530.0,24010.0,10550.0,11730.0,49550.0,122850.0,64069.99999999999,57560.0,11790.0,19490.0,21370.0,34050.0,23090.0,40370.0,47350.0,36490.0,15340.0,41100.0,108310.0,59310.0,21270.0,85500.0,32060.000000000004
2022-03-23,13410.0,29130.0,15160.0,19850.0,48310.0,75310.0,33090.0,11400.0,23950.0,10460.0,11620.0,52710.0,121610.0,63980.0,58860.0,11730.0,19440.0,21290.0,34000.0,22950.0,40370.0,47350.0,36120.0,15310.0,40700.0,108460.0,58710.0,21150.0,85500.0,31730.0
2022-03-24,13290.0,28920.0,15270.0,19680.0,48060.0,75310.0,32610.0,11450.0,23750.0,10380.0,11580.0,51700.0,121280.0,63500.0,58980.0,11760.0,19380.0,21100.0,33650.0,22810.0,40370.0,46560.0,35420.0,15210.0,40500.0,110770.0,58320.0,20980.0,85500.0,31680.0
2022-03-25,13210.0,29160.0,15110.0,19470.0,47900.0,74240.0,32430.0,11380.0,23750.0,10260.0,11500.0,50450.0,121110.0,65810.0,58860.0,11760.0,19380.0,20940.0,33650.0,22780.0,40370.0,46010.0,35510.0,15130.0,40500.0,110000.0,57990.0,21200.0,85500.0,31580.0
2022-03-28,13070.0,27910.0,15270.0,19220.0,49100.0,74120.0,31640.0,11160.0,23500.0,10060.0,11390.0,50450.0,120440.0,68240.0,58900.0,11420.0,19160.0,20360.0,31850.0,22590.0,40370.0,45950.0,35040.0,14950.0,40250.0,108310.0,56610.0,20930.0,85500.0,30900.0
2022-03-29,13070.0,28460.0,15270.0,19340.0,52520.0,75050.0,32250.0,11220.0,23470.0,10150.0,11560.0,50940.0,119120.0,69430.0,59040.0,11570.0,18580.0,20540.0,32299.999999999996,22620.0,40370.0,45670.0,35790.0,15270.0,40400.0,109920.0,58240.0,21010.0,85500.0,31440.0
2022-03-30,13170.0,29230.0,15040.0,19370.0,53080.0,73830.0,31640.0,11530.0,23290.0,10090.0,11800.0,51120.0,119120.0,68430.0,59010.0,11630.0,19370.0,20380.0,32250.0,22740.0,40370.0,45720.0,35460.0,15980.0,40550.0,108080.0,58780.0,21230.0,85500.0,31390.0
2022-03-31,13360.0,29190.0,14760.0,19620.0,53560.0,72620.0,31780.0,11540.0,23090.0,9970.0,11920.0,52120.0,117630.0,69080.0,59430.0,11420.0,19370.0,20230.0,31700.0,22930.0,40370.0,45780.0,35460.0,16000.0,40600.0,108080.0,62400.0,21480.0,85500.0,32299.999999999996
2022-04-01,13500.0,29760.0,14700.0,19980.0,55570.0,73560.0,32299.999999999996,11990.0,23400.0,10100.0,12040.0,51750.0,121190.0,73920.0,61780.0,11810.0,19590.0,20670.0,32200.000000000004,23270.0,40370.0,46180.0,35650.0,16290.0,41050.0,108380.0,63020.0,22260.0,85500.0,32880.0
2022-04-04,13540.0,29690.0,14820.0,19850.0,54720.0,75380.0,34110.0,11850.0,23470.0,10090.0,11930.0,51800.0,124090.0,73460.0,62230.0,11600.0,19620.0,21690.0,32200.000000000004,22980.0,40370.0,46060.0,35700.0,16260.000000000002,41350.0,109920.0,63390.0,22510.0,85500.0,32880.0
2022-04-05,13330.0,29050.0,15160.0,19560.0,54570.0,76660.0,34010.0,11700.0,23600.0,10480.0,11800.0,51980.0,125410.0,73550.0,62120.0,11380.0,19570.0,21340.0,31800.0,22700.0,40370.0,46280.0,35740.0,15930.0,41150.0,108850.0,62020.0,22100.0,85500.0,32500.0
2022-04-06,13410.0,29190.0,15160.0,19710.0,56570.0,76250.0,34580.0,11810.0,24180.0,10600.0,12050.0,51700.0,127230.0,75250.0,63350.0,11410.0,19570.0,21490.0,32350.0,23090.0,40370.0,47170.0,35700.0,16120.000000000002,40250.0,108460.0,61170.0,23050.0,85500.0,32450.000000000004
2022-04-07,13580.0,28880.0,15270.0,19680.0,56720.0,75650.0,33940.0,11770.0,23830.0,10360.0,12180.0,51350.0,124910.0,73460.0,62230.0,11040.0,19420.0,21220.0,31900.0,22810.0,40370.0,46280.0,35090.0,15880.0,39750.0,105380.0,60560.0,22960.0,85500.0,31530.0
2022-04-08,13680.0,28120.0,14930.0,19370.0,54310.0,73900.0,32570.0,11500.0,23750.0,10230.0,12000.0,50540.0,122850.0,71080.0,61380.0,10690.0,19230.0,20720.0,31000.0,22600.0,40370.0,46280.0,35140.0,15310.0,40850.0,106460.0,59640.0,22390.0,85500.0,31100.0
2022-04-12,13510.0,27130.0,14250.0,18740.0,54970.0,73030.0,30840.0,11320.0,23090.0,9960.0,11650.0,50590.0,124480.0,72360.0,61030.0,10150.0,19340.0,20130.0,30800.0,22210.0,40370.0,45950.0,34150.0,15040.0,40650.0,106150.0,59250.0,22510.0,85500.0,30030.0
2022-04-13,13600.0,27440.0,14540.0,19040.0,57630.0,73830.0,32250.0,11400.0,23140.0,10190.0,11780.0,50450.0,125970.0,74020.0,61110.0,10480.0,19370.0,20490.0,31350.0,22210.0,40370.0,45950.0,34200.0,15310.0,41100.0,106230.0,59550.0,22510.0,85500.0,30760.0
2022-04-14,13660.0,27170.0,14600.0,18860.0,58370.0,74840.0,32299.999999999996,11120.0,22980.0,10090.0,11680.0,51300.0,124780.0,75590.0,62370.0,10500.0,19420.0,20230.0,30800.0,21890.0,40370.0,45170.0,33830.0,15230.0,40850.0,105310.0,58840.0,22800.0,85500.0,30760.0
2022-04-15,13550.0,26370.0,14600.0,18740.0,57570.0,77190.0,33640.0,10710.0,22630.0,10050.0,11350.0,50450.0,124090.0,75910.0,63010.0,10400.0,19340.0,19270.0,30100.0,21100.0,40370.0,44720.0,33260.0,14890.0,40350.0,104540.0,59000.0,22230.0,85500.0,30420.0
2022-04-18,13250.0,25460.0,14320.0,17650.0,57820.0,77330.0,34400.0,10590.0,21840.0,9420.0,10950.0,50910.0,123090.0,75910.0,63540.0,10400.0,19210.0,18070.0,29000.0,20750.0,40370.0,43330.0,32659.999999999996,14680.0,39750.0,106380.0,59390.0,21150.0,85500.0,30280.0
2022-04-19,12790.0,25460.0,14370.0,17370.0,56070.0,76390.0,32710.0,10550.0,22150.0,8780.0,10590.0,50940.0,119620.0,73920.0,63130.0,9700.0,19160.0,16870.0,27500.0,20220.0,40370.0,43330.0,32240.000000000004,14450.0,39400.0,110080.0,58630.0,20660.0,85500.0,29790.0
2022-04-20,12890.0,25460.0,13240.0,17340.0,56070.0,71490.0,30420.0,10490.0,22120.0,8160.0,10660.0,50000.0,123390.0,73920.0,64290.00000000001,9040.0,19210.0,16960.0,27550.0,19920.0,40370.0,43720.0,31250.0,14070.0,39650.0,109230.0,58320.0,20320.0,85500.0,29600.0
2022-04-21,12730.0,25830.0,12500.0,17530.0,56070.0,70410.0,28510.0,10140.0,22190.0,8300.0,10840.0,50220.0,122100.0,73690.0,63430.0,8660.0,19320.0,17370.0,27650.0,20170.0,40370.0,43720.0,29940.0,14280.0,38750.0,105000.0,57860.0,20490.0,85500.0,29460.0
2022-04-22,13050.0,25830.0,12620.0,17780.0,55610.0,75310.0,27570.0,10240.0,22430.0,8500.0,10840.0,50000.0,122400.0,73830.0,63650.0,8750.0,19210.0,17370.0,28800.0,20410.0,40370.0,45840.0,30270.0,14450.0,38850.0,106310.0,58550.0,21230.0,85500.0,29840.0
2022-04-25,12320.0,24050.0,11200.0,16540.0,51770.0,70090.0,25660.0,9590.0,20860.0,7910.0,10150.0,50000.0,115150.0,68670.0,59200.0,8250.0,18070.0,16149.999999999998,26800.0,19000.0,40370.0,45610.0,29470.0,13590.0,38100.0,100770.0,56680.0,19760.0,85500.0,28060.0
2022-04-26,12490.0,24760.0,12050.0,16710.0,52220.0,73100.0,26640.0,9980.0,21090.0,8260.0,10610.0,49460.0,115150.0,70510.0,63150.0,8450.0,18540.0,16620.0,27400.0,19210.0,40370.0,44890.0,30410.0,13980.0,39000.0,99230.0,58550.0,21010.0,85500.0,29990.0
2022-04-27,12490.0,24960.0,12160.0,17110.0,51560.0,74440.0,27190.0,10190.0,21750.0,8280.0,10740.0,47740.0,118130.0,69750.0,63150.0,8660.0,18850.0,16570.0,28200.0,19250.0,40370.0,45450.0,30410.0,14220.0,39000.0,99230.0,57860.0,20760.0,85500.0,29460.0
2022-04-28,12530.0,24630.0,12160.0,17050.0,52810.0,72220.0,26880.0,10260.0,22060.0,8220.0,10650.0,49320.0,115650.0,68720.0,61660.0,8660.0,18950.0,16140.0,27700.0,19570.0,40370.0,45450.0,30180.0,14080.0,38950.0,99230.0,57310.0,21070.0,85500.0,28830.0
2022-04-29,13210.0,25000.0,12270.0,16770.0,52570.0,71090.0,26970.0,10310.0,22150.0,8350.0,10770.0,49320.0,115150.0,70710.0,60580.0,8700.0,18700.0,16149.999999999998,27700.0,20360.0,40370.0,45110.0,30410.0,14620.0,40000.0,99920.0,57230.0,21170.0,85500.0,29840.0
2022-05-04,12830.0,25000.0,12390.0,16320.0,52320.0,72420.0,26220.0,10100.0,21500.0,8550.0,10450.0,49100.0,112270.0,70840.0,61110.0,8920.0,18450.0,15410.0,26750.0,19430.0,40370.0,44550.0,30180.0,13750.0,39850.0,100230.0,55930.0,20660.0,85500.0,28920.0
2022-05-05,12800.0,25640.0,12390.0,16870.0,52430.0,73360.0,26360.0,10240.0,21530.0,8370.0,10490.0,48650.0,118130.0,70800.0,63310.0,8830.0,18420.0,14940.0,26900.0,19720.0,40370.0,45170.0,32189.999999999996,14220.0,40000.0,100620.0,55620.0,20520.0,85500.0,29260.0
2022-05-06,12530.0,24820.0,12160.0,16320.0,50150.0,73640.0,25040.0,9790.0,21400.0,7990.0,10110.0,48650.0,116150.0,69470.0,62600.0,8290.0,17970.0,13890.0,25500.0,19210.0,40370.0,44270.0,32140.0,13800.0,39900.0,98460.0,54160.0,19710.0,85500.0,28590.0
2022-05-09,12360.0,23110.0,11420.0,15210.0,47060.0,70350.0,23320.0,9370.0,20450.0,7470.0,9470.0,48550.0,114060.0,64640.0,59830.0,7760.0,17560.0,12940.0,23750.0,17860.0,40370.0,43440.0,31810.0,13270.0,39550.0,95380.0,53980.0,18350.0,85500.0,27230.0
2022-05-10,12450.0,24030.0,11660.0,15240.0,49250.0,72420.0,23130.0,9790.0,21050.0,7590.0,9770.0,47520.0,115250.0,66400.0,61620.0,7850.0,18320.0,13440.0,23900.0,17910.0,40370.0,44610.0,32700.000000000004,13070.0,40200.0,99310.0,54450.0,19220.0,85500.0,27140.0
2022-05-11,12770.0,24220.0,11600.0,16140.0,51010.0,73030.0,22990.0,9890.0,20800.0,7590.0,9940.0,48650.0,111080.0,66810.0,61110.0,7840.0,18320.0,13350.0,23550.0,18040.0,40370.0,44610.0,32980.0,13420.0,40250.0,97310.0,53610.0,19290.0,85500.0,27910.0
2022-05-12,11920.0,22550.0,10860.0,15110.0,47860.0,70810.0,21400.0,9350.0,19580.0,7080.0,9260.0,49510.0,103340.0,63700.0,61620.0,7310.0,17810.0,12430.0,21950.0,16800.0,40370.0,42930.0,32240.000000000004,12490.0,39500.0,96000.0,51300.0,17940.0,85500.0,25980.0
2022-05-13,11110.0,21340.0,10460.0,14450.0,46860.0,67070.0,19910.0,9040.0,18370.0,6600.0,8710.0,47250.0,96190.0,59280.0,60810.0,6840.0,17630.0,12430.0,20450.0,15640.0,40370.0,40700.0,31810.0,11620.0,39000.0,96850.0,50980.0,16730.0,85500.0,24430.0
2022-05-16,11150.0,21600.0,10920.0,14840.0,46670.0,63710.0,20420.0,9160.0,18580.0,6670.0,8900.0,45950.0,89540.0,58280.0,58980.0,6500.0,17710.0,13160.0,19050.0,15080.0,40370.0,41390.0,30780.0,11740.0,38500.0,96920.0,50760.0,16730.0,85500.0,25350.0
2022-05-17,11820.0,23110.0,11990.0,15870.0,49910.0,67660.0,21820.0,9770.0,19550.0,7120.0,9500.0,46850.0,95790.0,62370.0,61850.0,6950.0,17710.0,14040.0,20350.0,16120.000000000002,40370.0,42380.0,31300.0,12220.0,39000.0,98460.0,53980.0,17900.0,85500.0,26460.0
2022-05-18,11700.0,23430.0,12270.0,16070.0,48910.0,70410.0,21820.0,9770.0,19550.0,7530.0,9630.0,46180.0,102450.0,63260.0,60360.0,7440.0,17710.0,13800.0,21750.0,16680.0,40370.0,42040.0,31300.0,12220.0,39000.0,96690.0,54210.0,17860.0,85500.0,26460.0
2022-05-19,11550.0,23250.0,12900.0,15780.0,48570.0,70950.0,21450.0,9890.0,19390.0,7410.0,9670.0,46180.0,109590.0,63020.0,60880.0,7720.0,17610.0,13730.0,21750.0,16560.0,40370.0,42380.0,31350.0,11850.0,38950.0,96380.0,53220.0,17570.0,85500.0,26460.0
2022-05-20,11730.0,23150.0,13240.0,15660.0,48820.0,70090.0,22140.0,9920.0,19260.0,7440.0,9760.0,46250.0,107010.0,63500.0,58490.0,7880.0,17730.0,13710.0,21600.0,16510.0,40370.0,41990.0,31250.0,11880.0,38900.0,96380.0,52530.0,17660.0,85500.0,26410.0
2022-05-23,11490.0,22370.0,13630.0,15110.0,48310.0,69410.0,22140.0,9850.0,18810.0,7330.0,9500.0,46620.0,103740.0,61970.0,57600.0,7760.0,17560.0,12770.0,20350.0,16120.000000000002,40370.0,41480.0,31210.0,11400.0,38700.0,96150.0,51120.0,16910.0,85500.0,26410.0
2022-05-24,11640.0,22650.0,13520.0,15720.0,49150.0,70950.0,22580.0,10020.0,17860.0,7440.0,9700.0,45630.0,108200.0,63020.0,57560.0,7700.0,17320.0,13540.0,21750.0,16320.0,40370.0,42160.0,31300.0,11720.0,38800.0,96380.0,53140.0,17310.0,85500.0,27140.0
2022-05-25,12120.0,23430.0,14080.0,16260.000000000002,52570.0,72700.0,23690.0,10450.0,17640.0,7740.0,10130.0,45630.0,109690.0,65860.0,57560.0,8130.000000000001,17320.0,13870.0,22750.0,16890.0,40370.0,42930.0,31770.0,12100.0,38850.0,96690.0,55440.0,18190.0,85500.0,28440.0
2022-05-26,12260.0,23560.0,13470.0,16140.0,52860.0,72160.0,23690.0,10400.0,17920.0,7740.0,10000.0,46180.0,107810.0,65860.0,57180.0,8070.0,17420.0,14190.0,22400.0,16980.0,40370.0,42770.0,32140.0,12040.0,38850.0,96150.0,55010.0,17910.0,85500.0,28590.0
2022-05-27,12850.0,23690.0,13520.0,16320.0,55980.0,73770.0,23840.0,10510.0,18150.0,7660.0,10110.0,46180.0,109200.0,69520.0,57560.0,8130.000000000001,17610.0,14410.0,22250.0,17330.0,40370.0,43160.0,32610.0,12330.0,39000.0,97690.0,56300.0,17940.0,85500.0,28780.0
2022-05-30,12910.0,23980.0,14020.0,16500.0,55720.0,73770.0,23790.0,10530.0,18150.0,7780.0,10150.0,45270.0,109200.0,68800.0,57330.0,8090.0,17460.0,14410.0,22800.0,17470.0,40370.0,43500.0,32980.0,12500.0,39250.0,101920.0,55930.0,18250.0,85500.0,28920.0
2022-05-31,12750.0,23690.0,15040.0,16870.0,55030.0,78940.0,23550.0,10630.0,17750.0,7640.0,10040.0,46350.0,111580.0,68670.0,57370.0,7910.0,17200.0,14290.0,22350.0,17190.0,40370.0,44000.0,33510.0,12310.0,39400.0,100690.0,55310.0,17900.0,85500.0,29120.0
2022-06-01,12560.0,23600.0,15610.0,16770.0,55980.0,81150.0,23510.0,10660.0,17590.0,7620.0,9970.0,45450.0,114160.0,68950.0,57210.0,7930.0,17050.0,14240.0,22250.0,17050.0,40370.0,44890.0,33850.0,12160.0,39650.0,101000.0,55440.0,17810.0,85500.0,29020.0
2022-06-02,12800.0,23290.0,15330.0,16770.0,55820.0,79740.0,24120.0,10590.0,16970.0,7440.0,9850.0,45040.0,113460.0,70000.0,57180.0,7810.0,17200.0,13970.0,21550.0,16840.0,40370.0,44050.0,33470.0,12090.0,39450.0,99000.0,54840.0,17470.0,85500.0,28920.0
2022-06-03,12780.0,23040.0,15670.0,16560.0,57080.0,83280.0,23370.0,10350.0,17100.0,7330.0,9900.0,45040.0,111980.0,72610.0,58010.0,7720.0,17200.0,14090.0,21150.0,16870.0,40370.0,43210.0,33420.0,11970.0,39400.0,97690.0,54210.0,17740.0,85500.0,28920.0
2022-06-06,12780.0,22950.0,17200.0,16440.0,56570.0,87120.0,23510.0,10310.0,17050.0,7330.0,9850.0,45040.0,116150.0,73310.0,59240.0,7510.0,17180.0,13970.0,20500.0,16680.0,40370.0,44440.0,33370.0,12010.0,39250.0,98150.0,54620.0,17660.0,85500.0,28920.0
2022-06-07,12600.0,22550.0,17940.0,16560.0,57880.0,87180.0,23650.0,10310.0,17000.0,7230.0,9750.0,44590.0,117040.0,72960.0,59760.0,7290.0,17000.0,13580.0,20200.0,16760.0,40370.0,45170.0,32980.0,11940.0,39000.0,97540.0,54450.0,17570.0,85500.0,28880.0
2022-06-08,12980.0,23020.0,17650.0,16740.0,57570.0,86450.0,25290.0,10570.0,16850.0,7710.0,10100.0,45500.0,118430.0,73160.0,59690.0,7810.0,17200.0,14120.0,21600.0,17240.0,40370.0,44160.0,32980.0,12250.0,39050.0,97690.0,54760.0,18350.0,85500.0,29360.0
2022-06-09,13010.0,23150.0,18200.0,16740.0,57720.0,85570.0,25660.0,10510.0,17290.0,7770.0,10050.0,45040.0,117630.0,72870.0,58680.0,7840.0,17030.0,13970.0,22300.0,17310.0,40370.0,43390.0,32890.0,12160.0,39050.0,98310.0,54160.0,18190.0,85500.0,29840.0
2022-06-10,12730.0,22690.0,17140.0,16379.999999999998,55080.0,79600.0,24390.0,10550.0,17200.0,7590.0,9940.0,45040.0,116150.0,71540.0,58940.0,7640.0,16840.0,13420.0,21900.0,17560.0,40370.0,43330.0,32890.0,11960.0,39000.0,98230.0,53610.0,17840.0,85500.0,29460.0
2022-06-13,12070.0,21430.0,16400.0,15270.0,52260.0,79130.0,22720.0,10000.0,16270.0,7080.0,9260.0,44370.0,108200.0,66760.0,57180.0,7220.0,16079.999999999998,12490.0,20600.0,16660.0,40370.0,42610.0,31780.0,11130.0,38200.0,96080.0,51210.0,16600.0,85500.0,28010.0
2022-06-14,12170.0,21680.0,18050.0,15270.0,54030.0,84500.0,23130.0,10140.0,15510.0,6690.0,9220.0,44590.0,105520.0,68440.0,56060.0,7270.0,16790.0,11730.0,20900.0,16540.0,40370.0,42930.0,31780.0,10390.0,38300.0,96000.0,50980.0,16640.0,85500.0,28150.0
2022-06-15,11920.0,21470.0,17710.0,14810.0,54870.0,83160.0,21540.0,9980.0,15050.0,6310.0,9000.0,44590.0,105230.0,70440.0,56810.0,7080.0,17300.0,10900.0,20700.0,16510.0,40370.0,42660.0,31730.0,10100.0,38350.0,95770.0,49750.0,16640.0,85500.0,27910.0
2022-06-16,12170.0,21680.0,18200.0,14930.0,55780.0,85840.0,21970.0,10160.0,15860.0,6420.0,9000.0,45000.0,109890.0,75360.0,58460.0,7120.0,18250.0,10670.0,21000.0,16680.0,40370.0,44110.0,31780.0,10200.0,38300.0,96460.0,52450.0,16730.0,85500.0,28200.0
2022-06-17,11670.0,21210.0,18500.0,14240.0,55780.0,89860.0,21220.0,10020.0,15680.0,6100.0,8430.0,44150.0,116150.0,74120.0,58310.0,6920.0,18220.0,9920.0,20250.0,15960.0,40370.0,42440.0,31780.0,9480.0,38300.0,96080.0,51440.0,16090.0,85500.0,28340.0
2022-06-20,11570.0,19800.0,17140.0,13670.0,55780.0,83630.0,20380.0,9680.0,14620.0,6000.0,8140.000000000001,44410.0,110190.0,70490.0,56810.0,7140.0,18220.0,9260.0,18850.0,15270.0,40370.0,42380.0,31300.0,8880.0,37800.0,97690.0,53220.0,15640.0,85500.0,27720.0
2022-06-21,11620.0,20340.0,15840.0,13940.0,54030.0,80140.0,20290.0,9610.0,14070.0,6060.0,8109.999999999999,44450.0,110190.0,70120.0,57920.0,6900.0,18190.0,8810.0,19200.0,15270.0,40370.0,43330.0,31300.0,8260.0,37500.0,98310.0,56850.0,15700.0,85500.0,27040.0
2022-06-22,12000.0,20470.0,14480.0,14260.0,51230.0,74580.0,20380.0,9610.0,14550.0,6470.0,8470.0,43920.0,105230.0,66580.0,58310.0,7060.0,18680.0,9430.0,20500.0,16100.000000000002,40370.0,42380.0,31200.0,8840.0,37500.0,99460.0,54450.0,16390.0,85500.0,27520.0
2022-06-23,12000.0,20810.0,15780.0,15270.0,51840.0,78320.0,21220.0,9580.0,14750.0,6880.0,8690.0,43690.0,109200.0,69150.0,57330.0,7240.0,18770.0,9860.0,21300.0,16630.0,40370.0,42330.0,30430.0,9350.0,37100.0,98620.0,54530.0,16430.0,85500.0,27090.0
2022-06-24,12020.0,20940.0,15840.0,14960.0,51840.0,76450.0,21270.0,9370.0,14750.0,6730.0,8570.0,44110.0,108700.0,68590.0,58150.0,7220.0,18950.0,9920.0,21200.0,16430.0,40370.0,41820.0,30430.0,9460.0,37300.0,98690.0,55160.0,16250.0,85500.0,26610.0
2022-06-27,12110.0,21300.0,16239.999999999998,15480.0,52450.0,76720.0,21820.0,9510.0,15490.0,6420.0,8710.0,44150.0,112170.0,68200.0,58590.0,7290.0,19040.0,10580.0,21500.0,16450.0,40370.0,41760.0,30580.0,9510.0,36900.0,102310.0,54840.0,16680.0,85500.0,27770.0
2022-06-28,12370.0,22580.0,16860.0,16140.0,54390.0,77800.0,21970.0,9890.0,15210.0,6820.0,8920.0,43780.0,113170.0,69450.0,58730.0,7550.0,19100.0,10450.0,22550.0,16980.0,40370.0,42560.0,30720.0,10160.0,36800.0,102310.0,54620.0,17310.0,85500.0,27860.0
2022-06-29,12230.0,23430.0,16239.999999999998,16230.0,54570.0,78470.0,21400.0,9930.0,15380.0,6880.0,8920.0,43920.0,113170.0,69640.0,57560.0,7470.0,19190.0,10530.0,22600.0,17000.0,40370.0,42100.0,30480.0,10280.0,36700.0,101770.0,55770.0,17310.0,85500.0,27480.0
2022-06-30,12120.0,22480.0,16120.000000000002,15810.0,52260.0,77450.0,21070.0,9770.0,15080.0,6640.0,8750.0,43920.0,111180.0,68200.0,57780.0,7220.0,19190.0,10020.0,21500.0,16450.0,40370.0,41710.0,29900.0,9860.0,36750.0,100000.0,55690.0,16730.0,85500.0,27570.0
2022-07-01,12150.0,23520.0,15550.0,16290.0,53360.0,75780.0,21120.0,9980.0,15150.0,6640.0,8750.0,42790.0,108700.0,67060.0,57510.0,7190.0,19220.0,10500.0,22000.0,16660.0,40370.0,41270.0,29570.0,10430.0,36300.0,100080.0,56850.0,16800.0,85500.0,27670.0
2022-07-04,12250.0,23520.0,15450.0,16070.0,52570.0,74810.0,20940.0,10000.0,14880.0,6930.0,8900.0,43020.0,107700.0,64670.0,57370.0,7270.0,19220.0,10770.0,22350.0,16830.0,40370.0,41330.0,29370.0,11160.0,36350.0,99690.0,57920.0,16850.0,85500.0,27520.0
2022-07-05,12350.0,24360.0,14700.0,16320.0,51770.0,70960.0,20190.0,10080.0,14810.0,6930.0,9200.0,42790.0,102000.0,62490.0,56360.0,7370.0,19260.0,10500.0,23050.0,17470.0,40370.0,41270.0,29130.0,11060.0,36150.0,96850.0,56400.0,17030.0,85500.0,26990.0
2022-07-06,12230.0,23890.0,12950.0,15620.0,50630.0,66000.0,19490.0,9720.0,14510.0,6640.0,9000.0,42610.0,100000.0,61050.0,57030.0,7140.0,19080.0,10140.0,22500.0,17400.0,40370.0,40590.0,28460.0,11060.0,33750.0,97770.0,56440.0,16620.0,85500.0,25110.0
2022-07-07,12190.0,24360.0,12730.0,15900.0,50380.0,64830.0,19390.0,9770.0,14700.0,6690.0,9070.0,42430.0,103000.0,61050.0,58370.0,7190.0,19010.0,10180.0,22600.0,17490.0,40370.0,42100.0,29370.0,11530.0,34900.0,99460.0,58260.0,16680.0,85500.0,26080.0
2022-07-08,12120.0,23490.0,13290.0,15660.0,50690.0,65860.0,19820.0,9650.0,15180.0,6750.0,9050.0,41890.0,104900.0,61990.0,57960.0,7270.0,19260.0,10880.0,22500.0,17370.0,40370.0,41270.0,29370.0,11500.0,35000.0,98310.0,58260.0,16510.0,85500.0,26080.0
2022-07-11,11870.0,23150.0,12730.0,15410.0,50210.0,65370.00000000001,19580.0,9320.0,14920.0,6610.0,8820.0,41890.0,102500.0,61530.0,57960.0,7140.0,19260.0,11010.0,22050.0,16470.0,40370.0,40150.0,29130.0,10980.0,35000.0,98000.0,58260.0,15870.0,85500.0,25110.0
2022-07-12,12120.0,24430.0,13290.0,15540.0,50630.0,68210.0,20940.0,9580.0,15080.0,6820.0,9050.0,41660.0,102000.0,61430.0,57410.0,7290.0,19440.0,11150.0,22600.0,16710.0,40370.0,40090.0,28990.0,11160.0,34950.0,96540.0,58500.0,16020.0,85500.0,25300.0
2022-07-13,12120.0,24190.0,12790.0,16050.0,50020.0,66340.0,21070.0,9650.0,15080.0,7050.0,9150.0,41660.0,101000.0,60670.0,57410.0,7810.0,19220.0,11040.0,23050.0,16710.0,40370.0,40050.0,28940.0,11160.0,34750.0,96000.0,57870.0,16020.0,85500.0,25350.0
2022-07-14,12150.0,24260.0,13060.0,16320.0,50210.0,68060.0,21690.0,9650.0,15020.0,7110.0,9220.0,38070.0,102500.0,59710.0,57880.0,7770.0,19130.0,11470.0,23300.0,16630.0,40370.0,40360.0,28940.0,11230.0,34750.0,97460.0,57780.0,16180.0,85500.0,25160.0
2022-07-15,12120.0,24030.0,12900.0,16320.0,49830.0,67170.0,21640.0,9610.0,15680.0,7120.0,9200.0,38820.0,101200.0,58670.0,57560.0,7840.0,19100.0,11250.0,23000.0,16710.0,40370.0,40310.0,28890.0,11130.0,34800.0,95920.0,57150.0,16300.0,85500.0,25300.0
2022-07-18,12070.0,23820.0,13350.0,16260.000000000002,50320.0,67170.0,21690.0,9580.0,15280.0,7170.0,9190.0,38610.0,102600.0,58180.0,57630.0,7700.0,19320.0,11150.0,22550.0,16800.0,40370.0,40150.0,28410.0,11290.0,34000.0,95540.0,57220.0,16250.0,85500.0,25160.0
2022-07-19,12070.0,23920.0,13630.0,16050.0,50320.0,70210.0,21690.0,9530.0,14980.0,7080.0,9110.0,40010.0,102000.0,57230.0,58590.0,7770.0,19340.0,11010.0,22950.0,16710.0,40370.0,39760.0,28310.0,11160.0,34400.0,95770.0,58100.0,16160.0,85500.0,25110.0
2022-07-20,12280.0,24430.0,13970.0,16360.0,51480.0,70960.0,22240.0,9720.0,15120.0,7200.0,9250.0,40450.0,103000.0,58380.0,59730.0,7910.0,19440.0,11360.0,23050.0,16800.0,40370.0,40420.0,28750.0,11420.0,34100.0,96540.0,58260.0,16250.0,85500.0,25160.0
2022-07-21,12450.0,24500.0,14020.0,16620.0,51530.0,71720.0,22140.0,9790.0,15350.0,7470.0,9250.0,41580.0,105500.0,61150.0,61660.0,7840.0,19440.0,11360.0,23100.0,17050.0,40370.0,40420.0,28360.0,11530.0,34250.0,96920.0,58420.0,16270.0,85500.0,25400.0
2022-07-22,12300.0,23820.0,14140.0,16260.000000000002,51590.0,74270.0,21970.0,9690.0,15020.0,7330.0,9250.0,41440.0,108500.0,61530.0,62050.0,7680.0,19410.0,11150.0,23000.0,17170.0,40370.0,40420.0,28270.0,12040.0,33250.0,96620.0,57480.0,16250.0,85500.0,25110.0
2022-07-25,12150.0,23750.0,13630.0,16070.0,51770.0,72130.0,21320.0,9610.0,14810.0,7440.0,9120.0,40540.0,108600.0,60390.0,61660.0,7550.0,19220.0,10900.0,22850.0,17030.0,40370.0,40650.0,28360.0,11840.0,33650.0,96770.0,58170.0,15960.0,85500.0,25400.0
2022-07-26,12150.0,23850.0,13910.0,16050.0,51420.0,72130.0,21270.0,9610.0,14650.0,7480.0,9090.0,42570.0,110000.0,60090.0,62680.0,7530.0,19280.0,10800.0,22950.0,16930.0,40370.0,41210.0,28270.0,11780.0,33050.0,96230.0,57480.0,15990.0,85500.0,25160.0
2022-07-27,12230.0,23850.0,14030.0,16320.0,51650.0,72130.0,21590.0,9730.0,14370.0,7780.0,9000.0,42610.0,109900.0,59230.0,62680.0,7640.0,19280.0,10880.0,23050.0,16930.0,40370.0,41820.0,28220.0,11780.0,33250.0,96380.0,57630.0,15990.0,85500.0,25400.0
2022-07-28,12350.0,24500.0,14200.0,16680.0,51480.0,73230.0,22390.0,9930.0,14470.0,7940.0,9250.0,41440.0,109900.0,59150.0,64660.0,7850.0,19320.0,11290.0,24450.0,17260.0,40370.0,41990.0,28310.0,12150.0,33500.0,98000.0,57930.0,16390.0,85500.0,27140.0
2022-07-29,12420.0,25040.0,14030.0,16440.0,50630.0,74060.0,22340.0,9840.0,14550.0,7740.0,9260.0,42340.0,106100.0,58180.0,67270.0,7840.0,19340.0,11390.0,24700.0,17540.0,40370.0,41650.0,28840.0,12220.0,32000.0,96690.0,58100.0,16560.0,85500.0,27040.0
2022-08-01,12630.0,26180.0,13980.0,17340.0,50930.0,74330.0,23090.0,10060.0,15420.0,8020.0,9580.0,41840.0,109400.0,58480.0,68400.0,8039.999999999999,19410.0,12160.0,25200.0,17860.0,40370.0,42930.0,28890.0,12250.0,32350.0,97770.0,58670.0,16800.0,85500.0,28010.0
2022-08-02,12530.0,25910.0,13980.0,17370.0,51110.0,73720.0,23090.0,10120.0,15520.0,7990.0,9670.0,42340.0,108000.0,58950.0,69780.0,8130.000000000001,19130.0,12370.0,25200.0,17700.0,40370.0,43390.0,30000.0,12260.0,32900.0,97150.0,58260.0,16710.0,85500.0,27720.0
2022-08-03,12600.0,26370.0,14150.0,17590.0,51420.0,77160.0,23090.0,10120.0,16059.999999999998,8150.0,9720.0,42390.0,110000.0,58950.0,70980.0,8150.0,19320.0,12560.0,25450.0,17650.0,40370.0,44330.0,29810.0,12040.0,33000.0,97690.0,58590.0,16730.0,85500.0,28060.0
2022-08-04,12630.0,26370.0,13910.0,17440.0,52200.0,75100.0,22990.0,10140.0,16000.0,8160.0,9750.0,43250.0,107900.0,59810.0,69130.0,8130.000000000001,19280.0,12560.0,25200.0,17770.0,40370.0,46010.0,30340.0,11970.0,33200.0,99380.0,58500.0,16970.0,85500.0,28010.0
2022-08-05,12550.0,26180.0,14030.0,17530.0,52020.0,75440.0,23130.0,10060.0,15750.0,8200.0,9750.0,44020.0,104500.0,59810.0,68230.0,8090.0,19160.0,13230.0,25250.0,17770.0,40370.0,45720.0,29760.0,11920.0,32700.000000000004,97310.0,57930.0,16940.0,85500.0,27960.0
2022-08-08,12490.0,26040.0,14320.0,17530.0,52140.0,76470.0,23470.0,10190.0,15950.0,8119.999999999999,9800.0,47520.0,104800.0,60000.0,67650.0,8090.0,19100.0,13150.0,25300.0,18140.0,40370.0,45720.0,29610.0,12010.0,32299.999999999996,96310.0,57630.0,17310.0,85500.0,27720.0
2022-08-09,12600.0,25940.0,14260.0,17400.0,52260.0,77160.0,23600.0,10240.0,16300.0,7910.0,9890.0,46820.0,105200.0,60390.0,67350.0,8130.000000000001,18980.0,13230.0,25250.0,18120.0,40370.0,45060.0,29320.0,11960.0,32650.0,97230.0,57480.0,17470.0,85500.0,27570.0
2022-08-10,12550.0,25780.0,14320.0,17200.0,52140.0,76400.0,23420.0,10200.0,16100.000000000002,7810.0,9850.0,45950.0,105800.0,60670.0,68010.0,8000.0,18890.0,13090.0,24900.0,17950.0,40370.0,44890.0,29520.0,11940.0,32400.0,96460.0,57870.0,17370.0,85500.0,27430.0
2022-08-11,12490.0,25700.0,14490.0,17230.0,52140.0,77840.0,23090.0,10310.0,15820.0,7810.0,9680.0,46850.0,106800.0,60090.0,68010.0,7910.0,19130.0,13010.0,25200.0,17820.0,40370.0,45450.0,29570.0,11780.0,32900.0,96310.0,56730.0,17090.0,85500.0,27910.0
2022-08-12,12530.0,26300.0,14650.0,17310.0,52450.0,78810.0,23220.0,10350.0,16190.000000000002,7940.0,9770.0,46620.0,107200.0,60090.0,68010.0,7960.0,19040.0,13280.0,25650.0,17950.0,40370.0,45500.0,29470.0,11850.0,33100.0,95620.0,57390.0,17250.0,85500.0,28340.0
2022-08-15,12600.0,27520.0,14610.0,17810.0,53910.0,78530.0,23220.0,10710.0,16230.0,8220.0,9890.0,45040.0,108500.0,61990.0,69520.0,8510.0,19130.0,13200.0,25650.0,18090.0,40370.0,45610.0,29610.0,12060.0,33200.0,95690.0,57070.0,17520.0,85500.0,28540.0
2022-08-16,12550.0,27170.0,14260.0,17650.0,53780.0,78190.0,23170.0,10730.0,16610.0,8160.0,9850.0,45090.0,109000.0,62950.0,70270.0,8450.0,19100.0,13120.0,25550.0,18040.0,40370.0,45450.0,29520.0,12120.0,32950.0,94920.0,57300.0,17400.0,85500.0,28300.0
2022-08-17,12600.0,26850.0,13860.0,17590.0,53540.0,77440.0,22940.0,10890.0,16440.0,8060.000000000001,10040.0,45090.0,111300.0,61990.0,70440.0,8340.0,19130.0,13090.0,25400.0,18190.0,40370.0,45450.0,29520.0,12010.0,33650.0,95000.0,57930.0,17400.0,85500.0,28490.0
2022-08-18,12710.0,26570.0,13910.0,17370.0,53540.0,78320.0,22770.0,10920.0,16329.999999999998,7970.0,10000.0,45040.0,112000.0,61530.0,72320.0,8290.0,19040.0,13380.0,25200.0,18090.0,40370.0,45450.0,29420.0,11940.0,34050.0,95380.0,58590.0,17340.0,85500.0,28590.0
2022-08-19,12550.0,26400.0,14150.0,17080.0,52680.0,79640.0,22620.0,10690.0,16059.999999999998,7910.0,9970.0,45500.0,112000.0,61150.0,72870.0,8250.0,18980.0,13410.0,25100.0,18040.0,40370.0,45110.0,28940.0,11790.0,33950.0,95380.0,59140.0,18030.0,85500.0,28300.0
2022-08-22,12450.0,25800.0,13860.0,16930.0,52620.0,79160.0,22090.0,10370.0,15790.0,7890.0,10020.0,44590.0,111800.0,63430.0,72500.0,8310.0,19740.0,13170.0,24700.0,17910.0,40370.0,44610.0,28600.0,11470.0,33000.0,95310.0,58810.0,18030.0,85500.0,28060.0
2022-08-23,12530.0,26510.0,14490.0,16930.0,52740.0,80600.0,22390.0,10470.0,16000.0,8039.999999999999,10070.0,44150.0,112600.0,63820.0,71010.0,8390.0,19740.0,13550.0,25000.0,17950.0,40370.0,44720.0,28650.0,11580.0,32500.0,95000.0,60500.0,18010.0,85500.0,27860.0
2022-08-24,12550.0,26370.0,14890.0,17050.0,52860.0,80810.0,22580.0,10550.0,15890.0,8020.0,10100.0,44370.0,111900.0,63730.0,69880.0,8370.0,19680.0,13460.0,25400.0,18170.0,40370.0,45720.0,28750.0,11530.0,32450.000000000004,95000.0,62020.0,18120.0,85500.0,27620.0
2022-08-25,12630.0,26370.0,14890.0,17340.0,52930.0,80260.0,23790.0,10770.0,16140.0,8119.999999999999,10260.0,43920.0,112800.0,65250.0,70070.0,8530.0,19680.0,13600.0,25650.0,18310.0,40370.0,45720.0,29370.0,11790.0,32950.0,94920.0,62180.0,18430.0,85500.0,28200.0
2022-08-26,12530.0,26430.0,14650.0,17200.0,53480.0,79360.0,23740.0,10710.0,15890.0,8039.999999999999,10240.0,42840.0,112200.0,68870.0,70270.0,8390.0,19680.0,13230.0,25100.0,18290.0,40370.0,46010.0,29040.0,11660.0,32500.0,94620.0,61370.0,18250.0,85500.0,27860.0
2022-08-29,12410.0,26180.0,14950.0,16870.0,53060.0,80950.0,23320.0,10570.0,15550.0,7890.0,10150.0,44150.0,112200.0,70590.0,70270.0,8250.0,19560.0,13010.0,24850.0,17930.0,40370.0,46010.0,28750.0,11620.0,31800.0,93850.0,60250.0,18010.0,85500.0,27430.0
2022-08-30,12410.0,26710.0,14950.0,17180.0,53000.0,81910.0,24900.0,10710.0,15590.0,8020.0,10260.0,45040.0,113700.0,69920.0,70230.0,8230.0,19620.0,12770.0,24650.0,17930.0,40370.0,47960.0,28840.0,11470.0,31800.0,94150.0,60650.0,18090.0,85500.0,27430.0
2022-08-31,12450.0,26850.0,14720.0,17080.0,53120.0,80680.0,24630.0,10870.0,15550.0,8039.999999999999,10300.0,44590.0,114500.0,70590.0,70230.0,8340.0,19590.0,12800.0,24800.0,18020.0,40370.0,46850.0,29370.0,11470.0,31850.0,93540.0,60250.0,18350.0,85500.0,26750.0
2022-09-05,12370.0,26510.0,14780.0,16890.0,52860.0,80200.0,24490.0,10760.0,16160.0,8020.0,10240.0,43250.0,115500.0,69150.0,70270.0,8250.0,19440.0,12640.0,24700.0,17860.0,40370.0,46060.0,29370.0,11270.0,32000.0,92310.0,61850.0,18070.0,85500.0,26610.0
2022-09-06,12450.0,26880.0,14610.0,17080.0,52620.0,80260.0,24210.0,10870.0,15930.0,8100.0,10260.0,43340.0,115000.0,69540.0,70490.0,8290.0,19440.0,12670.0,24700.0,17880.0,40370.0,46120.0,29420.0,11290.0,31650.0,92080.0,62090.0,18120.0,85500.0,27090.0
2022-09-07,12280.0,25370.0,13860.0,16540.0,51520.0,77160.0,24120.0,10630.0,15550.0,7910.0,9970.0,43250.0,112000.0,67440.0,70270.0,7840.0,19440.0,12030.0,24350.0,17370.0,40370.0,44610.0,28650.0,11250.0,31250.0,87620.0,60420.0,17490.0,85500.0,26700.0
2022-09-08,12120.0,24630.0,13700.0,16230.0,51700.0,77030.0,23370.0,10390.0,15630.0,7480.0,9890.0,44590.0,115000.0,68200.0,71650.0,7470.0,19410.0,11760.0,23900.0,17310.0,40370.0,43500.0,28700.0,10830.0,31450.0,88460.0,60420.0,17250.0,85500.0,26460.0
2022-09-09,12120.0,24820.0,14030.0,16230.0,51700.0,78530.0,23690.0,10510.0,16100.000000000002,7480.0,9850.0,43780.0,116100.0,68690.0,72430.0,7640.0,19370.0,11850.0,23750.0,17420.0,40370.0,43940.0,28840.0,10830.0,32200.000000000004,90770.0,60570.0,17600.0,85500.0,26560.0
2022-09-12,12000.0,24760.0,13910.0,16360.0,51700.0,78320.0,23370.0,10450.0,16100.000000000002,7530.0,9800.0,43690.0,115000.0,70590.0,72870.0,7620.0,19130.0,11650.0,23100.0,17360.0,40370.0,44110.0,29570.0,10730.0,32000.0,90380.0,60090.0,17570.0,85500.0,27770.0
2022-09-13,12020.0,24690.0,13910.0,16620.0,51900.0,78680.0,23420.0,10550.0,16040.0,7590.0,9780.0,44590.0,114000.0,70690.0,71390.0,7700.0,19130.0,11550.0,23050.0,17260.0,40370.0,43840.0,29230.0,10730.0,32049.999999999996,90310.0,60420.0,17600.0,85500.0,27380.0
2022-09-14,11870.0,24500.0,13740.0,16320.0,51520.0,77510.0,23370.0,10260.0,16040.0,7590.0,9720.0,45000.0,112000.0,70300.0,68770.0,7550.0,19080.0,11710.0,23050.0,17030.0,40370.0,43670.0,28890.0,10620.0,31700.0,89380.0,59050.0,17490.0,85500.0,27520.0
2022-09-15,11890.0,23980.0,13860.0,16260.000000000002,51330.0,77030.0,23840.0,10240.0,15950.0,7530.0,9600.0,44590.0,112000.0,70490.0,69250.0,7530.0,19100.0,11550.0,23050.0,16930.0,40370.0,44160.0,29130.0,10570.0,31950.0,89230.0,59450.0,17490.0,85500.0,27860.0
2022-09-16,11700.0,23820.0,13460.0,15840.0,50600.0,76470.0,22990.0,10190.0,15550.0,7230.0,9460.0,44150.0,112800.0,68690.0,69250.0,7310.0,19130.0,11290.0,22450.0,16660.0,40370.0,44610.0,28700.0,10430.0,31250.0,89000.0,60650.0,17640.0,85500.0,28830.0
2022-09-19,11550.0,22950.0,12780.0,15410.0,50970.0,74410.0,21400.0,9980.0,15320.0,6950.0,9110.0,43340.0,112500.0,67250.0,69250.0,6950.0,19080.0,10610.0,21600.0,16219.999999999998,40370.0,43940.0,28120.0,10120.0,31450.0,88460.0,60000.0,17250.0,85500.0,28100.0
2022-09-20,11570.0,23600.0,12940.0,15720.0,51160.0,75160.0,21970.0,10100.0,15550.0,7170.0,9260.0,43060.0,113300.0,68390.0,70070.0,7160.0,19130.0,11040.0,22150.0,16219.999999999998,40370.0,44160.0,28360.0,10240.0,31950.0,89310.0,60500.0,17310.0,85500.0,28060.0
2022-09-21,11420.0,23320.0,13000.0,15450.0,50470.0,75100.0,21730.0,10060.0,15490.0,7120.0,9200.0,43110.0,112000.0,66760.0,70270.0,7120.0,19080.0,10960.0,21750.0,15960.0,40370.0,44000.0,28070.0,10100.0,31550.0,88460.0,61370.0,17030.0,85500.0,27620.0
2022-09-22,11520.0,23600.0,12880.0,15350.0,50850.0,76470.0,22060.0,10060.0,15550.0,7150.0,9220.0,43110.0,110000.0,66860.0,69880.0,7140.0,19010.0,11250.0,21950.0,15990.0,40370.0,43500.0,27780.0,10340.0,31650.0,88460.0,61370.0,16910.0,85500.0,27670.0
2022-09-23,11420.0,23320.0,13060.0,15110.0,50540.0,77510.0,21820.0,9890.0,15350.0,7020.0,9110.0,43110.0,108600.0,66200.0,69880.0,7000.0,18890.0,11010.0,21450.0,15830.0,40370.0,42330.0,27540.0,10240.0,31300.0,86770.0,61200.0,16600.0,85500.0,27520.0
2022-09-26,11210.0,22420.0,12540.0,14200.0,49990.0,78270.0,21500.0,9550.0,15150.0,6690.0,8710.0,42390.0,107700.0,64860.0,69130.0,6620.0,18520.0,10410.0,20500.0,15390.0,40370.0,41820.0,26920.0,10360.0,31000.0,84690.0,59050.0,15930.0,85500.0,25740.0
2022-09-27,11310.0,22620.0,12370.0,14170.0,49370.0,76810.0,21270.0,9820.0,15150.0,6820.0,8760.0,42430.0,107700.0,64000.0,69250.0,6810.0,18550.0,10420.0,20500.0,15500.0,40370.0,41440.0,26050.0,10680.0,30500.0,85000.0,57780.0,15810.0,85500.0,25740.0
2022-09-28,11110.0,22480.0,11690.0,14080.0,47840.0,71640.0,20740.0,9750.0,14750.0,6610.0,8650.0,42790.0,102100.0,61990.0,68400.0,6680.0,18550.0,10530.0,20300.0,15390.0,40370.0,41820.0,24650.0,10470.0,28750.0,84690.0,57300.0,16020.0,85500.0,25930.0
2022-09-29,11110.0,22480.0,11630.0,13670.0,47220.0,72340.0,19540.0,9750.0,14650.0,6580.0,8600.0,42390.0,100000.0,61050.0,68320.0,6620.0,18550.0,10300.0,19700.0,15270.0,40370.0,41270.0,24460.0,10180.0,27300.0,84690.0,58010.0,15580.0,85500.0,26270.0
2022-09-30,11210.0,22750.0,11510.0,14020.0,49370.0,75780.0,19540.0,9750.0,14340.0,6580.0,8670.0,42120.0,99000.0,61050.0,69130.0,6650.0,18590.0,10560.0,20600.0,15030.0,40370.0,40820.0,24410.0,10100.0,27500.0,85310.0,57690.0,15580.0,85500.0,27040.0
2022-10-03,10910.0,21180.0,10880.0,13050.0,47220.0,73720.0,18180.0,9370.0,13350.0,6130.0,8109.999999999999,41660.0,94000.0,56840.0,68100.0,6360.0,18040.0,9840.0,19200.0,14000.0,40370.0,39370.0,24270.0,9720.0,27750.0,84620.0,56650.0,14710.0,85500.0,25210.0
2022-10-04,10610.0,20810.0,11060.0,12550.0,47550.0,73020.0,17060.0,9420.0,12750.0,5950.0,8160.0,40310.0,90500.0,58180.0,70270.0,6140.0,17910.0,9500.0,18750.0,14030.0,40370.0,39760.0,24370.0,9760.0,28500.0,86850.0,56580.0,14540.0,85500.0,25790.0
2022-10-05,10500.0,21340.0,11510.0,13300.0,48090.0,73720.0,17850.0,9420.0,12980.0,6100.0,8330.0,40230.0,91400.0,59330.0,70630.0,6260.0,18220.0,9940.0,19250.0,14110.0,40370.0,39870.0,25910.0,9860.0,30000.0,88460.0,57150.0,14710.0,85500.0,26080.0
2022-10-06,10110.0,20810.0,11460.0,12940.0,46920.0,73650.0,16630.0,9240.0,12170.0,5710.0,7850.0,40230.0,86700.0,55330.0,69440.0,5870.0,18100.0,9280.0,18000.0,13560.0,40370.0,39090.0,25810.0,9530.0,30050.0,87850.0,55870.0,14290.0,85500.0,25590.0
2022-10-07,9430.0,19590.0,11060.0,12050.0,45380.0,70270.0,15510.0,8880.0,11900.0,5320.0,7360.0,36040.0,81500.0,51520.0,69880.0,5540.0,17830.0,8960.0,16750.0,12610.0,40370.0,37200.0,25910.0,9180.0,30100.0,88460.0,55690.0,13280.0,85500.0,25110.0
2022-10-10,9440.0,20130.0,11690.0,12510.0,45380.0,73020.0,15790.0,8610.0,12410.0,5170.0,7480.0,36040.0,80500.0,54460.0,68950.0,5400.0,17650.0,9280.0,17000.0,11940.0,40370.0,36300.0,25950.0,9160.0,30100.0,84620.0,56270.0,13280.0,85500.0,24530.0
2022-10-11,8840.0,19120.0,11060.0,11970.0,43540.0,73090.0,14720.0,8250.0,11840.0,4810.0,6960.0,33780.0,79800.0,52850.0,68580.0,5020.0,16940.0,8640.0,15850.0,11110.0,40370.0,34580.0,24940.0,8890.0,30000.0,82310.0,56030.0,13280.0,85500.0,22840.0
2022-10-12,9440.0,20430.0,11390.0,12780.0,44400.0,73720.0,15310.0,8550.0,12650.0,5140.0,7440.0,31990.0,81100.0,54850.0,68580.0,5380.0,18010.0,9200.0,16950.0,11480.0,40370.0,35690.0,25280.0,9000.0,30000.0,83620.0,57150.0,13850.0,85500.0,23370.0
2022-10-13,10070.0,21780.0,11280.0,13540.0,44770.0,74410.0,15360.0,8550.0,13180.0,5200.0,7560.0,31990.0,78700.0,54940.0,71010.0,5500.0,17970.0,9340.0,17650.0,11700.0,40370.0,37090.0,25420.0,9050.0,30200.0,83620.0,58900.0,13850.0,85500.0,24720.0
2022-10-14,10530.0,22140.0,11510.0,13720.0,45380.0,75640.0,15780.0,8660.0,13150.0,5490.0,7720.0,31990.0,79000.0,57140.0,70410.0,5870.0,18010.0,9540.0,17650.0,11890.0,40370.0,37970.0,24990.0,9280.0,29850.0,83850.0,59050.0,13970.0,85500.0,24340.0
2022-10-17,10580.0,21950.0,11630.0,13630.0,45270.0,76810.0,15930.0,8400.0,13020.0,5590.0,7600.0,31530.0,79000.0,56180.0,69180.0,6140.0,17910.0,9600.0,18150.0,11620.0,40370.0,36970.0,23840.0,9140.0,28000.0,83850.0,59140.0,13800.0,85500.0,24050.0
2022-10-18,10810.0,22020.0,11510.0,13900.0,45950.0,76470.0,16120.000000000002,8550.0,12750.0,5590.0,7610.0,32659.999999999996,82000.0,56280.0,70940.0,6010.0,17910.0,9500.0,17700.0,11700.0,40370.0,37750.0,24320.0,9160.0,29200.0,83920.0,61060.0,13800.0,85500.0,24920.0
2022-10-19,10660.0,22140.0,11920.0,14020.0,46300.0,75160.0,15880.0,8500.0,12450.0,5550.0,7600.0,34240.0,80000.0,56280.0,71340.0,5950.0,17910.0,9420.0,17300.0,11660.0,40370.0,37850.0,24080.0,9370.0,29250.0,83920.0,61130.0,13800.0,85500.0,24340.0
2022-10-20,10790.0,22240.0,11800.0,14050.0,47720.0,76400.0,15540.0,8550.0,12240.0,5470.0,7440.0,33640.0,80200.0,55700.0,71500.0,5800.0,17910.0,9280.0,17150.0,11380.0,40370.0,38590.0,24080.0,9160.0,29300.0,83770.0,61850.0,13800.0,85500.0,24240.0
2022-10-21,10300.0,21880.0,10880.0,13090.0,45330.0,73850.0,14480.0,8400.0,11430.0,5110.0,6980.0,32740.000000000004,74800.0,51890.0,72140.0,5470.0,17490.0,8640.0,15950.0,10600.0,40370.0,37920.0,23090.0,8810.0,28400.0,83770.0,61450.0,13460.0,85500.0,23180.0
2022-10-24,9850.0,20380.0,9800.0,12690.0,43610.0,73850.0,13480.0,8119.999999999999,11090.0,4760.0,6760.0,31530.0,72800.0,48260.0,67650.0,5290.0,17310.0,8050.000000000001,14850.0,9850.0,40370.0,37920.0,21480.0,8660.0,28250.0,82310.0,59050.0,13330.0,85500.0,21580.0
2022-10-25,10300.0,21010.0,10140.0,13570.0,44900.0,73850.0,12770.0,8150.0,11570.0,5090.0,7110.0,32439.999999999996,75000.0,49610.0,70190.0,5640.0,17610.0,8029.999999999999,14900.0,9850.0,40370.0,38980.0,21480.0,8840.0,28050.0,83080.0,60650.0,13380.0,85500.0,22210.0
2022-10-26,10430.0,21270.0,9970.0,13540.0,45270.0,74410.0,12960.0,8119.999999999999,11430.0,5260.0,7110.0,32439.999999999996,78000.0,49510.0,69550.0,5590.0,17610.0,7920.0,15000.0,9900.0,40370.0,39040.0,20950.0,8750.0,27400.0,82690.0,60650.0,13460.0,85500.0,21440.0
2022-10-27,11140.0,22750.0,10470.0,14480.0,46500.0,75780.0,13820.0,8460.0,11760.0,5630.0,7600.0,32880.0,83000.0,50840.0,70230.0,5950.0,18830.0,8460.0,16050.0,10570.0,40370.0,39990.0,21190.0,9140.0,27500.0,83080.0,62640.0,14320.0,85500.0,22940.0
2022-10-28,11270.0,22690.0,10250.0,14540.0,46000.0,75100.0,13910.0,8400.0,11350.0,5750.0,7660.0,32030.0,83900.0,50740.0,69550.0,5870.0,18800.0,8470.0,16149.999999999998,11280.0,40370.0,39940.0,21620.0,9050.0,27850.0,82920.0,62240.0,14150.0,85500.0,22890.0
2022-10-31,11310.0,23180.0,10140.0,14870.0,46370.0,76540.0,13820.0,8350.0,10590.0,5980.0,7670.0,32880.0,85500.0,49220.0,69250.0,6110.0,18800.0,8700.0,16149.999999999998,11380.0,40370.0,40990.0,21670.0,9000.0,27700.0,82770.0,62640.0,14150.0,85500.0,23760.0
2022-11-01,11340.0,22870.0,10200.0,14770.0,46300.0,75780.0,13910.0,8460.0,10150.0,6100.0,7810.0,31710.0,86500.0,47790.0,68630.0,6200.0,18830.0,9030.0,16900.0,11870.0,40370.0,41820.0,21670.0,9260.0,27700.0,81770.0,64000.0,14890.0,85500.0,25350.0
2022-11-02,11010.0,22620.0,10360.0,14510.0,45380.0,75780.0,13630.0,8370.0,10370.0,5910.0,7760.0,31670.0,81000.0,45790.0,68580.0,6040.0,18800.0,8790.0,16900.0,11660.0,40370.0,41050.0,21620.0,9510.0,27700.0,80770.0,62480.0,15150.0,85500.0,24920.0
2022-11-03,10790.0,22140.0,10200.0,14260.0,45440.0,76740.0,13670.0,8150.0,10280.0,5950.0,7660.0,31750.0,85400.0,47210.0,68010.0,5920.0,18490.0,8790.0,17250.0,11970.0,40370.0,40700.0,21670.0,9320.0,27550.0,79000.0,63850.0,15150.0,85500.0,25110.0
2022-11-04,10180.0,22340.0,9850.0,14810.0,44710.0,76470.0,12810.0,7840.0,9910.0,5800.0,7760.0,31940.0,84300.0,43930.0,68010.0,6010.0,18400.0,8189.999999999999,16600.0,11800.0,40370.0,40050.0,21430.0,9080.0,27150.0,77000.0,63850.0,14670.0,85500.0,25110.0
2022-11-07,10430.0,22340.0,9680.0,14110.0,44530.0,77780.0,11950.0,7300.0,9250.0,5420.0,7360.0,31530.0,84500.0,40870.0,68770.0,5720.0,18220.0,7630.0,15500.0,10990.0,40370.0,40050.0,21140.0,8470.0,26700.0,77080.0,65620.0,14810.0,85500.0,24630.0
2022-11-08,10750.0,23430.0,9910.0,14420.0,44970.0,78810.0,12520.0,7390.0,8890.0,5750.0,7460.0,31530.0,86000.0,42550.0,68400.0,5950.0,18280.0,8000.0,16450.0,11180.0,40370.0,40480.0,21090.0,8520.0,26650.0,77230.0,65750.0,14890.0,85500.0,24390.0
2022-11-09,10490.0,24260.0,9910.0,14770.0,45380.0,80200.0,12770.0,7530.0,8790.0,5800.0,7360.0,31530.0,87000.0,43400.0,68950.0,5870.0,18280.0,7950.0,16250.0,11270.0,40370.0,41270.0,21450.0,8450.0,26850.0,77380.0,64560.0,15150.0,85500.0,24530.0
2022-11-10,10110.0,23290.0,8760.0,13760.0,44770.0,78120.0,11900.0,7430.0,8189.999999999999,5420.0,6860.0,31670.0,81000.0,40400.0,68950.0,5470.0,17670.0,7410.0,15150.0,10530.0,40370.0,40590.0,21160.0,8050.000000000001,26500.0,76920.0,62570.0,14120.0,85500.0,23950.0
2022-11-11,10500.0,24160.0,8590.0,14260.0,44650.0,78470.0,11090.0,7530.0,8320.0,5440.0,6950.0,31270.0,86500.0,41010.0,70190.0,5340.0,18250.0,7520.0,15600.0,10550.0,40370.0,42100.0,21260.0,8050.000000000001,27150.0,77920.0,62570.0,14120.0,85500.0,24430.0
2022-11-14,10260.0,24090.0,7560.0,14450.0,43430.0,78400.0,10310.0,7430.0,8250.0,5240.0,6590.0,31530.0,89100.0,38770.0,72870.0,5090.0,18070.0,7590.0,15850.0,10270.0,40370.0,41880.0,21190.0,7990.0,27500.0,78380.0,63050.0,13580.0,85500.0,24480.0
2022-11-15,9650.0,22420.0,6590.0,14140.0,40410.0,76810.0,9590.0,7120.0,8450.0,4880.0,6140.0,31530.0,89400.0,36100.0,69700.0,4730.0,17790.0,7410.0,15100.0,9580.0,40370.0,41820.0,20900.0,7810.0,28500.0,78310.0,61450.0,12670.0,85500.0,24100.0
2022-11-16,10300.0,23950.0,6990.0,14990.0,42500.0,80600.0,10260.0,7590.0,9040.0,5210.0,6560.0,31530.0,90900.0,38590.0,67570.0,5070.0,18100.0,7920.0,16149.999999999998,10230.0,40370.0,41880.0,21620.0,8260.0,30200.0,78380.0,59450.0,13410.0,85500.0,25640.0
2022-11-17,10630.0,23920.0,7210.0,15110.0,43540.0,82470.0,10940.0,7800.0,9640.0,5580.0,6810.0,31530.0,97000.0,39870.0,68400.0,5340.0,18340.0,8430.0,17200.0,10620.0,40370.0,42660.0,23090.0,8470.0,32299.999999999996,78540.0,60650.0,13410.0,85500.0,27430.0
2022-11-18,10680.0,24120.0,7390.0,14930.0,43870.0,78740.0,11660.0,7630.0,10210.0,5850.0,6810.0,31490.0,95200.0,40200.0,66970.0,5400.0,18220.0,8660.0,17100.0,10510.0,40370.0,42660.0,23110.0,8450.0,32800.0,78620.0,61450.0,13410.0,85500.0,26650.0
2022-11-21,10410.0,23820.0,7340.0,14580.0,43000.0,76690.0,12470.0,7530.0,10110.0,5710.0,6810.0,31530.0,95100.0,38770.0,68230.0,5560.0,18100.0,8580.0,16700.0,10290.0,40370.0,41820.0,22610.0,8500.0,32000.0,77380.0,62180.0,13410.0,85500.0,25400.0
2022-11-22,10280.0,24480.0,7970.0,14450.0,43230.0,75230.0,12100.0,7460.0,10010.0,5840.0,6860.0,31530.0,91800.0,38350.0,67710.0,5560.0,18100.0,8710.0,16900.0,10120.0,40370.0,40990.0,21810.0,8360.0,30500.0,75460.0,63440.0,13410.0,85500.0,25250.0
2022-11-23,10430.0,25100.0,7510.0,14750.0,43230.0,74540.0,12050.0,7460.0,9340.0,5750.0,6810.0,31530.0,92900.0,38640.0,68010.0,5540.0,18010.0,8430.0,17500.0,10180.0,40370.0,40990.0,21380.0,8230.0,29850.0,77230.0,63360.0,13040.0,85500.0,25250.0
2022-11-24,10610.0,25500.0,7510.0,14870.0,43230.0,72880.0,12470.0,7530.0,9700.0,5850.0,6810.0,31530.0,89000.0,35960.0,67460.0,5450.0,17950.0,8530.0,18200.0,10240.0,40370.0,40700.0,21670.0,8189.999999999999,30500.0,77850.0,64800.0,13070.0,85500.0,26170.0
2022-11-25,10860.0,26850.0,7730.0,15590.0,44150.0,72200.0,12960.0,7610.0,10350.0,6240.0,7020.0,31530.0,94000.0,36050.0,67270.0,5720.0,18100.0,9110.0,18900.0,10650.0,40370.0,40760.0,22630.0,8400.0,32500.0,78460.0,65620.0,13410.0,85500.0,26460.0
2022-11-28,11240.0,26510.0,8140.000000000001,16500.0,45570.0,77230.0,13530.0,7870.0,11050.0,6640.0,7460.0,31670.0,97200.0,38300.0,66200.0,6100.0,18250.0,9740.0,19700.0,11380.0,40370.0,42770.0,24170.0,8750.0,32500.0,78620.0,65200.0,13930.0,85500.0,28300.0
2022-11-29,11180.0,27520.0,8310.0,16560.0,45570.0,77160.0,13580.0,7870.0,11760.0,6700.0,7460.0,31580.0,99000.0,40820.0,65780.0,6240.0,18280.0,10100.0,19750.0,11660.0,40370.0,44500.0,25570.0,8710.0,34700.0,79080.0,66230.0,13970.0,85500.0,29460.0
2022-11-30,11170.0,27580.0,8470.0,16470.0,45760.0,75920.0,13630.0,7920.0,12450.0,6700.0,7560.0,32439.999999999996,102000.0,42070.0,67270.0,6210.0,18310.0,10260.0,20000.0,11990.0,40370.0,45170.0,26240.0,9310.0,34800.0,79230.0,66080.0,14540.0,85500.0,29500.0
2022-12-01,11360.0,26180.0,8250.0,15810.0,45820.0,73360.0,14210.0,8119.999999999999,12310.0,6680.0,7720.0,33340.0,99000.0,42030.0,65560.0,6550.0,18400.0,9700.0,19500.0,12680.0,40370.0,44610.0,25760.0,9180.0,33000.0,79380.0,65750.0,14540.0,85500.0,28970.0
2022-12-02,11870.0,27650.0,9000.0,16890.0,47480.0,76600.0,14880.0,8400.0,13150.0,7120.0,8160.0,33830.0,103900.0,44820.0,66150.0,6880.0,18490.0,10380.0,20850.0,13330.0,40370.0,47400.0,27540.0,9820.0,34400.0,81920.0,67020.0,14980.0,85500.0,30470.0
2022-12-05,11920.0,27690.0,9050.0,17280.0,48020.0,77990.0,14970.0,8630.0,13530.0,7620.0,8230.0,34410.0,105000.0,45410.0,67160.0,6920.0,18640.0,11090.0,22300.0,13420.0,40370.0,47400.0,28070.0,10050.0,34050.0,82230.0,67850.0,15720.0,85500.0,30470.0
2022-12-06,11270.0,26240.0,8250.0,16320.0,46610.0,75440.0,13960.0,8350.0,12580.0,7640.0,7670.0,34240.0,102000.0,42300.0,66710.0,6460.0,18550.0,10420.0,20750.0,12520.0,40370.0,44610.0,26480.0,9370.0,33300.0,81540.0,65840.0,14640.0,85500.0,28340.0
2022-12-07,11270.0,26180.0,8140.000000000001,16540.0,46920.0,73570.0,13430.0,8090.0,12340.0,7520.0,7510.0,34240.0,100000.0,42770.0,66900.0,6430.0,18590.0,10260.0,20300.0,12210.0,40370.0,43780.0,26720.0,9390.0,35600.0,81540.0,65840.0,14020.0,85500.0,28490.0
2022-12-08,11440.0,26180.0,8250.0,16800.0,47220.0,73020.0,14110.0,8400.0,12780.0,7990.0,7850.0,34240.0,96000.0,43880.0,66530.0,6630.0,18740.0,10960.0,21700.0,13060.0,40370.0,42930.0,26680.0,9620.0,34950.0,82310.0,64640.0,14710.0,85500.0,27770.0
2022-12-09,11640.0,26300.0,8080.0,16960.0,47840.0,73020.0,14430.0,8550.0,12980.0,8020.0,7890.0,34410.0,97000.0,44070.0,66530.0,6510.0,18680.0,10800.0,22400.0,13080.0,40370.0,43100.0,26050.0,9620.0,33900.0,85770.0,63850.0,14640.0,85500.0,27910.0
2022-12-12,11360.0,25560.0,8080.0,16590.0,47220.0,72340.0,14210.0,8250.0,12580.0,7810.0,7670.0,34240.0,97000.0,43780.0,66640.0,6460.0,18700.0,10210.0,21300.0,12590.0,40370.0,43160.0,24320.0,9350.0,31550.0,85690.0,62640.0,14410.0,85500.0,26120.0
2022-12-13,11640.0,25970.0,8189.999999999999,17020.0,47350.0,72750.0,14390.0,8370.0,12850.0,7840.0,7810.0,34240.0,97000.0,44260.0,66530.0,6700.0,18830.0,10880.0,22550.0,13330.0,40370.0,43610.0,25520.0,9530.0,30800.0,86150.0,62240.0,14810.0,85500.0,27040.0
2022-12-14,11700.0,26040.0,8470.0,16870.0,46810.0,74060.0,14880.0,8370.0,12980.0,7730.0,7870.0,34240.0,96000.0,44310.0,66900.0,6600.0,18830.0,10720.0,23250.0,13330.0,40370.0,43940.0,25520.0,9460.0,30400.0,86310.0,61850.0,14760.0,85500.0,26990.0
2022-12-15,11720.0,26180.0,8530.0,17080.0,47660.0,73230.0,14970.0,8530.0,13090.0,7730.0,8220.0,34640.0,98200.0,44820.0,66900.0,6700.0,18890.0,10800.0,23250.0,13650.0,40370.0,44330.0,24410.0,9640.0,30300.0,86850.0,61940.0,15750.0,85500.0,26940.0
2022-12-16,11620.0,26110.0,8470.0,16960.0,47780.0,73300.0,15160.0,8810.0,13800.0,7730.0,8160.0,34290.0,93500.0,45650.0,66200.0,6660.0,18950.0,10930.0,22800.0,13500.0,40370.0,44440.0,23740.0,9560.0,29200.0,86920.0,62240.0,16020.0,85500.0,25300.0
2022-12-19,11490.0,26040.0,8140.000000000001,16650.0,46980.0,72480.0,14680.0,8830.0,13530.0,7700.0,7960.0,34690.0,95000.0,44970.0,65400.00000000001,6700.0,19010.0,10930.0,22400.0,13540.0,40370.0,44160.0,23210.0,9530.0,28250.0,85540.0,61450.0,15540.0,85500.0,26370.0
2022-12-20,11400.0,25830.0,7840.0,16930.0,46980.0,72200.0,13720.0,8480.0,12850.0,7290.0,7630.0,34690.0,94000.0,44360.0,65590.0,6490.0,19010.0,10560.0,22450.0,12810.0,40370.0,44050.0,23210.0,9050.0,27950.0,85620.0,62820.0,14980.0,85500.0,24870.0
2022-12-21,11520.0,25910.0,7610.0,16620.0,47350.0,71300.0,13630.0,8550.0,12780.0,7410.0,7670.0,34460.0,94900.0,44260.0,66340.0,6430.0,19080.0,10300.0,23550.0,12810.0,40370.0,43890.0,23350.0,9050.0,27450.0,85850.0,63610.0,15280.0,85500.0,25110.0
2022-12-22,11570.0,26180.0,7730.0,16680.0,47350.0,69720.0,13910.0,8570.0,12780.0,7730.0,7810.0,34690.0,94400.0,44360.0,66460.0,6460.0,19260.0,10180.0,23400.0,12810.0,40370.0,44220.0,23600.0,9160.0,27500.0,85620.0,62560.0,15980.0,85500.0,25110.0
2022-12-23,11570.0,26180.0,7900.0,16710.0,47840.0,69930.0,13770.0,8660.0,12410.0,7620.0,7700.0,34690.0,95000.0,43680.0,66340.0,6360.0,19280.0,9760.0,23500.0,12770.0,40370.0,44110.0,23980.0,9020.0,27550.0,85770.0,61910.0,15890.0,85500.0,24920.0
2022-12-26,11170.0,26040.0,7670.0,15740.0,46860.0,70690.0,12810.0,8270.0,11570.0,7090.0,7290.0,34690.0,91500.0,40650.0,65590.0,5920.0,19220.0,9090.0,21900.0,11890.0,40370.0,44000.0,22630.0,8430.0,26450.0,83770.0,61750.0,14890.0,85500.0,23710.0
2022-12-27,11170.0,26850.0,7840.0,16070.0,46920.0,71030.0,13670.0,8330.0,12340.0,7310.0,7480.0,34150.0,91600.0,41780.0,65019.99999999999,6270.0,19440.0,9700.0,22500.0,12170.0,40370.0,44110.0,22870.0,8730.0,26700.0,83080.0,62220.0,15490.0,85500.0,24920.0
2022-12-28,11110.0,28120.0,7730.0,16410.0,47040.0,70960.0,13630.0,8250.0,12310.0,7810.0,7570.0,33600.0,93000.0,41010.0,66930.0,6210.0,19620.0,9680.0,22900.0,12100.0,40370.0,44610.0,22970.0,8730.0,26750.0,85000.0,62560.0,15720.0,85500.0,25980.0
2022-12-29,11110.0,26850.0,7610.0,16320.0,46740.0,70690.0,13250.0,8090.0,12170.0,7670.0,7560.0,34240.0,94000.0,40910.0,65560.0,6090.0,19710.0,9380.0,22350.0,12020.0,40370.0,45010.0,23020.0,8690.0,26800.0,84000.0,62560.0,15410.0,85500.0,25590.0
2022-12-30,11050.0,25910.0,7610.0,16470.0,47160.0,69930.0,13250.0,8119.999999999999,12170.0,7670.0,7410.0,33690.0,93000.0,40910.0,63290.0,6100.0,19990.0,9430.0,22500.0,11970.0,40370.0,44610.0,23110.0,8730.0,26900.0,84230.0,61810.0,15490.0,85500.0,25400.0
2023-01-03,11470.0,27650.0,8080.0,16930.0,49060.0,72340.0,14010.0,8400.0,13020.0,7990.0,7810.0,33560.0,96000.0,41930.0,64060.0,6390.0,20230.0,10080.0,23500.0,12700.0,40370.0,46060.0,23790.0,9140.0,28400.0,85920.0,63770.0,16020.0,85500.0,27140.0
2023-01-04,11440.0,27390.0,8189.999999999999,17230.0,49060.0,72340.0,14260.0,8330.0,13130.0,7900.0,7800.0,33600.0,99300.0,41490.0,65019.99999999999,6330.0,20350.0,10140.0,23300.0,12630.0,40370.0,46180.0,23600.0,9140.0,28000.0,84920.0,64430.00000000001,16360.0,85500.0,27620.0
2023-01-05,11550.0,27340.0,8189.999999999999,17230.0,49430.0,73440.0,14310.0,8350.0,13390.0,7940.0,7890.0,33110.0,99500.0,41590.0,66050.0,6360.0,20440.0,10300.0,24200.0,12790.0,40370.0,46850.0,23930.0,9230.0,28100.0,84620.0,65960.0,16410.0,85500.0,28200.0
2023-01-06,11700.0,27950.0,8370.0,17280.0,49240.0,72130.0,13820.0,8370.0,13130.0,8460.0,7910.0,32880.0,95800.0,41160.0,68520.0,6490.0,20490.0,10080.0,24300.0,12810.0,40370.0,46850.0,24030.0,9460.0,28050.0,82920.0,64830.0,16410.0,85500.0,28250.0
2023-01-09,11670.0,27520.0,8370.0,17590.0,49240.0,71990.0,13820.0,8530.0,13250.0,8340.0,7910.0,32350.0,96500.0,40060.0,68100.0,6460.0,20490.0,10140.0,24650.0,12840.0,40370.0,48460.0,24170.0,9720.0,27500.0,84000.0,65560.0,16320.0,85500.0,28390.0
2023-01-10,11850.0,27720.0,8310.0,17250.0,49300.0,72060.0,13820.0,8530.0,13390.0,8460.0,7890.0,32210.0,95400.0,40250.0,66770.0,6460.0,20470.0,10080.0,24950.0,12700.0,40370.0,48670.0,23960.0,9720.0,27250.0,83920.0,65790.0,16180.0,85500.0,28390.0
2023-01-11,12230.0,27690.0,8310.0,17590.0,49630.0,71790.0,13910.0,8500.0,13660.0,8460.0,7910.0,32299.999999999996,96000.0,40600.0,68630.0,6490.0,20540.0,10300.0,24700.0,12790.0,40370.0,47450.0,24460.0,9740.0,27550.0,84690.0,64500.0,15980.0,85500.0,27520.0
2023-01-12,12370.0,27830.0,8590.0,17460.0,49500.0,72340.0,14210.0,8460.0,13560.0,8490.0,7910.0,31990.0,93300.0,40150.0,68170.0,6460.0,20490.0,10300.0,24950.0,12890.0,40370.0,47290.0,24800.0,10000.0,27500.0,84460.0,64980.00000000001,16180.0,85500.0,27720.0
2023-01-13,12190.0,28040.0,8590.0,17590.0,49060.0,71990.0,13960.0,8480.0,13500.0,8570.0,7910.0,31990.0,95000.0,40110.0,70490.0,6570.0,20490.0,10240.0,25300.0,12860.0,40370.0,47850.0,25040.0,10120.0,27500.0,82850.0,65480.00000000001,16800.0,85500.0,27620.0
2023-01-16,12630.0,30010.0,8420.0,18130.0,49570.0,70960.0,14580.0,8610.0,13690.0,8570.0,8020.0,32439.999999999996,94900.0,39970.0,71470.0,6570.0,20560.0,10350.0,25500.0,13010.0,40370.0,48670.0,24700.0,10240.0,27400.0,82540.0,64500.0,16800.0,85500.0,27520.0
2023-01-17,12780.0,30180.0,8530.0,18500.0,50290.0,71790.0,15110.0,8780.0,14650.0,8720.0,8420.0,32780.0,97500.0,41060.0,70890.0,6820.0,20560.0,10880.0,26550.0,13420.0,40370.0,49850.0,25040.0,10510.0,27600.0,85080.0,65720.0,16970.0,85500.0,28830.0
2023-01-18,12880.0,30270.0,9000.0,18580.0,51160.0,71850.0,15360.0,8880.0,14670.0,8750.0,8470.0,32710.0,99900.0,42870.0,70890.0,6820.0,20590.0,10960.0,26800.0,13470.0,40370.0,50190.0,25280.0,10510.0,28350.0,86380.0,66040.0,17010.0,85500.0,28300.0
2023-01-19,13130.0,30840.0,9170.0,18800.0,51460.0,71990.0,15640.0,8910.0,14300.0,8750.0,8500.0,33290.0,102000.0,43490.0,70410.0,6850.0,20620.0,11310.0,26800.0,13470.0,40370.0,51870.0,25140.0,10510.0,28700.0,88080.0,66040.0,16880.0,85500.0,28630.0
2023-01-27,13310.0,29890.0,9740.0,18350.0,51520.0,74540.0,16170.000000000002,9010.0,14550.0,8780.0,8550.0,33420.0,103700.0,43780.0,73210.0,6880.0,20680.0,11170.0,26650.0,13450.0,40370.0,51870.0,25670.0,10730.0,29600.0,89380.0,64980.00000000001,17060.0,85500.0,29260.0
2023-01-30,12830.0,29870.0,9560.0,17980.0,51330.0,73440.0,15830.0,9290.0,14700.0,8490.0,8350.0,34000.0,102000.0,44070.0,72030.0,6700.0,20560.0,11200.0,25850.0,13280.0,40370.0,50130.0,24800.0,10600.0,28850.0,86920.0,64500.0,16660.0,85500.0,28780.0
2023-01-31,13160.0,30270.0,9680.0,18440.0,51210.0,73230.0,16030.000000000002,9490.0,14950.0,8670.0,8470.0,33340.0,101100.0,44360.0,71670.0,6770.0,20540.0,11520.0,27100.0,13600.0,40370.0,51240.0,24510.0,10820.0,28550.0,89460.0,62630.0,16830.0,85500.0,28680.0
2023-02-01,12730.0,28710.0,9280.0,17530.0,50290.0,73440.0,14930.0,9680.0,14260.0,8080.0,8200.0,32880.0,95200.0,44920.0,70890.0,6510.0,20380.0,10740.0,25650.0,13060.0,40370.0,49680.0,23110.0,10830.0,27600.0,87620.0,62710.0,15840.0,85500.0,27040.0
2023-02-02,12630.0,28950.0,9280.0,17650.0,50230.0,73720.0,14630.0,9350.0,14400.0,7990.0,8220.0,32210.0,96700.0,47600.0,71090.0,6430.0,20310.0,10740.0,26150.0,12960.0,40370.0,50520.0,23070.0,10830.0,27900.0,86150.0,62310.0,15930.0,85500.0,27860.0
2023-02-03,12370.0,29090.0,9230.0,17560.0,49120.0,72480.0,14780.0,9450.0,14260.0,8150.0,8060.000000000001,32780.0,96500.0,45600.0,73100.0,6430.0,19320.0,10530.0,26050.0,12540.0,40370.0,51870.0,23160.0,11160.0,28000.0,83920.0,61750.0,15800.0,85500.0,28200.0
2023-02-06,12580.0,30200.0,9230.0,18070.0,49370.0,73020.0,14970.0,9420.0,14300.0,8150.0,8109.999999999999,32530.0,96300.0,44970.0,74090.0,6430.0,19340.0,10660.0,25700.0,12940.0,40370.0,53530.0,23090.0,10850.0,28000.0,84230.0,62870.0,16020.0,85500.0,28490.0
2023-02-07,12420.0,29400.0,9170.0,17650.0,49500.0,73230.0,14210.0,9160.0,13350.0,7940.0,7960.0,32439.999999999996,94100.0,43590.0,72480.0,6240.0,19410.0,10160.0,25750.0,12680.0,40370.0,51300.0,22540.0,10600.0,27500.0,84150.0,61810.0,15540.0,85500.0,27570.0
2023-02-08,12450.0,29870.0,9230.0,18070.0,49800.0,73930.0,14160.0,9310.0,14100.0,8150.0,7990.0,32530.0,93500.0,42450.0,74770.0,6240.0,19440.0,10410.0,25000.0,12890.0,40370.0,52520.0,22440.0,10640.0,27200.0,83080.0,61570.0,15540.0,85500.0,27520.0
2023-02-09,12370.0,29520.0,9510.0,17780.0,49500.0,74470.0,14350.0,9270.0,13940.0,8150.0,8010.0,32880.0,91800.0,41980.0,73470.0,6240.0,19440.0,10330.0,24450.0,12630.0,40370.0,51870.0,21810.0,10570.0,27100.0,78380.0,60940.0,15580.0,85500.0,27230.0
2023-02-10,12230.0,28820.0,9330.0,17590.0,49500.0,73090.0,14060.0,9240.0,13860.0,8220.0,7940.0,32880.0,91200.0,40150.0,71820.0,6210.0,19410.0,10140.0,23650.0,12470.0,40370.0,52700.0,21860.0,10070.0,27000.0,78460.0,61660.0,15150.0,85500.0,27230.0
2023-02-13,12070.0,29790.0,9050.0,17620.0,49500.0,72960.0,13430.0,9190.0,13660.0,8109.999999999999,7810.0,32659.999999999996,92900.0,40550.0,72760.0,6030.0,19280.0,9860.0,24500.0,12310.0,40370.0,52150.0,21380.0,9690.0,26700.0,79310.0,61180.0,14710.0,85500.0,27520.0
2023-02-14,12040.0,29130.0,8930.0,17340.0,49570.0,72750.0,13580.0,8980.0,13940.0,8020.0,7750.0,32210.0,92900.0,40550.0,71270.0,6050.0,19260.0,10080.0,24400.0,12420.0,40370.0,51580.0,20590.0,9840.0,26450.0,79080.0,60690.0,14460.0,85500.0,27040.0
2023-02-15,12410.0,29520.0,9050.0,17460.0,50060.0,73780.0,13910.0,9070.0,14070.0,8039.999999999999,7810.0,32570.0,93000.0,40770.0,71670.0,6140.0,19340.0,10180.0,23350.0,12680.0,40370.0,51870.0,20470.0,9940.0,26450.0,79000.0,61750.0,14890.0,85500.0,27380.0
2023-02-16,12530.0,30200.0,9510.0,17950.0,50060.0,74330.0,14160.0,9420.0,14400.0,8200.0,7910.0,32830.0,92900.0,41310.0,71920.0,6210.0,19410.0,10410.0,23900.0,12910.0,40370.0,51520.0,20470.0,10040.0,26700.0,79080.0,62150.0,15150.0,85500.0,27430.0
2023-02-17,12530.0,30740.0,9390.0,17920.0,50060.0,73850.0,14110.0,9390.0,14200.0,8490.0,7850.0,32880.0,91300.0,41260.0,70940.0,6210.0,19410.0,10380.0,24400.0,12860.0,40370.0,51870.0,20850.0,10320.0,26750.0,78920.0,61750.0,14980.0,85500.0,27430.0
2023-02-20,13030.0,31670.0,9800.0,18410.0,50790.0,75100.0,14830.0,9580.0,14810.0,8780.0,8200.0,33110.0,94500.0,42250.0,72120.0,6460.0,19620.0,11060.0,25700.0,13230.0,40370.0,52300.0,21770.0,10570.0,27050.0,78920.0,62960.0,15840.0,85500.0,28340.0
2023-02-21,12880.0,31050.0,9680.0,18040.0,50790.0,74610.0,14730.0,9680.0,14620.0,8610.0,8060.000000000001,33340.0,93800.0,42450.0,72230.0,6360.0,19590.0,10900.0,25350.0,13130.0,40370.0,52520.0,21770.0,10460.0,27150.0,78850.0,62710.0,15410.0,85500.0,28590.0
2023-02-22,12550.0,30200.0,9510.0,17460.0,50160.0,73720.0,13960.0,9420.0,14340.0,8260.0,7910.0,33340.0,91000.0,41010.0,70890.0,6210.0,19370.0,10300.0,24700.0,12730.0,40370.0,51870.0,20510.0,10070.0,26500.0,77540.0,61320.0,15100.0,85500.0,27140.0
2023-02-23,12830.0,30560.0,9560.0,17530.0,49930.0,72880.0,14210.0,9190.0,14550.0,8290.0,7870.0,33010.0,87600.0,41010.0,70940.0,6210.0,19320.0,10500.0,25000.0,12940.0,40370.0,52030.0,20220.0,10320.0,26500.0,75540.0,61490.0,15200.0,85500.0,25590.0
2023-02-24,12420.0,29930.0,9280.0,17080.0,49570.0,73360.0,13720.0,8910.0,14070.0,8260.0,7670.0,33290.0,85900.0,40150.0,71670.0,6110.0,19190.0,10140.0,24300.0,12610.0,40370.0,52150.0,19740.0,10070.0,26450.0,74000.0,60690.0,14850.0,85500.0,25590.0
2023-02-27,12250.0,29690.0,8930.0,16650.0,49240.0,71640.0,13380.0,8610.0,13590.0,8080.0,7480.0,32299.999999999996,79900.0,38640.0,70270.0,6020.0,19130.0,9740.0,23600.0,12500.0,40370.0,51750.0,19700.0,9860.0,26250.0,75770.0,61080.0,14710.0,85500.0,24870.0
2023-02-28,12320.0,29590.0,9000.0,16560.0,49370.0,71300.0,13380.0,8680.0,13530.0,8160.0,7480.0,32439.999999999996,82000.0,38160.0,71270.0,6020.0,19280.0,9740.0,23750.0,12260.0,40370.0,52150.0,19980.0,9860.0,26300.0,76920.0,61320.0,14760.0,85500.0,25790.0
2023-03-01,12710.0,30630.0,9280.0,17080.0,49370.0,72400.0,13820.0,9010.0,14140.0,8370.0,7660.0,32659.999999999996,80500.0,38910.0,72980.0,6140.0,19470.0,10100.0,25400.0,12630.0,40370.0,51870.0,19840.0,10120.0,26350.0,78080.0,62460.0,15100.0,85500.0,25880.0
2023-03-02,12660.0,31130.0,9230.0,16800.0,49060.0,72340.0,13670.0,9160.0,13940.0,8430.0,7560.0,32439.999999999996,79000.0,38450.0,71700.0,6090.0,19440.0,9940.0,25600.0,12590.0,40370.0,51980.0,19790.0,10070.0,26400.0,78150.0,62150.0,14980.0,85500.0,25300.0
2023-03-03,12370.0,30800.0,9280.0,16800.0,48140.0,71990.0,13530.0,9070.0,13760.0,8290.0,7440.0,31080.0,76000.0,37580.0,71270.0,6010.0,19410.0,9840.0,25000.0,12400.0,40370.0,50690.0,19720.0,9920.0,26350.0,77850.0,61750.0,14710.0,85500.0,25110.0
2023-03-06,12280.0,30740.0,9440.0,17140.0,47960.0,71440.0,13630.0,9160.0,13800.0,8340.0,7510.0,31530.0,74400.0,37580.0,70510.0,6100.0,19520.0,10000.0,24900.0,12590.0,40370.0,50750.0,20270.0,9880.0,26300.0,74080.0,60940.0,14810.0,85500.0,25250.0
2023-03-07,12370.0,31480.0,9560.0,17530.0,48320.0,71990.0,13820.0,9420.0,14260.0,8410.0,7560.0,31080.0,78300.0,37870.0,71240.0,6120.0,19680.0,10350.0,25000.0,12540.0,40370.0,51240.0,20370.0,9880.0,26350.0,74690.0,61570.0,15060.0,85500.0,25690.0
2023-03-08,12630.0,32210.0,9560.0,17780.0,48780.0,72960.0,13910.0,9470.0,14340.0,8570.0,7630.0,31080.0,80400.0,37580.0,71080.0,6180.0,19740.0,10560.0,25350.0,12630.0,40370.0,51410.0,20390.0,9940.0,26500.0,75620.0,62150.0,15720.0,85500.0,26320.0
2023-03-09,12800.0,31970.0,9620.0,17780.0,49430.0,73570.0,14530.0,9420.0,14340.0,8670.0,7720.0,31080.0,80800.0,38160.0,71080.0,6330.0,19810.0,10560.0,26500.0,12860.0,40370.0,51870.0,20420.0,10180.0,26500.0,78310.0,62150.0,15750.0,85500.0,26080.0
2023-03-10,12580.0,31640.0,9390.0,17650.0,48780.0,73720.0,14390.0,9420.0,14400.0,8640.0,7700.0,30680.0,83900.0,37920.0,70730.0,6210.0,19680.0,10560.0,26000.0,12570.0,40370.0,51350.0,20630.0,10050.0,26550.0,77380.0,62460.0,15840.0,85500.0,27040.0
2023-03-13,12370.0,31050.0,9230.0,17710.0,48390.0,74470.0,14350.0,9390.0,14260.0,8640.0,7600.0,30630.0,84500.0,37580.0,71270.0,6100.0,19680.0,10480.0,25000.0,12380.0,40370.0,51030.0,21550.0,9940.0,26650.0,77460.0,62460.0,16800.0,85500.0,28100.0
2023-03-14,12150.0,30240.0,8930.0,17530.0,48270.0,74200.0,13720.0,9190.0,13720.0,8570.0,7460.0,30220.0,83600.0,36820.0,72410.0,6130.0,19620.0,10160.0,24400.0,12170.0,40370.0,50750.0,21550.0,9730.0,26500.0,78230.0,62220.0,16800.0,85500.0,27810.0
2023-03-15,12530.0,31400.0,9280.0,17840.0,49370.0,73720.0,14580.0,9420.0,14400.0,8780.0,7720.0,30680.0,84700.0,38160.0,72220.0,6310.0,19770.0,10850.0,25350.0,12590.0,40370.0,50970.0,22150.0,10260.0,27000.0,80690.0,62630.0,17150.0,85500.0,27520.0
2023-03-16,12320.0,31050.0,8930.0,17500.0,48580.0,72060.0,14260.0,9080.0,14100.0,8690.0,7570.0,30180.0,83800.0,37580.0,72810.0,6210.0,19560.0,10740.0,24600.0,12380.0,40370.0,50750.0,21430.0,10040.0,26650.0,78460.0,62060.0,16830.0,85500.0,27960.0
2023-03-17,12300.0,31080.0,9050.0,17530.0,48450.0,71440.0,14310.0,9420.0,13800.0,8720.0,7570.0,30500.0,83500.0,37580.0,73180.0,6310.0,19590.0,10820.0,25050.0,12340.0,40370.0,49630.0,20870.0,10050.0,26600.0,83770.0,60530.0,17060.0,85500.0,28490.0
2023-03-20,12120.0,30430.0,8530.0,16930.0,47600.0,70960.0,13770.0,9070.0,13530.0,8460.0,7510.0,30140.0,81500.0,36340.0,72030.0,6140.0,19500.0,10410.0,24200.0,12140.0,40370.0,47450.0,20490.0,9860.0,26400.0,81230.0,60360.0,17060.0,85500.0,28010.0
2023-03-21,12230.0,30430.0,8530.0,17110.0,47890.0,71100.0,13870.0,8860.0,13830.0,8610.0,7520.0,30000.0,80100.0,36720.0,70880.0,6240.0,19520.0,10660.0,24600.0,12190.0,40370.0,48230.0,21860.0,9960.0,26400.0,79850.0,60440.0,17620.0,85500.0,28440.0
2023-03-22,12280.0,30800.0,8590.0,17180.0,48200.0,70890.0,13910.0,8980.0,13800.0,8670.0,7560.0,30180.0,79000.0,36340.0,70360.0,6210.0,19520.0,10690.0,24950.0,12190.0,40370.0,49630.0,22950.0,9940.0,26150.0,80770.0,60440.0,18140.0,85500.0,28680.0
2023-03-23,12350.0,30800.0,8640.0,17250.0,47840.0,70550.0,13910.0,9040.0,13760.0,8690.0,7560.0,29870.0,78500.0,35960.0,71660.0,6430.0,19440.0,10820.0,25000.0,12130.0,40370.0,49800.0,23110.0,9920.0,26350.0,81150.0,60770.0,18190.0,85500.0,28300.0
2023-03-24,12420.0,30530.0,8700.0,17110.0,48140.0,70340.0,14260.0,9190.0,13800.0,9040.0,7720.0,29770.0,78000.0,36200.0,71610.0,6460.0,19280.0,10880.0,25150.0,12290.0,40370.0,49850.0,23670.0,10040.0,26600.0,81380.0,60850.0,18260.0,85500.0,28390.0
2023-03-27,12410.0,30770.0,8880.0,17370.0,48520.0,70410.0,14310.0,9160.0,14070.0,9070.0,7720.0,29590.0,76600.0,36440.0,70840.0,6550.0,19220.0,11200.0,25500.0,12310.0,40370.0,50750.0,23350.0,10120.0,26700.0,81920.0,60440.0,18390.0,85500.0,28150.0
2023-03-28,12370.0,31130.0,8880.0,17500.0,48450.0,71580.0,14310.0,9190.0,14000.0,8990.0,7830.0,29370.0,77600.0,37300.0,70880.0,6550.0,19160.0,11090.0,25350.0,12730.0,40370.0,50750.0,23110.0,10180.0,26600.0,81850.0,60600.0,18090.0,85500.0,28060.0
2023-03-29,12350.0,30740.0,8880.0,17530.0,48390.0,70890.0,14110.0,9240.0,14040.0,8990.0,7910.0,29290.0,77500.0,37110.0,70310.0,6600.0,18980.0,11170.0,25250.0,12910.0,40370.0,51460.0,22870.0,10180.0,26700.0,80460.0,60530.0,17880.0,85500.0,28150.0
2023-03-30,12420.0,31200.0,8760.0,17440.0,48520.0,70760.0,14160.0,9520.0,14070.0,8990.0,7940.0,29290.0,79100.0,36720.0,70700.0,6550.0,19040.0,11230.0,26000.0,12810.0,40370.0,51690.0,23980.0,10260.0,27100.0,82000.0,61010.0,18010.0,85500.0,28970.0
2023-03-31,12660.0,31050.0,8820.0,17560.0,48580.0,70270.0,14830.0,9770.0,14070.0,8990.0,7940.0,29640.0,78400.0,36770.0,70120.0,6550.0,19100.0,11490.0,26200.0,13100.0,40370.0,51180.0,24700.0,10220.0,27500.0,81460.0,60440.0,18350.0,85500.0,28590.0
2023-04-03,12780.0,30800.0,9330.0,18100.0,49370.0,70550.0,15260.0,9850.0,14170.0,9040.0,8090.0,31040.0,77000.0,37110.0,69170.0,6790.0,19130.0,11790.0,26650.0,13540.0,40370.0,51750.0,25520.0,10430.0,28850.0,80150.0,60690.0,18230.0,85500.0,28590.0
2023-04-04,12730.0,30840.0,9390.0,17920.0,49060.0,70270.0,15260.0,9730.0,14200.0,9190.0,8140.000000000001,29730.0,78500.0,37970.0,67890.0,7030.0,19160.0,12080.0,26650.0,13600.0,40370.0,51240.0,24700.0,10610.0,28550.0,78620.0,60440.0,18480.0,85500.0,28100.0
2023-04-05,12730.0,30800.0,9440.0,18130.0,49300.0,70210.0,15540.0,10030.0,14550.0,9170.0,8140.000000000001,30040.0,78000.0,37920.0,66990.0,7140.0,19100.0,11970.0,26250.0,13600.0,40370.0,51300.0,25140.0,10570.0,28000.0,79000.0,60440.0,18390.0,85500.0,28300.0
2023-04-06,12670.0,31180.0,9230.0,17920.0,49370.0,70060.0,15260.0,10030.0,14570.0,8870.0,8109.999999999999,30080.0,77700.0,37580.0,67380.0,7010.0,19130.0,11760.0,25900.0,13870.0,40370.0,50970.0,24940.0,10430.0,27650.0,78850.0,60360.0,18190.0,85500.0,28390.0
2023-04-07,12630.0,30630.0,9280.0,17840.0,49120.0,69790.0,15260.0,9900.0,14340.0,8670.0,8060.000000000001,29730.0,77600.0,37210.0,67420.0,7140.0,18920.0,12000.0,26000.0,13670.0,40370.0,50190.0,24410.0,10260.0,27200.0,78620.0,60690.0,18090.0,85500.0,28200.0
2023-04-10,12580.0,30030.0,9230.0,17710.0,49240.0,68690.0,15310.0,9980.0,14000.0,8570.0,8060.000000000001,29290.0,77200.0,39010.0,67080.0,7300.0,18980.0,11970.0,25950.0,13950.0,40370.0,49680.0,24030.0,10240.0,26750.0,78690.0,60600.0,17960.0,85500.0,28010.0
2023-04-11,12580.0,29790.0,9510.0,17780.0,49120.0,68690.0,15450.0,10000.0,14070.0,8690.0,8140.000000000001,29370.0,77700.0,38770.0,66700.0,7250.0,18950.0,12000.0,25900.0,14060.0,40370.0,50130.0,24850.0,10310.0,26750.0,78690.0,60440.0,18230.0,85500.0,28100.0
2023-04-12,12550.0,29790.0,9510.0,17810.0,49060.0,68690.0,15690.0,9980.0,14000.0,8720.0,8090.0,29730.0,79500.0,38960.0,65129.99999999999,7440.0,18980.0,11850.0,26100.0,14160.0,40370.0,49130.0,24800.0,10460.0,26300.0,76460.0,60110.0,18050.0,85500.0,27570.0
2023-04-13,12600.0,30140.0,9680.0,17620.0,48830.0,68880.0,15360.0,9980.0,13830.0,8670.0,8020.0,29730.0,79400.0,39210.0,64319.99999999999,7440.0,18950.0,11620.0,26500.0,14060.0,40370.0,49130.0,24320.0,10370.0,26400.0,76150.0,59790.0,17840.0,85500.0,27330.0
2023-04-14,12550.0,30100.0,9330.0,17620.0,48710.0,67930.0,14680.0,9950.0,13960.0,8750.0,7990.0,29510.0,78600.0,38450.0,63760.0,7300.0,18980.0,11470.0,26050.0,13540.0,40370.0,49410.0,23980.0,10210.0,26400.0,75770.0,59140.0,17620.0,85500.0,27670.0
2023-04-17,12630.0,30240.0,9330.0,17650.0,48520.0,67090.0,14880.0,9820.0,14100.0,8370.0,7910.0,29410.0,78000.0,37970.0,62710.0,7250.0,19010.0,11410.0,25900.0,13500.0,40370.0,49300.0,24320.0,10210.0,26300.0,76460.0,58490.0,17790.0,85500.0,27520.0
2023-04-18,12550.0,29960.0,9390.0,17590.0,48830.0,66690.0,14880.0,9850.0,14170.0,8200.0,7870.0,29330.0,78200.0,38250.0,63030.0,7100.0,19010.0,11600.0,25800.0,13510.0,40370.0,49020.0,24370.0,10150.0,26300.0,76920.0,58580.0,17540.0,85500.0,27520.0
2023-04-19,12320.0,29830.0,9280.0,17370.0,48640.0,65590.0,14390.0,9730.0,14100.0,8020.0,7870.0,28910.0,78500.0,38450.0,65019.99999999999,7070.0,18980.0,11390.0,25600.0,13470.0,40370.0,49180.0,24080.0,10050.0,26300.0,76920.0,58490.0,17150.0,85500.0,27040.0
2023-04-20,12230.0,29830.0,9170.0,17370.0,48710.0,66340.0,14680.0,9770.0,14140.0,8150.0,7870.0,29050.0,78700.0,38200.0,65900.0,6980.0,18920.0,11310.0,25750.0,13280.0,40370.0,49360.0,24370.0,10020.0,26300.0,77920.0,58800.0,16800.0,85500.0,27280.0
2023-04-21,12250.0,29730.0,9050.0,17250.0,48710.0,65720.0,14580.0,9770.0,14040.0,7990.0,7830.0,29050.0,76400.0,37670.0,65019.99999999999,6880.0,18890.0,11570.0,25600.0,13300.0,40370.0,49070.0,24220.0,9950.0,26100.0,75380.0,57840.0,16830.0,85500.0,26850.0
2023-04-24,12170.0,29360.0,9000.0,17620.0,48580.0,64550.0,14530.0,9550.0,13960.0,7880.0,7870.0,29190.0,74000.0,36590.0,65209.99999999999,6790.0,18860.0,11490.0,25550.0,13620.0,40370.0,49180.0,24610.0,9980.0,26150.0,74460.0,57270.0,17060.0,85500.0,27090.0
2023-04-25,12230.0,29000.0,9050.0,17280.0,48200.0,63450.0,14480.0,9310.0,14260.0,7700.0,7890.0,28870.0,71500.0,35920.0,64480.00000000001,6730.0,18740.0,11250.0,25050.0,13510.0,40370.0,49070.0,24050.0,9860.0,25950.0,73150.0,56690.0,16750.0,85500.0,26610.0
2023-04-26,12170.0,29490.0,9170.0,17370.0,47780.0,64280.0,14680.0,9490.0,14770.0,7900.0,7940.0,28470.0,71300.0,36540.0,65170.0,6770.0,18490.0,11330.0,25150.0,13700.0,40370.0,49410.0,23260.0,9930.0,26000.0,73690.0,57610.0,16750.0,85500.0,26610.0
2023-04-27,12170.0,29400.0,9110.0,17140.0,48020.0,63720.0,14880.0,9680.0,14670.0,8340.0,7960.0,27930.0,72000.0,36390.0,65330.0,6820.0,18460.0,11310.0,25200.0,13820.0,40370.0,49900.0,22560.0,9990.0,25500.0,73230.0,56690.0,16880.0,85500.0,26220.0
2023-04-28,12300.0,29330.0,9170.0,17340.0,48020.0,63790.0,14970.0,9620.0,14570.0,8200.0,7990.0,27660.0,72300.0,37110.0,66540.0,6820.0,18700.0,11440.0,25300.0,13720.0,40370.0,50070.0,23350.0,9990.0,25650.0,73540.0,56780.0,17150.0,85500.0,26410.0
2023-05-04,12410.0,29090.0,9050.0,17080.0,47960.0,63380.0,14970.0,9600.0,14510.0,7990.0,7890.0,27480.0,70900.0,36250.0,63370.0,6790.0,19280.0,11570.0,25050.0,13450.0,40370.0,49580.0,23400.0,9950.0,25700.0,73770.0,55900.0,17150.0,85500.0,26410.0
2023-05-05,12420.0,29360.0,9110.0,16830.0,48020.0,63100.0,14830.0,9680.0,14550.0,8039.999999999999,7870.0,28610.0,73000.0,36250.0,63080.0,6730.0,19080.0,11490.0,25000.0,13230.0,40370.0,49960.0,23470.0,9930.0,25400.0,73690.0,56040.0,16880.0,85500.0,26270.0
2023-05-08,12630.0,30100.0,9330.0,16890.0,48200.0,64069.99999999999,15500.0,9850.0,14620.0,8020.0,7910.0,29410.0,74200.0,36200.0,63580.0,6880.0,19100.0,11890.0,25650.0,13560.0,40370.0,51870.0,23840.0,10020.0,25300.0,73770.0,56940.0,16880.0,85500.0,26510.0
2023-05-09,12600.0,30310.0,9390.0,16990.0,48390.0,64830.0,15500.0,9690.0,14770.0,8150.0,7940.0,29680.0,73900.0,36200.0,63000.0,6880.0,19130.0,11850.0,25800.0,13540.0,40370.0,51520.0,23670.0,9950.0,25300.0,73460.0,57520.0,16880.0,85500.0,26410.0
2023-05-10,12580.0,30330.0,9330.0,17050.0,48520.0,64129.99999999999,16170.000000000002,9730.0,14700.0,8220.0,8010.0,30760.0,73600.0,37110.0,63000.0,7140.0,19100.0,12000.0,26200.0,13540.0,40370.0,51350.0,23760.0,10110.0,25350.0,74000.0,57350.0,16920.0,85500.0,26750.0
2023-05-11,12630.0,30200.0,9440.0,17110.0,48450.0,63720.0,16030.000000000002,9750.0,14750.0,8150.0,8010.0,31710.0,74000.0,36870.0,62810.0,7070.0,19040.0,11940.0,26450.0,13500.0,40370.0,50810.0,23720.0,10110.0,25250.0,74150.0,56870.0,17150.0,85500.0,27090.0
2023-05-12,12600.0,30200.0,9510.0,17180.0,49370.0,63720.0,16070.0,9890.0,15080.0,8150.0,8090.0,32570.0,74300.0,37210.0,62310.0,7100.0,18830.0,12290.0,26800.0,13540.0,40370.0,51520.0,24320.0,10060.0,25850.0,74310.0,56460.0,17100.0,85500.0,27190.0
2023-05-15,12600.0,30200.0,9510.0,17080.0,49630.0,63580.0,15590.0,9890.0,14980.0,8150.0,8160.0,32880.0,74500.0,37160.0,62550.0,7100.0,18770.0,12240.0,27000.0,13820.0,40370.0,51410.0,24940.0,10260.0,27250.0,74690.0,56140.0,17170.0,85500.0,27430.0
2023-05-16,12630.0,30180.0,9510.0,16930.0,49990.0,63520.0,15310.0,9920.0,14920.0,8150.0,8160.0,32659.999999999996,73300.0,36590.0,62130.0,7100.0,18490.0,12270.0,27350.0,13790.0,40370.0,51580.0,25040.0,10240.0,26500.0,74920.0,56540.0,17010.0,85500.0,27090.0
2023-05-17,12580.0,30200.0,9280.0,16650.0,49860.0,63240.0,15260.0,9980.0,14810.0,8080.0,8010.0,32659.999999999996,73700.0,36390.0,61930.0,7070.0,18310.0,11970.0,27050.0,13570.0,40370.0,51640.0,25670.0,10240.0,26600.0,76080.0,56140.0,16620.0,85500.0,27040.0
2023-05-18,12660.0,30070.0,9280.0,16830.0,50850.0,64349.99999999999,15210.0,9890.0,14880.0,8160.0,8060.000000000001,32659.999999999996,73300.0,36390.0,61850.0,7100.0,18130.0,12210.0,27250.0,13700.0,40370.0,53200.0,26200.0,10570.0,26550.0,76540.0,56300.0,16750.0,85500.0,27140.0
2023-05-19,12600.0,29830.0,9440.0,17020.0,50790.0,64890.0,15500.0,9890.0,14750.0,8220.0,8090.0,32659.999999999996,72000.0,36390.0,61010.0,7250.0,18150.0,12270.0,27650.0,13740.0,40370.0,52350.0,26200.0,10500.0,26250.0,75920.0,55900.0,16710.0,85500.0,27230.0
2023-05-22,12630.0,29930.0,9560.0,16890.0,50600.0,65099.99999999999,15830.0,9890.0,14840.0,8310.0,8160.0,32880.0,72100.0,36540.0,61380.0,7370.0,18220.0,12210.0,28000.0,14110.0,40370.0,51920.0,26000.0,10610.0,26100.0,76380.0,55470.0,17060.0,85500.0,26940.0
2023-05-23,12710.0,29440.0,9510.0,16770.0,49990.0,64410.0,15640.0,9890.0,14670.0,8220.0,8140.000000000001,32439.999999999996,70300.0,36490.0,60600.0,7220.0,18220.0,12210.0,27950.0,14040.0,40370.0,51460.0,25810.0,10460.0,26150.0,75850.0,54500.0,16920.0,85500.0,26750.0
2023-05-24,12710.0,29190.0,9440.0,16770.0,49860.0,63720.0,15450.0,9920.0,14400.0,8150.0,8060.000000000001,32880.0,71800.0,36200.0,60420.0,7280.0,18150.0,12110.0,27400.0,13790.0,40370.0,51640.0,26240.0,10310.0,26300.0,75690.0,53870.0,16800.0,85500.0,26700.0
2023-05-25,12670.0,29360.0,9510.0,16680.0,51040.0,65250.0,16070.0,9920.0,14340.0,8160.0,8010.0,33290.0,72000.0,36250.0,60220.0,7220.0,18150.0,12000.0,27000.0,13790.0,40370.0,51980.0,26480.0,10260.0,26300.0,75380.0,54500.0,16620.0,85500.0,26750.0
2023-05-26,12630.0,29130.0,9850.0,16800.0,50970.0,64550.0,16500.0,9920.0,14260.0,8290.0,8010.0,32830.0,72000.0,36440.0,59260.0,7100.0,18250.0,12030.0,27200.0,13840.0,40370.0,51300.0,26480.0,10340.0,26000.0,75460.0,54500.0,16580.0,85500.0,26750.0
2023-05-29,12710.0,29470.0,9850.0,16930.0,50970.0,64620.00000000001,17470.0,10090.0,14510.0,8430.0,8140.000000000001,33240.0,71600.0,36920.0,59190.0,7190.0,18340.0,12470.0,27700.0,13980.0,40370.0,51920.0,26720.0,10460.0,26350.0,76540.0,54500.0,16750.0,85500.0,26750.0
2023-05-30,12730.0,29400.0,9970.0,16960.0,51520.0,64010.00000000001,17660.0,10090.0,14440.0,8490.0,8140.000000000001,33470.0,72800.0,37580.0,59450.0,7220.0,18340.0,12450.0,27700.0,13980.0,40370.0,52700.0,26440.0,10460.0,26200.0,75770.0,54020.0,16830.0,85500.0,26750.0
2023-05-31,12830.0,29520.0,9740.0,16930.0,51580.0,63930.0,17470.0,9880.0,14340.0,8490.0,8060.000000000001,33290.0,72000.0,37390.0,60220.0,7220.0,18440.0,12350.0,27700.0,13870.0,40370.0,52410.0,25760.0,10500.0,26000.0,75000.0,53690.0,16710.0,85500.0,26170.0
2023-06-01,12940.0,29470.0,9740.0,16890.0,51210.0,63380.0,18040.0,9980.0,14470.0,8610.0,8160.0,33780.0,71800.0,37490.0,60290.0,7220.0,18550.0,12500.0,28000.0,14030.0,40370.0,52350.0,25520.0,10600.0,26000.0,75000.0,53690.0,16800.0,85500.0,25930.0
2023-06-02,13180.0,30010.0,9850.0,17310.0,51390.0,63380.0,18140.0,10230.0,14620.0,8780.0,8550.0,33390.0,72300.0,38910.0,60220.0,7400.0,19010.0,12850.0,28300.0,14910.0,40370.0,52920.0,25710.0,11320.0,26000.0,74460.0,53540.0,17170.0,85500.0,26170.0
2023-06-05,13160.0,30010.0,10080.0,17370.0,52130.0,64760.00000000001,17610.0,10230.0,14650.0,8960.0,8600.0,33340.0,74100.0,39310.0,60740.0,7600.0,19130.0,12850.0,28050.0,14760.0,40370.0,54650.0,25860.0,11400.0,26050.0,74460.0,54020.0,17100.0,85500.0,26170.0
2023-06-06,13180.0,30070.0,10080.0,17340.0,52320.0,65510.00000000001,17990.0,10310.0,14700.0,8990.0,8880.0,33560.0,73600.0,39870.0,60970.0,7690.0,19160.0,13410.0,28300.0,15130.0,40370.0,55200.0,26480.0,11600.0,26600.0,75150.0,53950.0,17170.0,85500.0,26410.0
2023-06-07,13210.0,29760.0,10080.0,17460.0,52130.0,65099.99999999999,17800.0,10190.0,15280.0,8780.0,8840.0,33510.0,75500.0,39870.0,60910.0,7550.0,19190.0,13380.0,28350.0,15080.0,40370.0,54090.0,26630.0,11600.0,26400.0,74310.0,53780.0,17220.0,85500.0,26320.0
2023-06-08,13060.0,29330.0,9910.0,17250.0,51260.0,64480.00000000001,17270.0,10040.0,15420.0,8570.0,8670.0,33420.0,74400.0,38770.0,60910.0,7490.0,19080.0,12960.0,27600.0,14690.0,40370.0,55770.0,26680.0,11220.0,26200.0,74770.0,53200.0,16880.0,85500.0,25980.0
2023-06-09,13030.0,29160.0,9970.0,17140.0,51900.0,64550.0,17320.0,9920.0,15490.0,8870.0,8790.0,33110.0,76500.0,39490.0,60780.0,7470.0,19040.0,13460.0,28100.0,14990.0,40370.0,56040.0,26720.0,11490.0,26150.0,73850.0,53440.0,16880.0,85500.0,25790.0
2023-06-12,12980.0,29300.0,9850.0,17180.0,52080.0,64690.0,17420.0,9880.0,15520.0,8900.0,8840.0,31840.0,78400.0,41010.0,62320.0,7490.0,19160.0,13520.0,28200.0,15130.0,40370.0,56320.0,26680.0,11530.0,26700.0,74150.0,55170.0,16970.0,85500.0,25790.0
2023-06-13,13060.0,29760.0,9910.0,17110.0,51770.0,64760.00000000001,17660.0,9980.0,15820.0,8750.0,8810.0,32880.0,78800.0,41010.0,62260.0,7520.0,19130.0,13520.0,28200.0,15180.0,40370.0,57150.0,27300.0,11490.0,27050.0,74230.0,54920.0,16880.0,85500.0,26170.0
2023-06-14,13100.0,29520.0,9850.0,17340.0,51650.0,65170.0,17180.0,10010.0,15630.0,8690.0,8790.0,33340.0,78000.0,40110.0,62320.0,7710.0,19130.0,13550.0,27800.0,15080.0,40370.0,57210.0,27450.0,11450.0,26900.0,74690.0,54500.0,17100.0,85500.0,26220.0
2023-06-15,13120.0,29440.0,10030.0,17530.0,51580.0,66550.0,17320.0,10010.0,15660.0,8570.0,8760.0,33110.0,77100.0,39770.0,61170.0,7650.0,19130.0,13710.0,27800.0,15100.0,40370.0,57720.0,27210.0,11370.0,26750.0,74690.0,53870.0,17060.0,85500.0,25930.0
2023-06-16,13180.0,29330.0,9910.0,17230.0,51830.0,65800.0,17090.0,9980.0,15860.0,8640.0,8760.0,32880.0,76600.0,39450.0,59630.0,7750.0,19100.0,13920.0,29000.0,15060.0,40370.0,58550.0,26970.0,11350.0,26750.0,73460.0,53690.0,16920.0,85500.0,25590.0
2023-06-19,13100.0,29050.0,9850.0,17280.0,51960.0,65590.0,17180.0,9850.0,15790.0,8610.0,8690.0,32610.0,74500.0,39590.0,60320.0,7870.0,19100.0,14080.0,28750.0,14860.0,40370.0,56710.0,26480.0,11350.0,26050.0,73540.0,53440.0,16830.0,85500.0,25640.0
2023-06-20,13100.0,29190.0,10030.0,17650.0,52440.0,66480.0,18040.0,10040.0,16000.0,8690.0,8740.0,32740.000000000004,75200.0,40550.0,59740.0,7810.0,19130.0,14240.0,29250.0,14880.0,40370.0,55710.0,26530.0,11450.0,26000.0,73150.0,53200.0,16880.0,85500.0,25740.0
2023-06-21,13120.0,29130.0,10080.0,17620.0,52620.0,66000.0,18710.0,10010.0,16640.0,8810.0,8840.0,32880.0,76100.0,40730.0,59630.0,7810.0,19280.0,14410.0,29400.0,15030.0,40370.0,55770.0,26290.0,11450.0,26200.0,72310.0,53870.0,17010.0,85500.0,25880.0
2023-06-22,13100.0,29490.0,10250.0,17810.0,52440.0,65860.0,18570.0,10040.0,16800.0,8900.0,8850.0,32830.0,76300.0,41060.0,59550.0,7810.0,19370.0,14470.0,30000.0,15080.0,40370.0,55980.0,26820.0,11640.0,26200.0,72460.0,54350.0,16970.0,85500.0,26080.0
2023-06-23,13240.0,29730.0,10030.0,17690.0,52190.0,65590.0,18230.0,10010.0,17170.0,8990.0,8990.0,32780.0,77300.0,40910.0,60220.0,7870.0,19830.0,14410.0,30300.0,15230.0,40370.0,55710.0,26970.0,11760.0,26000.0,72850.0,56140.0,17490.0,85500.0,25930.0
2023-06-26,13460.0,29730.0,10030.0,17690.0,52620.0,66130.0,18800.0,10090.0,17050.0,8960.0,8990.0,32780.0,77700.0,42300.0,60020.0,7840.0,19830.0,14300.0,29600.0,15410.0,40370.0,55770.0,26720.0,11760.0,26100.0,72920.0,57350.0,17540.0,85500.0,25790.0
2023-06-27,13420.0,29730.0,10030.0,17750.0,53550.0,66340.0,18800.0,10040.0,17450.0,8930.0,8940.0,32740.000000000004,77700.0,42150.0,59410.0,7810.0,19860.0,14740.0,29600.0,15250.0,40370.0,55770.0,26920.0,11660.0,26200.0,73230.0,57270.0,17400.0,85500.0,26510.0
2023-06-28,13480.0,30430.0,10030.0,18130.0,53360.0,65720.0,18530.0,10060.0,17990.0,8960.0,9200.0,32710.0,77000.0,41880.0,59510.0,7900.0,19940.0,14720.0,29900.0,15410.0,40370.0,56380.0,26680.0,11700.0,26100.0,73000.0,57350.0,17540.0,85500.0,26370.0
2023-06-29,13240.0,29870.0,9970.0,18070.0,53060.0,65170.0,18280.0,9850.0,17450.0,8870.0,9030.0,32530.0,75400.0,40730.0,59250.0,7750.0,19830.0,14110.0,29550.0,15100.0,40370.0,56820.0,26480.0,11640.0,25900.0,72380.0,58420.0,17220.0,85500.0,26080.0
2023-06-30,13330.0,29090.0,9910.0,17840.0,52740.0,64069.99999999999,18610.0,9980.0,17680.0,8870.0,8990.0,32439.999999999996,75200.0,41310.0,59090.0,7690.0,19760.0,14300.0,29800.0,14980.0,40370.0,55770.0,26480.0,11590.0,25500.0,72540.0,57670.0,17170.0,85500.0,25880.0
2023-07-03,13330.0,29870.0,9970.0,17690.0,53000.0,64760.00000000001,19330.0,9900.0,17720.0,8960.0,8990.0,32250.0,75400.0,41010.0,59130.0,7950.0,19760.0,14240.0,29700.0,14810.0,40370.0,55770.0,26920.0,11590.0,25550.0,72620.0,57440.0,17170.0,85500.0,26080.0
2023-07-04,13300.0,29520.0,10140.0,17810.0,53360.0,65510.00000000001,19480.0,9950.0,17750.0,9040.0,9050.0,32250.0,75600.0,41260.0,59090.0,8150.0,19800.0,14690.0,29850.0,14810.0,40370.0,55770.0,27210.0,11590.0,25650.0,72380.0,57350.0,17170.0,85500.0,26270.0
2023-07-05,13280.0,29760.0,10080.0,17870.0,53380.0,64970.0,19290.0,9900.0,18230.0,9100.0,9070.0,32350.0,75800.0,41360.0,59170.0,8070.0,19940.0,14520.0,29900.0,14790.0,40370.0,56880.0,27010.0,11730.0,25500.0,72540.0,56690.0,17270.0,85500.0,26560.0
2023-07-06,13120.0,29490.0,9970.0,17750.0,53230.0,65590.0,19870.0,9770.0,18260.0,9070.0,8990.0,32030.0,76000.0,41210.0,59020.0,8010.0,20890.0,14580.0,29100.0,14600.0,40370.0,56160.0,26240.0,11550.0,25200.0,72540.0,57270.0,16920.0,85500.0,26030.0
2023-07-07,13120.0,29730.0,10030.0,17890.0,53720.0,66130.0,20400.0,9850.0,18560.0,9430.0,9100.0,31890.0,75200.0,43400.0,58090.0,8300.0,20930.0,14660.0,29600.0,14600.0,40370.0,58550.0,26000.0,11660.0,25050.0,72150.0,57610.0,17170.0,85500.0,26080.0
2023-07-10,13280.0,31500.0,10360.0,17950.0,53720.0,67170.0,20400.0,9850.0,18730.0,9540.0,9230.0,32880.0,77900.0,45550.0,57820.0,8300.0,21000.0,15240.0,29850.0,14810.0,40370.0,57270.0,25910.0,11960.0,25450.0,72460.0,58580.0,17350.0,85500.0,26030.0
2023-07-11,13300.0,31230.0,10300.0,18320.0,53520.0,66960.0,20640.0,9980.0,18460.0,9480.0,9430.0,33970.0,79200.0,46550.0,57710.0,8370.0,21110.0,15550.0,30000.0,14790.0,40370.0,57430.0,25950.0,11960.0,25400.0,72460.0,59140.0,17220.0,85500.0,26370.0
2023-07-12,13210.0,31340.0,10420.0,18130.0,53720.0,66480.0,20720.0,9950.0,18260.0,9190.0,9340.0,34090.0,79500.0,46880.0,58090.0,8450.0,20970.0,15490.0,29800.0,14640.0,40370.0,57990.0,26530.0,11840.0,25700.0,72230.0,59710.0,17010.0,85500.0,27140.0
2023-07-13,13300.0,31480.0,10540.0,18130.0,54090.0,68410.0,20770.0,9980.0,18290.0,9360.0,9390.0,34910.0,81800.0,47070.0,59050.0,8480.0,21150.0,15740.0,30000.0,14790.0,40370.0,58490.0,27110.0,11910.0,25750.0,73000.0,59380.0,17270.0,85500.0,27190.0
2023-07-14,13300.0,31370.0,10420.0,18070.0,55870.0,68210.0,20720.0,10140.0,18600.0,9170.0,9540.0,35000.0,81800.0,47170.0,59170.0,8420.0,21180.0,15800.0,29000.0,14790.0,40370.0,58550.0,27160.0,11940.0,25700.0,75310.0,59550.0,17220.0,85500.0,27040.0
2023-07-17,13300.0,31010.0,10470.0,17950.0,56370.0,68210.0,21110.0,10140.0,18460.0,9360.0,9510.0,36040.0,80700.0,46410.0,59050.0,8420.0,21260.0,15960.0,28000.0,14760.0,40370.0,58440.0,28410.0,12030.0,26450.0,74850.0,58740.0,17710.0,85500.0,27670.0
2023-07-18,13300.0,31340.0,10420.0,18040.0,56150.0,68760.0,20960.0,10140.0,18400.0,9450.0,9510.0,36130.0,80500.0,45830.0,58900.0,8680.0,21400.0,15830.0,28450.0,14960.0,40370.0,58160.0,28310.0,12100.0,26350.0,74080.0,58800.0,18140.0,85500.0,27330.0
2023-07-19,13300.0,31050.0,10250.0,18070.0,56020.0,68130.0,20820.0,10390.0,18540.0,9540.0,9410.0,36270.0,80800.0,46260.0,58790.0,8670.0,21400.0,15800.0,28250.0,14960.0,40370.0,59390.0,28170.0,12100.0,26050.0,74380.0,58970.0,17880.0,85500.0,26990.0
2023-07-20,13300.0,31050.0,10360.0,17920.0,57300.0,68000.0,20640.0,10490.0,19080.0,9510.0,9440.0,35900.0,79500.0,46840.0,58940.0,8830.0,21400.0,15520.0,27850.0,14760.0,40370.0,58550.0,27780.0,12090.0,26000.0,75230.0,58970.0,18190.0,85500.0,27090.0
2023-07-21,13360.0,31370.0,10420.0,17950.0,57790.0,68480.0,21110.0,10620.0,19210.0,9510.0,9540.0,35900.0,83000.0,50080.0,58900.0,8850.0,21400.0,15930.0,28750.0,14960.0,40370.0,58550.0,28410.0,12100.0,26050.0,75380.0,59710.0,18530.0,85500.0,27430.0
2023-07-24,13330.0,31400.0,10600.0,18040.0,57790.0,67860.0,21310.0,10650.0,19110.0,9570.0,9600.0,35900.0,84000.0,51980.0,59630.0,9140.0,21470.0,15910.0,28700.0,15010.0,40370.0,58320.0,28460.0,12370.0,26000.0,74460.0,59790.0,18920.0,85500.0,27430.0
2023-07-25,13480.0,31640.0,10540.0,18070.0,58020.0,68060.0,20920.0,10620.0,19110.0,9670.0,9610.0,35700.0,83400.0,51120.0,60780.0,9140.0,21550.0,15960.0,28500.0,15500.0,40370.0,60400.0,28220.0,12350.0,25750.0,74690.0,60530.0,18920.0,85500.0,28010.0
2023-07-26,13480.0,31780.0,10470.0,18010.0,59010.0,67640.0,20720.0,10620.0,19210.0,9570.0,9600.0,35850.0,84600.0,50180.0,62160.0,9140.0,21620.0,16070.0,28300.0,15470.0,40370.0,61510.0,28410.0,12260.0,25500.0,74230.0,60940.0,18920.0,85500.0,27910.0
2023-07-27,13400.0,31340.0,10540.0,17750.0,59720.0,67640.0,20820.0,10620.0,19210.0,9670.0,9510.0,36050.0,84200.0,52100.0,61630.0,9060.0,21660.0,16320.0,28100.0,15320.0,40370.0,61050.0,27690.0,12160.0,25550.0,74540.0,61490.0,18830.0,85500.0,27520.0
2023-07-28,13420.0,31340.0,10650.0,17840.0,60210.0,68540.0,21110.0,10650.0,19150.0,9540.0,9560.0,35800.0,86100.0,52480.0,60410.0,9140.0,21700.0,16490.0,28650.0,15640.0,40370.0,61250.0,28360.0,12230.0,25750.0,75230.0,62870.0,19130.0,85500.0,27810.0
2023-07-31,13880.0,31670.0,11230.0,18130.0,61080.0,70000.0,21450.0,10700.0,19080.0,9570.0,9640.0,36270.0,87300.0,51710.0,60320.0,9140.0,21290.0,16430.0,28950.0,15870.0,40370.0,60330.0,30340.0,12260.0,27550.0,78460.0,63360.0,19170.0,85500.0,28630.0
2023-08-01,13810.0,32350.0,11100.0,18380.0,60290.0,69370.0,21110.0,10830.0,18600.0,9670.0,9640.0,37190.0,86700.0,49780.0,60940.0,9100.0,21880.0,15960.0,28950.0,15730.0,40370.0,60060.0,30240.0,12160.0,29450.0,77850.0,61750.0,18990.0,85500.0,28100.0
2023-08-02,13970.0,32950.0,11630.0,18770.0,59580.0,69170.0,21010.0,10730.0,18600.0,9810.0,9670.0,36890.0,85200.0,49780.0,61140.0,9180.0,22100.0,16070.0,29100.0,15690.0,40370.0,60260.0,29810.0,12200.0,29150.0,77540.0,61810.0,19040.0,85500.0,27910.0
2023-08-03,14180.0,32580.0,11510.0,18670.0,59720.0,68620.0,20920.0,10620.0,18150.0,9930.0,9640.0,37330.0,86100.0,50750.0,62130.0,9180.0,22100.0,15800.0,28600.0,15500.0,40370.0,59660.0,28940.0,12160.0,29100.0,77690.0,60950.0,18790.0,85500.0,27430.0
2023-08-04,14760.0,32490.000000000004,11690.0,18740.0,59440.0,69100.0,21010.0,10580.0,18500.0,10090.0,9720.0,38000.0,86300.0,51040.0,61740.0,9650.0,21180.0,16190.000000000002,28950.0,15550.0,40370.0,59340.0,30340.0,12370.0,31100.0,77690.0,61270.0,19220.0,85500.0,27720.0
2023-08-07,14360.0,32790.0,11740.0,19710.0,60290.0,69510.0,21780.0,10700.0,18640.0,10800.0,9890.0,38040.0,88200.0,51810.0,61940.0,9750.0,22100.0,16460.0,30050.0,15900.0,40370.0,59800.0,30290.0,12600.0,31950.0,78380.0,62860.0,19610.0,85500.0,28590.0
2023-08-08,14160.0,32659.999999999996,11690.0,19710.0,60080.0,69720.0,21690.0,10700.0,18400.0,11120.0,9820.0,39100.0,89200.0,51630.0,62160.0,9600.0,22130.0,16129.999999999998,29800.0,15730.0,40370.0,59730.0,30240.0,12500.0,33500.0,79230.0,62540.0,19220.0,85500.0,29940.0
2023-08-09,14030.0,32350.0,11740.0,19650.0,59290.0,69580.0,21260.0,10680.0,18800.0,11070.0,9800.0,39380.0,88000.0,50660.0,61940.0,9540.0,21910.0,15860.0,31200.0,15730.0,40370.0,59400.0,29180.0,12350.0,32900.0,78150.0,61350.0,19090.0,85500.0,29840.0
2023-08-10,13850.0,31200.0,11920.0,19130.0,58650.0,70270.0,20590.0,10620.0,18500.0,10890.0,9670.0,39630.0,83000.0,50080.0,61790.0,9380.0,21910.0,15570.0,30550.0,15500.0,40370.0,58280.0,29180.0,12160.0,33950.0,77460.0,61350.0,18990.0,85500.0,29020.0
2023-08-11,13850.0,31340.0,11920.0,19400.0,58500.0,69930.0,20250.0,10530.0,18730.0,10890.0,9670.0,39380.0,84500.0,51330.0,61380.0,9380.0,22200.0,15600.0,31850.0,15570.0,40370.0,59530.0,29320.0,12100.0,36300.0,77770.0,61700.0,19040.0,85500.0,29700.0
2023-08-14,13940.0,31940.0,11920.0,19530.0,58950.0,69310.0,20680.0,10580.0,19040.0,11030.0,9690.0,39630.0,82200.0,52200.0,60780.0,9380.0,21730.0,16149.999999999998,31900.0,15640.0,40370.0,58610.0,29470.0,12200.0,36650.0,77080.0,61610.0,18990.0,85500.0,29260.0
2023-08-15,13810.0,31540.0,11800.0,19590.0,59940.0,69170.0,20590.0,10530.0,18900.0,11070.0,9690.0,39630.0,82400.0,52000.0,60510.0,9380.0,21550.0,15910.0,31500.0,15750.0,40370.0,58540.0,29710.0,12150.0,35350.0,78380.0,61100.0,19040.0,85500.0,30230.0
2023-08-16,13850.0,31880.0,11570.0,19560.0,60730.0,69020.0,20490.0,10580.0,18900.0,11090.0,9720.0,39530.0,81800.0,51810.0,60510.0,9360.0,21550.0,15990.0,32900.0,16340.0,40370.0,58750.0,30290.0,12160.0,37800.0,77540.0,61350.0,19390.0,85500.0,30420.0
2023-08-17,13810.0,31620.0,11570.0,19710.0,61360.0,68880.0,20440.0,10580.0,19010.0,11150.0,9640.0,39150.0,82100.0,51900.0,59980.0,9320.0,21470.0,16600.0,32450.000000000004,16059.999999999998,40370.0,58880.0,29370.0,12200.0,35950.0,76920.0,61790.0,19170.0,85500.0,29550.0
2023-08-18,13240.0,29650.0,10770.0,18550.0,61020.0,67250.0,19050.0,10000.0,17920.0,10690.0,9260.0,37520.0,79000.0,48340.0,59090.0,8690.0,20050.0,15680.0,31300.0,15030.0,40370.0,58950.0,27350.0,11530.0,33450.0,75310.0,61530.0,17840.0,85500.0,28100.0
2023-08-21,13300.0,30600.0,11000.0,19340.0,61290.0,68270.0,18530.0,10000.0,17720.0,11360.0,9280.0,37470.0,78400.0,47190.0,58760.0,8820.0,19430.0,15990.0,31800.0,15150.0,40370.0,59140.0,26970.0,11700.0,32900.0,73850.0,61190.0,18010.0,85500.0,28490.0
2023-08-22,13330.0,30740.0,11010.0,19070.0,61730.0,69100.0,18280.0,10120.0,17680.0,11570.0,9310.0,38180.0,77700.0,48160.0,57710.0,8770.0,20590.0,17020.0,32150.0,15320.0,40370.0,58220.0,26720.0,11700.0,32250.0,74850.0,61030.0,17840.0,85500.0,28300.0
2023-08-23,13210.0,30660.0,10880.0,18920.0,61730.0,70210.0,18430.0,9930.0,17350.0,11570.0,9200.0,37760.0,77500.0,47860.0,57750.0,8690.0,20590.0,16850.0,30900.0,15360.0,40370.0,56840.0,26240.0,11640.0,32500.0,74230.0,61700.0,17540.0,85500.0,27770.0
2023-08-24,13330.0,30740.0,11010.0,19180.0,64980.00000000001,70550.0,19000.0,10000.0,17780.0,11790.0,9340.0,37960.0,80000.0,48440.0,59050.0,8770.0,20780.0,17740.0,31550.0,15640.0,40370.0,57290.0,26680.0,11640.0,32100.0,75000.0,62700.0,17740.0,85500.0,28060.0
2023-08-25,13280.0,30330.0,11070.0,18830.0,65400.00000000001,69850.0,18850.0,10030.0,17550.0,11830.0,9260.0,38380.0,79700.0,48630.0,60100.0,8670.0,20590.0,17850.0,31100.0,15570.0,40370.0,56770.0,26050.0,11550.0,31750.0,74620.0,62860.0,17490.0,85500.0,27720.0
2023-08-28,13330.0,30470.0,11290.0,18830.0,67860.0,71100.0,19380.0,10060.0,18150.0,11910.0,9310.0,38420.0,80700.0,49780.0,60130.0,8770.0,20670.0,17980.0,31650.0,15730.0,40370.0,57290.0,26340.0,11660.0,32350.0,75380.0,65390.0,17570.0,85500.0,28730.0
2023-08-29,13330.0,30740.0,11480.0,18900.0,67580.0,71310.0,19820.0,10000.0,18260.0,11940.0,9340.0,38670.0,80000.0,50950.0,60820.0,8880.0,20710.0,17930.0,31750.0,15690.0,40370.0,58220.0,26290.0,11660.0,31700.0,75000.0,64959.99999999999,18050.0,85500.0,28250.0
2023-08-30,13580.0,31010.0,11540.0,19400.0,69730.0,70880.0,19870.0,10090.0,18400.0,11980.0,9410.0,38990.0,79600.0,51810.0,61470.0,8880.0,20530.0,18570.0,32500.0,15730.0,40370.0,58680.0,26290.0,11780.0,31000.0,74540.0,65310.0,18010.0,85500.0,28680.0
2023-08-31,13660.0,31500.0,11660.0,19620.0,69800.0,70390.0,20960.0,10390.0,18660.0,12100.0,9460.0,38850.0,81500.0,51810.0,60780.0,9030.0,20530.0,18500.0,32650.0,15960.0,40370.0,58680.0,26340.0,11990.0,31050.0,75380.0,65310.0,18140.0,85500.0,29260.0
2023-09-05,13760.0,31880.0,11960.0,19740.0,69880.0,71100.0,21110.0,10550.0,18800.0,12130.0,9800.0,38890.0,81500.0,52300.0,61100.0,9180.0,20090.0,18490.0,32700.000000000004,16190.000000000002,40370.0,59340.0,26630.0,12150.0,31150.0,77310.0,67230.0,18190.0,85500.0,29120.0
2023-09-06,13880.0,31750.0,12310.0,19740.0,71480.0,72450.0,21110.0,10620.0,19620.0,12170.0,9850.0,38890.0,82700.0,52970.0,61170.0,9180.0,20300.0,18840.0,33050.0,16290.0,40370.0,59400.0,26920.0,12160.0,30800.0,78230.0,67160.0,18870.0,85500.0,29260.0
2023-09-07,13850.0,31780.0,12310.0,19740.0,70670.0,73450.0,21500.0,10680.0,19380.0,12170.0,9870.0,37650.0,82000.0,52970.0,61740.0,9250.0,20050.0,18660.0,33000.0,16540.0,40370.0,58950.0,26530.0,12200.0,30400.0,77690.0,66740.0,18830.0,85500.0,29260.0
2023-09-08,13760.0,31540.0,12730.0,19530.0,70460.0,72960.0,21780.0,10700.0,19450.0,12130.0,9770.0,38470.0,81800.0,53450.0,61790.0,9210.0,20090.0,18710.0,32500.0,16360.0,40370.0,58950.0,26000.0,12150.0,29550.0,78000.0,67160.0,18870.0,85500.0,28590.0
2023-09-11,13510.0,31200.0,12370.0,19280.0,70320.0,72380.0,20870.0,10550.0,18940.0,12210.0,9600.0,38130.0,79600.0,52480.0,64440.0,8910.0,19720.0,18570.0,31600.0,15990.0,40370.0,58280.0,25280.0,11910.0,29550.0,76150.0,66740.0,18960.0,85500.0,27720.0
2023-09-12,13760.0,31540.0,12730.0,19530.0,71400.0,73310.0,21780.0,10730.0,19450.0,12280.0,9850.0,38130.0,81000.0,53730.0,64989.99999999999,9100.0,19980.0,19850.0,32350.0,16340.0,40370.0,59200.0,25760.0,12030.0,30150.0,78380.0,67400.0,19320.0,85500.0,28490.0
2023-09-13,13630.0,31540.0,13200.0,19680.0,70750.0,75380.0,21400.0,10770.0,19210.0,12280.0,9750.0,37960.0,80100.0,55380.0,64170.0,8960.0,19830.0,19850.0,31950.0,16190.000000000002,40370.0,58680.0,25090.0,12370.0,29600.0,76150.0,66390.0,19430.0,85500.0,28010.0
2023-09-14,13580.0,31370.0,12790.0,20070.0,69230.0,75660.0,21110.0,10800.0,18800.0,12060.0,9800.0,38000.0,78600.0,55180.0,65560.0,8910.0,19210.0,19760.0,31800.0,16149.999999999998,40370.0,58680.0,23600.0,12780.0,27750.0,76150.0,66650.0,19390.0,85500.0,27910.0
2023-09-15,13700.0,31400.0,13140.0,19800.0,70390.0,78230.0,21690.0,11110.0,18660.0,11870.0,9910.0,38180.0,79700.0,53830.0,63950.0,8850.0,19720.0,19670.0,32500.0,16149.999999999998,40370.0,59140.0,24320.0,12710.0,26800.0,76690.0,66740.0,19510.0,85500.0,27430.0
2023-09-18,13580.0,30700.0,12960.0,19370.0,69960.0,77810.0,21260.0,10860.0,18660.0,11600.0,9800.0,38000.0,78500.0,52970.0,62160.0,8770.0,19570.0,19790.0,32600.0,15780.0,40370.0,58480.0,23570.0,12350.0,26500.0,76000.0,66230.0,19170.0,85500.0,26750.0
2023-09-19,13480.0,30330.0,13020.0,19400.0,71030.0,78520.0,21400.0,10930.0,19040.0,11500.0,9720.0,38000.0,79000.0,53450.0,60780.0,8740.0,19570.0,20060.0,33300.0,15690.0,40370.0,58020.0,23760.0,12200.0,25850.0,76460.0,66230.0,18960.0,85500.0,26650.0
2023-09-20,13580.0,30660.0,12960.0,19370.0,71100.0,77810.0,22160.0,11010.0,19210.0,11600.0,9820.0,37910.0,79700.0,53730.0,61940.0,8850.0,19360.0,20210.0,33250.0,15900.0,40370.0,57950.0,24410.0,12370.0,26750.0,76460.0,65720.0,18960.0,85500.0,27140.0
2023-09-21,13540.0,30330.0,12730.0,19170.0,69880.0,76030.0,22260.0,10830.0,19210.0,11300.0,9690.0,37860.0,78800.0,52200.0,61560.0,8740.0,19360.0,19260.0,32350.0,15870.0,40370.0,57290.0,24170.0,12160.0,26100.0,76380.0,65470.0,18750.0,85500.0,27190.0
2023-09-22,13480.0,30910.0,12430.0,19130.0,69800.0,77860.0,20960.0,10830.0,18460.0,10860.0,9560.0,37650.0,75400.0,50180.0,60470.0,8560.0,18630.0,18070.0,32900.0,15730.0,40370.0,58810.0,23110.0,11960.0,25000.0,75080.0,65060.0,18390.0,85500.0,26460.0
2023-09-25,13300.0,30270.0,12610.0,18010.0,68070.0,76670.0,19530.0,10730.0,17590.0,10240.0,9260.0,37000.0,70300.0,49110.0,58480.0,7980.0,18990.0,16820.0,31650.0,15180.0,40370.0,58810.0,22630.0,11230.0,23250.0,75380.0,65140.0,17660.0,85500.0,25690.0
2023-09-26,13240.0,29760.0,12250.0,18320.0,67500.0,76070.0,18190.0,10730.0,17720.0,9950.0,9340.0,36230.0,73000.0,49600.0,57930.0,7840.0,19130.0,17120.0,31350.0,14990.0,40370.0,57290.0,21670.0,11350.0,22500.0,75380.0,63880.0,17710.0,85500.0,24920.0
2023-09-27,13300.0,29790.0,12850.0,18740.0,68070.0,76150.0,19050.0,10730.0,17920.0,9980.0,9460.0,36760.0,76000.0,50080.0,57020.0,8050.000000000001,19180.0,18290.0,31800.0,15080.0,40370.0,57820.0,21720.0,11530.0,22600.0,76690.0,64300.0,18190.0,85500.0,25210.0
2023-09-28,13160.0,29760.0,13320.0,18650.0,67860.0,78380.0,18800.0,10680.0,17990.0,10240.0,9460.0,36270.0,76500.0,51040.0,55710.0,7940.0,18260.0,17900.0,30750.0,15570.0,40370.0,57950.0,21430.0,11420.0,22500.0,76380.0,62790.0,18350.0,85500.0,24580.0
2023-09-29,13210.0,29760.0,12960.0,18160.0,66990.0,77690.0,18710.0,10700.0,17780.0,10440.0,9460.0,36270.0,76300.0,50660.0,55780.0,8050.000000000001,18260.0,17630.0,30650.0,15570.0,40370.0,57630.0,21910.0,11420.0,23430.0,76380.0,62280.0,18790.0,85500.0,25210.0
2023-10-02,13240.0,29490.0,12850.0,18100.0,67270.0,76500.0,19580.0,10550.0,17720.0,10290.0,9510.0,36330.0,77400.0,49980.0,56170.0,8000.0,18260.0,17790.0,30850.0,15350.0,40370.0,56970.0,22030.0,11460.0,23450.0,75770.0,63450.0,18870.0,85500.0,25930.0
2023-10-03,13060.0,27870.0,12250.0,17590.0,66560.0,73930.0,18230.0,10550.0,16770.0,9910.0,9240.0,36270.0,74000.0,47190.0,54100.0,7650.0,18190.0,16740.0,29200.0,15030.0,40370.0,56840.0,21210.0,11080.0,22250.0,75310.0,62110.0,18190.0,85500.0,25400.0
2023-10-04,13060.0,28530.0,12310.0,17460.0,66790.0,73500.0,18710.0,10550.0,17070.0,10180.0,9280.0,36050.0,73500.0,47380.0,53870.0,7720.0,17860.0,17600.0,30200.0,14930.0,40370.0,56840.0,21480.0,11140.0,23050.0,74460.0,62440.0,18190.0,85500.0,26080.0
2023-10-05,13060.0,27910.0,11840.0,16990.0,66120.0,72120.0,19000.0,10460.0,16850.0,10240.0,9240.0,36230.0,72800.0,45260.0,53480.0,7620.0,17900.0,17550.0,29900.0,14710.0,40370.0,55650.0,21450.0,10900.0,22800.0,73460.0,61030.0,18010.0,85500.0,25880.0
2023-10-06,13180.0,28320.0,11840.0,17340.0,66930.0,72120.0,19380.0,10550.0,16870.0,10360.0,9280.0,36230.0,72700.0,46520.0,53560.0,7760.0,17900.0,18260.0,30950.0,14830.0,40370.0,56240.0,22170.0,11020.0,22980.0,74620.0,62280.0,18140.0,85500.0,26510.0
2023-10-09,13600.0,28150.0,12250.0,17620.0,69010.0,74180.0,19580.0,10530.0,17250.0,10620.0,9360.0,36520.0,73500.0,46180.0,52940.0,7800.0,17930.0,18410.0,31200.0,14860.0,40370.0,55720.0,22630.0,11170.0,22600.0,74690.0,61860.0,18530.0,85500.0,26120.0
2023-10-10,13790.0,28210.0,12310.0,17710.0,69520.0,74010.0,19250.0,10730.0,17590.0,10660.0,9440.0,37220.0,73200.0,47040.0,52940.0,7870.0,17970.0,18130.0,31250.0,15030.0,40370.0,56700.0,23110.0,11430.0,22450.0,74850.0,62440.0,18700.0,85500.0,26080.0
2023-10-11,13720.0,28180.0,12670.0,17840.0,70020.0,73660.0,19870.0,10860.0,17720.0,10710.0,9460.0,36330.0,73800.0,47480.0,52320.0,7910.0,18080.0,18840.0,31750.0,15080.0,40370.0,56970.0,22820.0,11550.0,22730.0,75080.0,62440.0,18870.0,85500.0,26080.0
2023-10-12,13720.0,28280.0,12430.0,17890.0,69590.0,73660.0,20000.0,10800.0,17450.0,10710.0,9390.0,36420.0,73100.0,46610.0,53010.0,7870.0,18080.0,18620.0,31600.0,15030.0,40370.0,56640.0,22900.0,11590.0,23250.0,75150.0,63360.0,18920.0,85500.0,26270.0
2023-10-13,13700.0,28530.0,12610.0,17710.0,69360.0,73500.0,20540.0,10860.0,17420.0,10710.0,9440.0,37000.0,72700.0,47670.0,53930.0,7840.0,18110.0,18590.0,31500.0,14910.0,40370.0,57040.0,22580.0,11420.0,23050.0,79850.0,63620.0,18990.0,85500.0,26410.0
2023-10-16,13660.0,27950.0,12790.0,17400.0,69880.0,74440.0,20590.0,10730.0,16910.0,10660.0,9310.0,36660.0,71600.0,46810.0,54570.0,7690.0,18110.0,17790.0,30200.0,14710.0,40370.0,56700.0,21930.0,11110.0,22500.0,78850.0,63120.0,19480.0,85500.0,25790.0
2023-10-17,13580.0,27720.0,12370.0,17280.0,67190.0,72980.0,19380.0,10830.0,16770.0,10560.0,9260.0,36760.0,71000.0,44590.0,53780.0,7690.0,18080.0,17430.0,30000.0,14690.0,40370.0,56570.0,21430.0,11000.0,22000.0,79150.0,62790.0,19660.0,85500.0,26080.0
2023-10-18,13330.0,26850.0,12310.0,17140.0,67140.0,71100.0,19200.0,10830.0,16230.0,10560.0,9070.0,37090.0,68300.0,43050.0,52550.0,7540.0,18040.0,17490.0,29700.0,14470.0,40370.0,56570.0,20850.0,10870.0,21900.0,80690.0,62040.0,19480.0,85500.0,25590.0
2023-10-19,13180.0,26980.0,12010.0,17280.0,66420.0,70150.0,19200.0,10800.0,16040.0,10590.0,9030.0,36760.0,66400.0,41410.0,52550.0,7470.0,17970.0,16690.0,29000.0,14180.0,40370.0,55650.0,20470.0,10770.0,21600.0,80850.0,59940.0,18580.0,85500.0,25500.0
2023-10-20,13240.0,27170.0,12310.0,17780.0,67060.0,71260.0,19670.0,10960.0,16470.0,10970.0,9180.0,36760.0,69000.0,43050.0,53870.0,7580.0,17860.0,17350.0,30100.0,14390.0,40370.0,55850.0,21430.0,10820.0,21680.0,80920.0,60690.0,18700.0,85500.0,25690.0
2023-10-23,13180.0,27040.0,12070.0,17710.0,65700.0,69040.0,18950.0,10800.0,16230.0,11080.0,9100.0,36760.0,66000.0,41410.0,52170.0,7470.0,18110.0,16960.0,29700.0,14300.0,40370.0,55650.0,21430.0,10630.0,21700.0,79620.0,58920.0,18230.0,85500.0,25110.0
2023-10-24,13240.0,27720.0,11960.0,17840.0,66420.0,69550.0,19620.0,10830.0,16230.0,11110.0,9150.0,36760.0,66900.0,41410.0,53180.0,7690.0,18840.0,17210.0,30000.0,14510.0,40370.0,56640.0,21480.0,10900.0,21730.0,79690.0,59000.0,18230.0,85500.0,25690.0
2023-10-25,13240.0,27340.0,11540.0,17530.0,65630.0,68870.0,19670.0,10800.0,16260.000000000002,11190.0,9100.0,36760.0,66000.0,41900.0,53250.0,7650.0,18920.0,17070.0,29550.0,14440.0,40370.0,56500.0,21620.0,10790.0,22350.0,79080.0,57910.0,18190.0,85500.0,25540.0
2023-10-26,12760.0,27210.0,10770.0,17140.0,62660.0,64680.00000000001,18330.0,10490.0,15420.0,10770.0,8800.0,36050.0,61400.0,40450.0,50940.0,7290.0,18630.0,15910.0,28100.0,13790.0,40370.0,55650.0,20130.0,10230.0,20800.0,76770.0,56250.0,17490.0,85500.0,23760.0
2023-10-27,13030.0,28180.0,11070.0,17050.0,62810.0,66470.0,18530.0,10650.0,15790.0,11530.0,8920.0,35800.0,57800.0,40450.0,48550.0,7470.0,18660.0,16320.0,28700.0,13670.0,40370.0,55980.0,18880.0,10670.0,20800.0,76770.0,57080.0,17490.0,85500.0,22120.0
2023-10-30,12880.0,27520.0,10590.0,16710.0,61350.0,65620.0,17270.0,10620.0,15550.0,10890.0,8690.0,36270.0,58000.0,39000.0,46770.0,7360.0,18520.0,15240.0,27000.0,13010.0,40370.0,56570.0,18880.0,10380.0,20750.0,75380.0,56730.0,17220.0,85500.0,22310.0
2023-10-31,12940.0,26980.0,10340.0,16740.0,59910.0,65620.0,16219.999999999998,10620.0,15550.0,11040.0,8750.0,35950.0,58200.0,36300.0,43620.0,7310.0,18840.0,14270.0,27000.0,12810.0,40370.0,57160.0,18780.0,10550.0,20250.0,76150.0,57080.0,17310.0,85500.0,21440.0
2023-11-01,13060.0,26850.0,10700.0,16560.0,61650.0,65870.0,16590.0,10650.0,16190.000000000002,11380.0,8800.0,35330.0,59500.0,33800.0,44160.0,7500.0,18920.0,15050.0,27650.0,13060.0,40370.0,57820.0,18520.0,10610.0,20200.0,80310.0,59090.0,17150.0,85500.0,21920.0
2023-11-02,13480.0,27950.0,11110.0,17080.0,64250.0,67840.0,17750.0,10860.0,17070.0,11600.0,9050.0,35330.0,62700.0,35630.0,47240.0,7910.0,18950.0,16020.0,29000.0,13570.0,40370.0,58610.0,19240.0,10930.0,20730.0,80690.0,59510.0,17570.0,85500.0,22450.0
2023-11-03,13330.0,27860.0,11070.0,16930.0,62810.0,67750.0,17750.0,11320.0,16980.0,11500.0,8900.0,34750.0,63900.0,37510.0,49170.0,7760.0,17750.0,16020.0,28500.0,14340.0,40370.0,58540.0,19500.0,10970.0,20800.0,81920.0,58750.0,17150.0,85500.0,23560.0
2023-11-06,13420.0,28040.0,11070.0,17250.0,63890.0,67670.0,17750.0,11270.0,17420.0,11600.0,9180.0,35330.0,64000.0,36640.0,50940.0,7980.0,18480.0,16070.0,29450.0,14340.0,40370.0,58950.0,19740.0,11140.0,21050.0,82540.0,59600.0,18010.0,85500.0,23180.0
2023-11-07,13360.0,28040.0,11070.0,17250.0,63750.0,67500.0,17700.0,11110.0,17450.0,11680.0,9100.0,35950.0,62000.0,36790.0,50090.0,7870.0,17820.0,15710.0,29000.0,14160.0,40370.0,58150.0,19260.0,11020.0,21030.0,81540.0,59430.0,17910.0,85500.0,22360.0
2023-11-08,13790.0,28780.0,11420.0,17690.0,66850.0,68530.0,18900.0,11600.0,18230.0,11870.0,9390.0,36270.0,63800.0,38140.0,50090.0,8230.0,18220.0,16790.0,30000.0,14710.0,40370.0,58950.0,19740.0,11430.0,21500.0,86920.0,59940.0,18480.0,85500.0,22890.0
2023-11-09,13630.0,28740.0,11360.0,17840.0,66790.0,68530.0,18900.0,11570.0,18050.0,11830.0,9390.0,37000.0,62800.0,38810.0,49170.0,8160.0,17900.0,17100.0,29650.0,14580.0,40370.0,57890.0,20660.0,11380.0,22700.0,83380.0,59340.0,18170.0,85500.0,23470.0
2023-11-10,13540.0,28320.0,11110.0,17780.0,66040.0,67410.0,18570.0,11630.0,17920.0,11530.0,9200.0,37650.0,61700.0,37950.0,48020.0,8080.0,17380.0,17070.0,29500.0,14370.0,40370.0,56640.0,20370.0,11210.0,22480.0,83850.0,58430.0,17750.0,85500.0,23130.0
2023-11-13,13580.0,28260.0,11290.0,17780.0,65980.0,67670.0,18660.0,11600.0,18400.0,11530.0,9260.0,37090.0,62000.0,38520.0,47160.0,8000.0,16800.0,17430.0,29250.0,14300.0,40370.0,56310.0,19910.0,11320.0,22400.0,83080.0,57660.0,17440.0,85500.0,22700.0
2023-11-14,13720.0,28860.0,11420.0,18010.0,66850.0,67750.0,18900.0,11570.0,18260.0,11830.0,9440.0,36760.0,62600.0,39970.0,47720.0,8300.0,16910.0,17600.0,30000.0,14580.0,40370.0,56640.0,19740.0,11550.0,22480.0,82920.0,57830.0,17800.0,85500.0,23180.0
2023-11-15,14060.0,29620.0,11480.0,18260.0,66710.0,68610.0,19050.0,11660.0,18260.0,11830.0,9480.0,38340.0,65800.0,40350.0,48630.0,8380.0,17170.0,17700.0,30000.0,14600.0,40370.0,57750.0,19960.0,11590.0,22700.0,83620.0,59340.0,18120.0,85500.0,23270.0
2023-11-16,14090.0,29360.0,11540.0,18280.0,67140.0,68530.0,19250.0,11700.0,18400.0,11790.0,9460.0,38670.0,66000.0,39970.0,49390.0,8410.0,17130.0,17900.0,30200.0,14660.0,40370.0,57950.0,19820.0,11550.0,22550.0,83460.0,59000.0,18070.0,85500.0,23030.0
2023-11-17,13720.0,28780.0,11070.0,17950.0,65700.0,67410.0,19000.0,11420.0,17920.0,11570.0,9310.0,38180.0,64099.99999999999,39870.0,49020.0,8130.000000000001,16910.0,17460.0,29350.0,14420.0,40370.0,56380.0,18760.0,11280.0,21100.0,81150.0,58750.0,17540.0,85500.0,22020.0
2023-11-20,13600.0,28950.0,11110.0,17870.0,65480.00000000001,67080.0,19540.0,11540.0,18030.0,11570.0,9200.0,38180.0,63600.0,39050.0,48470.0,8130.000000000001,16910.0,17950.0,29200.0,14340.0,40370.0,56700.0,18760.0,11210.0,21350.0,81310.0,58160.0,17720.0,85500.0,21780.0
2023-11-21,13660.0,29490.0,11420.0,17780.0,66350.0,67670.0,19590.0,11540.0,18290.0,11760.0,9260.0,38340.0,64599.99999999999,39390.0,48550.0,8160.0,16910.0,18040.0,29300.0,14250.0,40370.0,57040.0,18830.0,11230.0,21300.0,82000.0,58340.0,17850.0,85500.0,21830.0
2023-11-22,13720.0,29270.0,11420.0,17890.0,67140.0,67670.0,19680.0,11470.0,18400.0,11640.0,9240.0,37960.0,64900.00000000001,38330.0,48870.0,8189.999999999999,16880.0,18230.0,29100.0,14320.0,40370.0,57090.0,18780.0,11320.0,21000.0,83230.0,58250.0,17850.0,85500.0,22020.0
2023-11-23,13420.0,28860.0,11180.0,17650.0,65560.0,65960.0,18850.0,11140.0,17480.0,11300.0,9150.0,37760.0,63300.0,35930.0,46470.0,7940.0,16800.0,17120.0,28200.0,14060.0,40370.0,56310.0,18780.0,11080.0,20650.0,80770.0,57660.0,17390.0,85500.0,21830.0
2023-11-24,13330.0,29300.0,11290.0,17890.0,65830.0,66390.0,19100.0,11300.0,17850.0,11420.0,9130.0,36760.0,61800.0,37130.0,48470.0,7940.0,16880.0,17740.0,28300.0,13900.0,40370.0,56640.0,18830.0,11080.0,20680.0,81770.0,57330.0,17440.0,85500.0,21830.0
2023-11-27,13210.0,28860.0,11110.0,17780.0,65480.00000000001,65790.0,18850.0,11170.0,17780.0,11150.0,9000.0,37220.0,60900.0,36600.0,49480.0,7800.0,16840.0,17190.0,27400.0,13560.0,40370.0,56500.0,19170.0,10870.0,20930.0,81540.0,57170.0,17440.0,85500.0,21830.0
2023-11-28,13240.0,29390.0,11070.0,17710.0,65770.0,65960.0,19150.0,11140.0,18050.0,11300.0,9130.0,37520.0,61300.0,36600.0,49930.0,7870.0,16840.0,17400.0,28150.0,13870.0,40370.0,56500.0,19620.0,11020.0,21200.0,81920.0,57500.0,17570.0,85500.0,22020.0
2023-11-29,13330.0,29720.0,11290.0,17780.0,66190.0,66640.0,19390.0,11140.0,18260.0,11450.0,9130.0,38340.0,62900.0,37360.0,50940.0,7870.0,16840.0,17520.0,27800.0,13840.0,40370.0,56040.0,19840.0,11080.0,21280.0,82150.0,57420.0,17490.0,85500.0,22410.0
2023-11-30,13280.0,29390.0,11180.0,17770.0,66350.0,65530.0,19540.0,11110.0,17960.0,11530.0,9100.0,38890.0,60500.0,37080.0,50010.0,7840.0,16510.0,17350.0,27500.0,13650.0,40370.0,55790.0,19890.0,11020.0,20880.0,78460.0,56570.0,17350.0,85500.0,21340.0
2023-12-01,13280.0,29790.0,11290.0,17770.0,66710.0,66560.0,19680.0,11230.0,18180.0,11530.0,9100.0,40340.0,61500.0,37310.0,50010.0,7870.0,16580.0,17740.0,27500.0,13770.0,40370.0,55980.0,19700.0,11170.0,21050.0,81080.0,57420.0,17540.0,85500.0,22020.0
2023-12-04,13480.0,30100.0,11480.0,17930.0,67580.0,67670.0,20120.0,11420.0,18600.0,11530.0,9240.0,41050.0,62200.0,38470.0,49780.0,8050.000000000001,16620.0,18620.0,28200.0,13980.0,40370.0,56640.0,19890.0,11280.0,21480.0,81380.0,57740.0,17720.0,85500.0,22210.0
2023-12-05,13400.0,29990.0,11480.0,17900.0,68440.0,67670.0,20120.0,11390.0,18430.0,11570.0,9240.0,41710.0,61400.0,38520.0,49240.0,7940.0,16580.0,18460.0,27800.0,13900.0,40370.0,56240.0,19500.0,11280.0,21400.0,80850.0,57170.0,17390.0,85500.0,22070.0
2023-12-06,13480.0,30260.0,11540.0,18000.0,68580.0,68360.0,20320.0,11470.0,18660.0,11870.0,9260.0,41530.0,62100.0,39440.0,50170.0,7980.0,16580.0,18620.0,28100.0,14060.0,40370.0,56570.0,19480.0,11320.0,21400.0,81380.0,57500.0,17620.0,85500.0,22120.0
2023-12-07,13540.0,30700.0,11240.0,18170.0,68070.0,66730.0,19730.0,11540.0,18660.0,12060.0,9340.0,41530.0,63500.0,39350.0,50480.0,8000.0,16580.0,18210.0,28550.0,14270.0,40370.0,56110.0,19120.0,11380.0,21400.0,81310.0,57420.0,17850.0,85500.0,22020.0
2023-12-08,13540.0,31690.0,11290.0,18170.0,67990.0,66470.0,19590.0,11570.0,18730.0,12320.0,9310.0,41050.0,66200.0,41020.0,50480.0,7980.0,16580.0,18070.0,28200.0,14320.0,40370.0,55980.0,19090.0,11420.0,21480.0,80150.0,57910.0,17800.0,85500.0,22550.0
2023-12-11,13540.0,31300.0,11290.0,18130.0,68580.0,67080.0,19880.0,11570.0,18600.0,12210.0,9280.0,41150.0,67500.0,40920.0,50390.0,8080.0,16540.0,18130.0,27850.0,14270.0,40370.0,55450.0,19740.0,11320.0,22030.0,80150.0,58750.0,17620.0,85500.0,22840.0
2023-12-12,13600.0,31690.0,11360.0,18240.0,69880.0,66980.0,19880.0,11600.0,18900.0,12100.0,9340.0,41290.0,66200.0,40920.0,50010.0,8050.000000000001,16540.0,18070.0,28000.0,14370.0,40370.0,55450.0,19770.0,11320.0,22130.0,80380.0,58250.0,17670.0,85500.0,22840.0
2023-12-13,13480.0,31460.0,11110.0,18070.0,68720.0,65870.0,19490.0,11630.0,18500.0,11910.0,9240.0,41050.0,65800.0,40150.0,49240.0,7910.0,16510.0,17740.0,27450.0,14110.0,40370.0,55120.0,19620.0,11230.0,21950.0,80770.0,57250.0,17440.0,85500.0,22210.0
2023-12-14,13600.0,31460.0,10950.0,18070.0,69440.0,65870.0,19390.0,11660.0,18290.0,11790.0,9240.0,40910.0,65000.0,40060.0,48470.0,7840.0,16510.0,17740.0,27100.0,14140.0,40370.0,55580.0,19410.0,11140.0,21900.0,81000.0,57420.0,17250.0,85500.0,22070.0
2023-12-15,13760.0,31380.0,11010.0,18030.0,69440.0,65099.99999999999,19440.0,11730.0,18130.0,11830.0,9240.0,40910.0,63000.0,39250.0,48320.0,7840.0,16510.0,17630.0,27100.0,14160.0,40370.0,54130.0,19210.0,11080.0,21850.0,79230.0,57170.0,16990.0,85500.0,21780.0
2023-12-18,13790.0,31010.0,10830.0,17600.0,67860.0,64680.00000000001,19000.0,11350.0,17990.0,11640.0,9200.0,40810.0,62900.0,38140.0,47330.0,7760.0,16510.0,17580.0,26300.0,13900.0,40370.0,53670.0,19210.0,10930.0,21600.0,80770.0,56250.0,16710.0,85500.0,21830.0
2023-12-19,13940.0,31160.0,10950.0,17900.0,68290.0,64239.99999999999,19150.0,11700.0,18400.0,11530.0,9280.0,41480.0,62200.0,39150.0,47860.0,7760.0,16510.0,17820.0,26600.0,14160.0,40370.0,53470.0,19020.0,11000.0,21600.0,80230.0,56250.0,16620.0,85500.0,21920.0
2023-12-20,14030.0,31220.0,11070.0,17930.0,68370.0,64410.0,19290.0,11600.0,18400.0,11600.0,9280.0,41240.0,63900.0,40830.0,47720.0,7760.0,16510.0,17900.0,26950.0,14040.0,40370.0,53420.0,19240.0,11020.0,21630.0,80230.0,57170.0,16580.0,85500.0,22210.0
2023-12-21,14060.0,31620.0,11010.0,17930.0,68650.0,63990.0,19440.0,11570.0,18400.0,11570.0,9280.0,41290.0,63700.0,41070.0,47720.0,7720.0,16510.0,17850.0,26600.0,14180.0,40370.0,53280.0,19360.0,11040.0,21600.0,81000.0,56910.0,16530.0,85500.0,22160.0
2023-12-22,14030.0,32090.000000000004,10880.0,17870.0,68290.0,63990.0,19780.0,11700.0,18290.0,11760.0,9360.0,41580.0,63000.0,40780.0,47330.0,7760.0,16510.0,17930.0,27200.0,14160.0,40370.0,53280.0,19410.0,11040.0,21580.0,81690.0,56730.0,16480.0,85500.0,22160.0
2023-12-25,14110.0,32670.0,11070.0,18170.0,69310.0,65530.0,19730.0,11810.0,18560.0,11760.0,9410.0,41530.0,66400.0,41070.0,47720.0,7800.0,16540.0,18040.0,27500.0,14320.0,40370.0,53870.0,19840.0,11230.0,21700.0,82920.0,56990.0,16810.0,85500.0,22600.0
2023-12-26,14060.0,32520.000000000004,11070.0,18100.0,70160.0,65450.0,19830.0,11850.0,18800.0,11790.0,9440.0,41200.0,66200.0,41120.0,48240.0,7760.0,16580.0,18150.0,27500.0,14250.0,40370.0,54530.0,20180.0,11280.0,21780.0,83080.0,57080.0,16810.0,85500.0,22500.0
2023-12-27,14090.0,32520.000000000004,11070.0,18130.0,69960.0,65360.0,19780.0,11910.0,18760.0,11830.0,9410.0,41290.0,67000.0,41270.0,47770.0,7800.0,16540.0,18180.0,27400.0,14270.0,40370.0,54470.0,20180.0,11320.0,21800.0,83000.0,57080.0,16810.0,85500.0,22450.0
2023-12-28,14360.0,32290.0,11010.0,18300.0,69730.0,65099.99999999999,19830.0,11940.0,18900.0,11910.0,9480.0,41530.0,67000.0,41450.0,47860.0,7840.0,17280.0,18290.0,27600.0,14580.0,40370.0,54530.0,21040.0,11590.0,22230.0,83080.0,57920.0,17080.0,85500.0,22700.0
2023-12-29,14460.0,32820.0,11070.0,18300.0,69360.0,64680.00000000001,20700.0,12530.0,18900.0,11870.0,9540.0,41630.0,67000.0,41220.0,48470.0,7840.0,17460.0,18180.0,27950.0,14710.0,40370.0,52880.0,20800.0,11550.0,22300.0,83080.0,57170.0,17440.0,85500.0,22500.0
2024-01-02,14780.0,32520.000000000004,11070.0,18370.0,69230.0,64760.00000000001,20470.0,12280.0,18560.0,12100.0,9640.0,42590.0,68400.0,40880.0,48870.0,7940.0,17490.0,18010.0,27750.0,14860.0,40370.0,54990.0,20710.0,11660.0,22000.0,82310.0,57750.0,17130.0,85500.0,22310.0
2024-01-03,15120.0,33120.0,11110.0,18640.0,69520.0,65099.99999999999,21100.0,12340.0,18800.0,12250.0,9800.0,43670.0,68900.0,41600.0,48870.0,8160.0,17020.0,18260.0,28500.0,15080.0,40370.0,55650.0,20900.0,11840.0,22080.0,82850.0,58350.0,17350.0,85500.0,22450.0
2024-01-04,15300.0,33000.0,11180.0,19310.0,70160.0,65700.0,20900.0,12580.0,18760.0,12440.0,10280.0,43200.0,68100.0,41600.0,49180.0,8300.0,17200.0,18620.0,28600.0,15320.0,40370.0,56570.0,20920.0,12030.0,22080.0,82920.0,58350.0,17570.0,85500.0,22600.0
2024-01-05,15390.0,33660.0,11240.0,19590.0,70320.0,66130.0,21300.0,12650.0,18800.0,12510.0,10490.0,43250.0,67900.0,42220.0,48770.0,8380.0,17240.0,18930.0,29300.0,15360.0,40370.0,56770.0,20750.0,12200.0,22050.0,82770.0,58170.0,17440.0,85500.0,22550.0
2024-01-08,15330.0,35100.0,11180.0,19950.0,70240.0,65790.0,21000.0,12680.0,18840.0,12470.0,10590.0,43440.0,66600.0,41600.0,48930.0,8490.0,17020.0,18900.0,29200.0,15780.0,40370.0,57160.0,20870.0,12310.0,22180.0,82000.0,57670.0,17490.0,85500.0,22890.0
2024-01-09,15120.0,34830.0,10950.0,20270.0,69730.0,65010.00000000001,20900.0,12680.0,18730.0,12400.0,10660.0,43580.0,66100.0,41120.0,48540.0,8490.0,17130.0,18840.0,29200.0,15960.0,40370.0,57820.0,20710.0,12350.0,21950.0,81920.0,57590.0,17390.0,85500.0,22550.0
2024-01-10,15270.0,35850.0,10950.0,20940.0,68370.0,64680.00000000001,21100.0,12780.0,18500.0,12440.0,10690.0,43390.0,66200.0,40700.0,47910.0,8690.0,17090.0,18680.0,29450.0,15920.0,40370.0,58950.0,20560.0,12400.0,21800.0,81310.0,57080.0,17800.0,85500.0,22500.0
2024-01-11,15270.0,35160.0,11010.0,20940.0,68580.0,65099.99999999999,20700.0,12840.0,18600.0,12470.0,10560.0,42960.0,66100.0,40880.0,48390.0,8770.0,17240.0,18780.0,29500.0,15800.0,40370.0,58810.0,20220.0,12470.0,21830.0,81380.0,57420.0,17850.0,85500.0,22650.0
2024-01-12,15600.0,34790.0,10950.0,21280.0,68370.0,64330.0,19930.0,12890.0,18360.0,12510.0,10930.0,43200.0,64800.0,40350.0,48160.0,8910.0,17130.0,18760.0,29900.0,16030.000000000002,40370.0,58410.0,19890.0,12400.0,21500.0,81000.0,56830.0,17850.0,85500.0,22310.0
2024-01-15,15300.0,35240.0,10950.0,21210.0,68870.0,64840.0,20070.0,12960.0,18330.0,12510.0,10970.0,43110.0,65600.0,41320.0,47600.0,8820.0,17020.0,18290.0,29800.0,15870.0,40370.0,59270.0,20030.0,12500.0,21530.0,80920.0,56650.0,17570.0,85500.0,22160.0
2024-01-16,15360.0,35460.0,10950.0,21210.0,69090.0,64760.00000000001,20470.0,12960.0,18800.0,12590.0,11000.0,43200.0,67100.0,42670.0,47600.0,8850.0,16760.0,18570.0,29900.0,15800.0,40370.0,59270.0,20540.0,12680.0,21580.0,81080.0,56990.0,17670.0,85500.0,22310.0
2024-01-17,15360.0,35430.0,10950.0,21040.0,69090.0,64410.0,20700.0,12870.0,18700.0,12740.0,11000.0,43290.0,66300.0,43250.0,47600.0,8690.0,16840.0,18660.0,29700.0,15750.0,40370.0,59860.0,20180.0,12600.0,21600.0,80460.0,56730.0,17540.0,85500.0,22500.0
2024-01-18,15470.0,35930.0,11070.0,21280.0,69010.0,64510.00000000001,20620.0,12840.0,18700.0,13120.0,11100.0,43440.0,66400.0,44150.0,47680.0,8740.0,16840.0,18740.0,29800.0,15920.0,40370.0,60000.0,20800.0,12600.0,21680.0,80230.0,56990.0,17720.0,85500.0,22740.0
2024-01-19,15690.0,37700.0,11110.0,22020.0,69520.0,65700.0,20800.0,12930.0,18800.0,13120.0,11280.0,43440.0,67800.0,44350.0,48390.0,8820.0,16880.0,18680.0,30300.0,16170.000000000002,40370.0,60980.0,20730.0,12790.0,21650.0,80770.0,57500.0,17900.0,85500.0,23030.0
2024-01-22,15900.0,37660.0,11180.0,22050.0,69590.0,65360.0,20570.0,13090.0,19150.0,13000.0,11300.0,43720.0,67700.0,44450.0,47990.0,8820.0,16980.0,18820.0,30250.0,16170.000000000002,40370.0,60590.0,20710.0,12790.0,21650.0,81230.0,57750.0,17980.0,85500.0,23080.0
2024-01-23,15750.0,37360.0,11180.0,21750.0,69010.0,65180.00000000001,20420.0,12960.0,19160.0,13000.0,11230.0,43720.0,67500.0,43720.0,47520.0,8770.0,16880.0,18740.0,30500.0,16410.0,40370.0,60260.0,20390.0,12710.0,21550.0,80770.0,57250.0,17900.0,85500.0,22940.0
2024-01-24,15600.0,36980.0,11240.0,21610.0,68580.0,64930.00000000001,20420.0,13050.0,19110.0,13040.0,11200.0,43670.0,66200.0,42760.0,47520.0,8850.0,16880.0,18840.0,30750.0,16320.0,40370.0,60000.0,20470.0,12650.0,21580.0,80540.0,56910.0,17850.0,85500.0,23130.0
2024-01-25,15600.0,36610.0,11180.0,21650.0,68650.0,64590.0,20420.0,12990.0,19110.0,13150.0,11200.0,44150.0,66800.0,43520.0,46340.0,8880.0,16880.0,18820.0,30500.0,16190.000000000002,40370.0,59930.0,20270.0,12490.0,21400.0,80690.0,56570.0,17850.0,85500.0,22980.0
2024-01-26,15900.0,37010.0,11290.0,21680.0,69230.0,64410.0,20950.0,13150.0,19160.0,13150.0,11250.0,44190.0,65800.0,43250.0,45150.0,8960.0,16880.0,18900.0,30300.0,16390.0,40370.0,60590.0,20220.0,12600.0,21400.0,81310.0,56650.0,17930.0,85500.0,22940.0
2024-01-29,15690.0,36830.0,11360.0,21810.0,69230.0,65620.0,21980.0,13200.0,18940.0,13270.0,11330.0,44400.0,65600.0,42950.0,45630.0,8910.0,16800.0,18820.0,30350.0,16320.0,40370.0,60060.0,20130.0,12600.0,21330.0,81380.0,56650.0,17930.0,85500.0,22500.0
2024-01-30,15690.0,36640.0,11360.0,21750.0,69010.0,65450.0,22420.0,13490.0,18940.0,13380.0,11300.0,45830.0,66100.0,43720.0,45070.0,8910.0,16800.0,18930.0,30700.0,16290.0,40370.0,59930.0,20220.0,12680.0,21350.0,81230.0,56570.0,17900.0,85500.0,22600.0
2024-01-31,15570.0,36070.0,11110.0,21350.0,69090.0,64590.0,21880.0,13460.0,18760.0,13300.0,11130.0,47260.0,64400.00000000001,43340.0,44360.0,8410.0,16730.0,19070.0,29900.0,15990.0,40370.0,58280.0,19980.0,12580.0,21250.0,80460.0,56650.0,17620.0,85500.0,21680.0
2024-02-01,15720.0,35730.0,11070.0,21650.0,72120.0,64680.00000000001,23400.0,13460.0,18840.0,13490.0,11200.0,49120.0,65099.99999999999,44500.0,45310.0,8410.0,16620.0,19210.0,29800.0,15800.0,40370.0,59140.0,19840.0,12520.0,21180.0,81150.0,57080.0,17390.0,85500.0,21870.0
2024-02-02,15870.0,35460.0,11070.0,21410.0,73640.0,64410.0,24030.0,13790.0,18860.0,13420.0,11130.0,49400.0,65400.00000000001,45650.0,44920.0,8300.0,16620.0,19290.0,29900.0,15800.0,40370.0,59460.0,19840.0,12270.0,21050.0,80620.0,56990.0,17080.0,85500.0,21540.0
2024-02-05,16810.0,36790.0,11010.0,22900.0,74720.0,64410.0,24470.0,13970.0,18940.0,13710.0,11750.0,50550.0,64900.00000000001,45650.0,44920.0,8530.0,16800.0,19370.0,30600.0,16430.0,40370.0,59270.0,19860.0,12860.0,21100.0,81000.0,57500.0,17440.0,85500.0,21050.0
2024-02-06,16840.0,36900.0,11070.0,23230.0,75140.0,64840.0,24620.0,14200.0,18970.0,13650.0,11790.0,51560.0,64800.0,45260.0,45150.0,8380.0,16800.0,19400.0,30800.0,16490.0,40370.0,58950.0,19740.0,12970.0,21150.0,80380.0,57170.0,17540.0,85500.0,20960.0
2024-02-07,16930.0,37010.0,11070.0,23970.0,75730.0,64840.0,24770.0,14530.0,19040.0,13680.0,12010.0,51510.0,64900.00000000001,44870.0,45550.0,8450.0,16940.0,19460.0,31100.0,17260.0,40370.0,59270.0,20130.0,13150.0,21200.0,81000.0,57170.0,17800.0,85500.0,21150.0
2024-02-15,16450.0,37010.0,11180.0,23640.0,75080.0,64840.0,24370.0,14600.0,19410.0,13710.0,12350.0,51510.0,64900.00000000001,44150.0,46020.0,8630.0,16980.0,19460.0,31250.0,17770.0,40370.0,59200.0,20200.0,13400.0,21280.0,80380.0,57170.0,17980.0,85500.0,21250.0
2024-02-16,16690.0,36720.0,11240.0,23810.0,75870.0,65620.0,26030.0,14380.0,19350.0,13530.0,12280.0,51790.0,66200.0,44590.0,45710.0,8630.0,16980.0,19400.0,30800.0,17820.0,40370.0,59010.0,20560.0,13400.0,21980.0,81000.0,59190.0,18030.0,85500.0,21730.0
2024-02-19,16750.0,37280.0,11900.0,23910.0,75800.0,67930.0,26180.0,14410.0,19750.0,13330.0,12240.0,53410.0,68900.0,45070.0,45630.0,8690.0,16840.0,19510.0,30700.0,18000.0,40370.0,59400.0,21930.0,13330.0,23500.0,80920.0,60790.0,17980.0,85500.0,23230.0
2024-02-20,16650.0,37360.0,11720.0,23770.0,75300.0,67330.0,27550.0,14570.0,19750.0,13380.0,12200.0,53470.0,68800.0,45070.0,46190.0,8600.0,16800.0,19570.0,30700.0,18000.0,40370.0,60130.0,22220.0,13460.0,24250.0,80230.0,60470.0,17800.0,85500.0,24630.0
2024-02-21,16750.0,37630.0,11660.0,24010.0,76450.0,66560.0,27500.0,14500.0,19480.0,13380.0,12280.0,54370.0,68000.0,44400.0,45790.0,8630.0,16760.0,19370.0,31500.0,18040.0,40370.0,60060.0,21670.0,13520.0,23630.0,79380.0,60280.0,17930.0,85500.0,25110.0
2024-02-22,16720.0,37630.0,11720.0,24110.0,75510.0,66730.0,27300.0,14130.0,19300.0,13330.0,12240.0,53940.0,68100.0,43620.0,45710.0,8770.0,16800.0,19210.0,31050.0,18650.0,40370.0,58950.0,21570.0,13640.0,23800.0,79690.0,60550.0,17900.0,85500.0,25500.0
2024-02-23,16510.0,39330.0,11480.0,23770.0,75010.0,65450.0,26920.0,13890.0,19210.0,12890.0,12220.0,54420.0,66700.0,42370.0,44920.0,8600.0,16800.0,18930.0,30650.0,18560.0,40370.0,58540.0,20850.0,13330.0,22600.0,79850.0,60020.0,17720.0,85500.0,24580.0
2024-02-26,16630.0,40540.0,11420.0,24080.0,77960.0,65269.99999999999,28130.0,14010.0,19480.0,12960.0,12280.0,54950.0,66700.0,42710.0,44600.0,8530.0,16730.0,19460.0,30500.0,19060.0,40370.0,58950.0,20870.0,13310.0,22300.0,80380.0,60020.0,17490.0,85500.0,25110.0
2024-02-27,16690.0,40080.0,11720.0,24410.0,77900.0,66470.0,28230.0,14010.0,20530.0,12960.0,12390.0,55380.0,67600.0,43100.0,44360.0,8630.0,16730.0,19900.0,30750.0,19410.0,40370.0,60000.0,21280.0,13310.0,22580.0,79620.0,60880.0,17570.0,85500.0,25500.0
2024-02-28,16930.0,40770.0,12010.0,24280.0,78320.0,66810.0,28230.0,14320.0,20690.0,13040.0,12480.0,57710.0,68300.0,43620.0,45480.0,8630.0,16760.0,20010.0,31400.0,19530.0,40370.0,64150.00000000001,21380.0,13400.0,22800.0,79540.0,61050.0,18070.0,85500.0,26850.0
2024-02-29,16930.0,40080.0,11840.0,24010.0,78700.0,66300.0,27940.0,14380.0,20960.0,12890.0,12350.0,57750.0,70400.0,44500.0,46100.0,8560.0,16730.0,20510.0,31550.0,19530.0,40370.0,64080.0,20900.0,13280.0,22500.0,79310.0,60880.0,18070.0,85500.0,25590.0
2024-03-01,16810.0,40450.0,11900.0,24040.0,79990.0,66470.0,28470.0,14380.0,20860.0,12850.0,12280.0,58710.0,70500.0,44870.0,46190.0,8630.0,16760.0,20700.0,31950.0,19370.0,40370.0,64080.0,21160.0,13280.0,22630.0,79460.0,60470.0,17850.0,85500.0,25740.0
2024-03-04,16810.0,40450.0,11840.0,24320.0,80410.0,66640.0,29110.0,14380.0,20830.0,12960.0,12380.0,59670.0,70800.0,45650.0,45950.0,8600.0,16690.0,20590.0,31750.0,19370.0,40370.0,63210.0,21160.0,13330.0,22630.0,79690.0,60880.0,17800.0,85500.0,26080.0
2024-03-05,16900.0,41140.0,11840.0,24620.0,79910.0,67670.0,29020.0,14500.0,21070.0,13300.0,12590.0,64430.00000000001,75700.0,48160.0,46420.0,8600.0,16690.0,20730.0,31900.0,19530.0,40370.0,62900.0,21020.0,13400.0,22650.0,80310.0,61740.0,17930.0,85500.0,25790.0
2024-03-06,16690.0,41140.0,11660.0,24380.0,78770.0,68610.0,28230.0,14470.0,20830.0,13450.0,12590.0,64930.00000000001,76900.0,46900.0,48310.0,8560.0,16620.0,20560.0,31550.0,19780.0,40370.0,62970.0,20750.0,13280.0,22650.0,79920.0,60720.0,17620.0,85500.0,24960.0
2024-03-07,16630.0,40310.0,11780.0,24180.0,80340.0,68870.0,28420.0,14280.0,20960.0,13330.0,12480.0,66360.0,80800.0,47190.0,47760.0,8630.0,16620.0,20890.0,31300.0,19720.0,40370.0,63090.0,20800.0,13260.0,22800.0,79920.0,60880.0,17670.0,85500.0,25110.0
2024-03-08,16350.000000000002,38650.0,11540.0,23300.0,79410.0,68100.0,28330.0,14200.0,20500.0,12890.0,12070.0,68990.0,78500.0,45980.0,47290.0,8490.0,16580.0,20400.0,30650.0,18970.0,40370.0,62630.0,20490.0,13080.0,22400.0,79770.0,59190.0,17250.0,85500.0,24530.0
2024-03-11,16170.000000000002,38200.0,11420.0,23070.0,79410.0,66640.0,28870.0,14260.0,20220.0,12470.0,11750.0,69210.0,77500.0,44680.0,46730.0,8270.0,16470.0,20140.0,30200.0,18690.0,40370.0,61960.0,20490.0,12920.0,22180.0,79230.0,59440.0,16840.0,85500.0,23660.0
2024-03-12,16170.000000000002,39330.0,11240.0,23300.0,80790.0,66730.0,30870.0,14160.0,20420.0,12700.0,11810.0,67350.0,78700.0,45020.0,46580.0,8189.999999999999,16470.0,20130.0,30250.0,19060.0,40370.0,62160.0,20560.0,12920.0,22080.0,78850.0,59190.0,16840.0,85500.0,24340.0
2024-03-13,16720.0,39780.0,11480.0,23740.0,84460.0,67670.0,31550.0,14260.0,20830.0,12800.0,12200.0,66360.0,80900.0,46760.0,46970.0,8380.0,16510.0,21030.0,30850.0,19430.0,40370.0,63210.0,20680.0,13370.0,22500.0,78620.0,59880.0,17300.0,85500.0,25010.0
2024-03-14,16480.0,39100.0,11540.0,23260.0,84460.0,69380.0,32040.0,14160.0,20530.0,12620.0,11990.0,65019.99999999999,78900.0,45510.0,46260.0,8300.0,16510.0,20980.0,30450.0,19160.0,40370.0,62570.0,20660.0,13150.0,22980.0,78460.0,59620.0,17080.0,85500.0,25010.0
2024-03-15,16530.0,39480.0,11540.0,23470.0,83750.0,70500.0,33800.0,14200.0,20350.0,12470.0,12180.0,62530.0,78500.0,45600.0,45710.0,8270.0,16510.0,20950.0,30500.0,19160.0,40370.0,61900.0,20420.0,13640.0,22200.0,79000.0,58930.0,16940.0,85500.0,24870.0
2024-03-18,16270.0,39330.0,11180.0,22490.0,81580.0,68690.0,31800.0,13760.0,20020.0,12100.0,11870.0,59670.0,77900.0,44200.0,44690.0,8080.0,16400.0,20310.0,30250.0,18560.0,40370.0,61250.0,20270.0,13500.0,23050.0,78310.0,58150.0,16530.0,85500.0,26610.0
2024-03-19,16230.0,39020.0,11290.0,22490.0,80870.0,68270.0,31800.0,13790.0,20150.0,12170.0,11870.0,62300.0,77400.0,43820.0,44840.0,8130.000000000001,16400.0,20040.0,30400.0,18650.0,40370.0,60910.0,20660.0,13400.0,23500.0,77690.0,58080.0,16480.0,85500.0,25830.0
2024-03-20,16630.0,40080.0,11420.0,23200.0,82660.0,69380.0,32040.0,13950.0,20280.0,12800.0,12350.0,62770.0,77300.0,46220.0,44840.0,8230.0,16470.0,20620.0,31150.0,19570.0,40370.0,61380.0,20470.0,14310.0,23250.0,77850.0,58240.0,16940.0,85500.0,25450.0
2024-03-21,16930.0,40080.0,11420.0,23580.0,83870.0,69380.0,32479.999999999996,14750.0,20460.0,12700.0,12660.0,62570.0,78000.0,46710.0,45070.0,8300.0,16470.0,20870.0,31500.0,20870.0,40370.0,62700.0,20660.0,14740.0,23250.0,78920.0,58590.0,17030.0,85500.0,26030.0
2024-03-22,17020.0,40990.0,11480.0,24110.0,82950.0,68960.0,32479.999999999996,14690.0,20650.0,12660.0,12800.0,61010.0,78500.0,47280.0,45150.0,8380.0,16329.999999999998,20950.0,31650.0,20770.0,40370.0,63480.0,20610.0,14680.0,23300.0,78620.0,58080.0,17080.0,85500.0,25790.0
2024-03-25,16630.0,40080.0,11420.0,23440.0,82300.0,68870.0,31170.0,14530.0,20420.0,12470.0,12640.0,60150.0,75500.0,46520.0,44920.0,8300.0,16149.999999999998,20780.0,30850.0,20730.0,40370.0,63030.0,20490.0,14520.0,23430.0,77460.0,57650.0,17170.0,85500.0,25160.0
2024-03-26,16900.0,40080.0,11540.0,23770.0,83010.0,69130.0,33120.0,14940.0,20650.0,12700.0,12920.0,60050.0,74000.0,46860.0,44840.0,8340.0,16290.0,21060.0,31000.0,21260.0,40370.0,63410.0,20590.0,14770.0,23530.0,78380.0,57980.0,17800.0,85500.0,25500.0
2024-03-27,16930.0,39700.0,11540.0,23970.0,83150.0,68790.0,32619.999999999996,14900.0,20690.0,12620.0,12940.0,60010.0,75400.0,48830.0,45310.0,8340.0,16210.0,21340.0,30900.0,21080.0,40370.0,63090.0,20470.0,14680.0,23530.0,79230.0,57980.0,17800.0,85500.0,25060.0
2024-03-28,17140.0,39780.0,11540.0,24150.0,84540.0,68790.0,32290.0,14970.0,20650.0,12740.0,13040.0,62300.0,76000.0,49110.0,45070.0,8410.0,16210.0,21690.0,32000.0,22210.0,40370.0,63030.0,20850.0,14700.0,23800.0,79380.0,57980.0,17850.0,85500.0,24770.0
2024-03-29,17230.0,39400.0,11480.0,24010.0,84090.0,68690.0,32380.000000000004,14870.0,20460.0,13230.0,12990.0,63590.0,74200.0,49210.0,44690.0,8270.0,16149.999999999998,21340.0,31600.0,22000.0,40370.0,62500.0,20630.0,14920.0,23830.0,79230.0,57890.0,17930.0,85500.0,24960.0
2024-04-01,17210.0,39400.0,11480.0,23640.0,84320.0,69040.0,32189.999999999996,14810.0,20350.0,13040.0,12740.0,65400.00000000001,73400.0,49500.0,44770.0,8300.0,16149.999999999998,21510.0,31400.0,21960.0,40370.0,62700.0,20660.0,14740.0,23930.0,79000.0,57390.0,17850.0,85500.0,24820.0
2024-04-02,17180.0,39240.0,11720.0,23640.0,84460.0,70670.0,34440.0,14750.0,20560.0,13070.0,12690.0,65820.0,74500.0,49690.0,44450.0,8270.0,16110.0,21570.0,30200.0,22050.0,40370.0,62230.0,20780.0,14620.0,23900.0,79230.0,57650.0,17750.0,85500.0,24680.0
2024-04-03,16930.0,38570.0,11780.0,23010.0,83080.0,70070.0,33450.0,14440.0,20250.0,13000.0,12380.0,64930.00000000001,73400.0,48340.0,44120.0,8160.0,16070.0,21090.0,30100.0,21650.0,40370.0,61780.0,20750.0,14270.0,23880.0,78620.0,57130.0,17570.0,85500.0,24630.0
2024-04-04,16650.0,38570.0,11540.0,22660.0,82300.0,69810.0,32330.0,14410.0,20020.0,12850.0,12180.0,65640.0,73400.0,48830.0,44530.0,8130.000000000001,16070.0,20870.0,29700.0,21280.0,40370.0,63210.0,20710.0,14070.0,23930.0,78620.0,58420.0,17540.0,85500.0,24430.0
2024-04-05,16420.0,37960.0,11840.0,22430.0,82070.0,69300.0,30770.0,14410.0,19920.0,12890.0,11950.0,64980.00000000001,71900.0,49110.0,44220.0,8080.0,16030.000000000002,20400.0,29600.0,20910.0,40370.0,62500.0,20680.0,13770.0,23900.0,78380.0,58150.0,17670.0,85500.0,23850.0
2024-04-08,16420.0,38410.0,11780.0,22620.0,81280.0,68360.0,30970.0,14750.0,20020.0,13070.0,12010.0,65870.0,71900.0,48160.0,43590.0,8050.000000000001,16000.0,20340.0,29000.0,21060.0,40370.0,62500.0,20710.0,13770.0,23850.0,77770.0,57390.0,17620.0,85500.0,22790.0
2024-04-09,16510.0,39850.0,11840.0,23130.0,81580.0,68440.0,31550.0,14780.0,20220.0,13980.0,12280.0,63970.0,73500.0,50850.0,43360.0,8130.000000000001,16000.0,20780.0,29150.0,21190.0,40370.0,62100.0,20800.0,13980.0,23850.0,78620.0,57390.0,17570.0,85500.0,23370.0
2024-04-10,16390.0,39330.0,11600.0,22730.0,82150.0,67840.0,30920.0,14780.0,20050.0,14130.0,12180.0,59720.0,72500.0,50080.0,43590.0,8130.000000000001,16070.0,20480.0,29100.0,21130.0,40370.0,62230.0,21280.0,13890.0,24250.0,78460.0,57220.0,17570.0,85500.0,23420.0
2024-04-11,16420.0,40080.0,11720.0,22760.0,82950.0,67500.0,31170.0,14810.0,20220.0,13800.0,12150.0,63540.0,71800.0,50370.0,43650.0,8050.000000000001,16110.0,20590.0,28850.0,20870.0,40370.0,61900.0,21260.0,13890.0,24150.0,77690.0,57050.0,17570.0,85500.0,23080.0
2024-04-12,16930.0,40380.0,11720.0,24250.0,83380.0,68270.0,31260.0,15000.0,20250.0,14730.0,12600.0,62620.0,71900.0,50080.0,44120.0,8189.999999999999,16510.0,20810.0,29100.0,21940.0,40370.0,62300.0,21430.0,14310.0,24230.0,82310.0,57130.0,17900.0,85500.0,23320.0
2024-04-15,16230.0,37580.0,11240.0,22590.0,80560.0,65099.99999999999,29110.0,14500.0,19270.0,14090.0,11970.0,61100.0,66900.0,48060.0,43360.0,8230.0,16329.999999999998,19370.0,27500.0,20540.0,40370.0,60590.0,20420.0,13640.0,23500.0,81460.0,55590.0,16890.0,85500.0,21730.0
2024-04-16,16420.0,38040.0,11420.0,23010.0,81580.0,65099.99999999999,29650.0,14500.0,19160.0,14660.0,12220.0,65870.0,66100.0,48060.0,43180.0,8340.0,16180.0,19510.0,27300.0,21060.0,40370.0,59930.0,20560.0,13680.0,23200.0,81540.0,54810.0,17030.0,85500.0,21440.0
2024-04-17,16170.000000000002,36370.0,11070.0,22090.0,80710.0,64330.0,27990.0,14200.0,18940.0,15150.0,11810.0,66310.0,66800.0,47570.0,42550.0,8050.000000000001,16210.0,19070.0,26800.0,20750.0,40370.0,59600.0,20130.0,13430.0,22500.0,79540.0,55000.0,16480.0,85500.0,21250.0
2024-04-19,16090.0,36570.0,10700.0,21350.0,78700.0,64239.99999999999,27450.0,13730.0,18800.0,15150.0,11600.0,66580.0,66500.0,46420.0,41370.0,8080.0,16149.999999999998,18410.0,26800.0,20590.0,40370.0,59600.0,19980.0,13170.0,21300.0,79460.0,55000.0,16450.0,85500.0,20570.0
2024-04-22,16210.0,37880.0,10830.0,21810.0,79630.0,64239.99999999999,28040.0,13820.0,18940.0,15300.0,11550.0,68260.0,66900.0,46810.0,41930.0,8160.0,16180.0,19460.0,27650.0,20930.0,40370.0,59660.0,19960.0,13240.0,21000.0,79460.0,54810.0,16620.0,85500.0,21630.0
2024-04-23,16120.000000000002,37360.0,10770.0,21280.0,81060.0,63560.0,26970.0,13700.0,18660.0,15450.0,11250.0,66360.0,64700.0,47960.0,41770.0,7940.0,16070.0,19120.0,27800.0,21380.0,40370.0,59340.0,19360.0,13110.0,20500.0,79080.0,54390.0,16710.0,85500.0,21150.0
2024-04-24,16350.000000000002,37810.0,10880.0,22260.0,86710.0,63900.0,28820.0,13820.0,19480.0,15870.0,11540.0,66360.0,66900.0,50370.0,42230.0,8130.000000000001,16149.999999999998,19760.0,28600.0,21740.0,40370.0,59660.0,19550.0,13360.0,20800.0,79620.0,54810.0,16890.0,85500.0,21780.0
2024-04-25,16210.0,37510.0,10830.0,22290.0,88940.0,63390.0,28720.0,13890.0,19300.0,15680.0,11380.0,66790.0,68100.0,51810.0,42880.0,8050.000000000001,16070.0,19590.0,28450.0,21350.0,40370.0,59930.0,19600.0,13210.0,21000.0,79620.0,55410.0,16890.0,85500.0,21780.0
2024-04-26,16230.0,37200.0,10770.0,22160.0,88940.0,62960.0,29300.0,14570.0,19210.0,15740.0,11380.0,66830.0,67200.0,52880.0,42880.0,8300.0,16070.0,19510.0,28200.0,21570.0,40370.0,60060.0,19650.0,13170.0,22230.0,80000.0,55680.0,16840.0,85500.0,21680.0
2024-05-02,16329.999999999998,37200.0,10770.0,21850.0,91890.0,63300.0,29300.0,14600.0,19160.0,15450.0,11460.0,69930.0,68000.0,53550.0,44600.0,8490.0,16030.000000000002,19230.0,27600.0,21670.0,40370.0,60520.0,19820.0,13360.0,22200.0,79920.0,56020.0,16620.0,85500.0,21970.0
2024-05-03,16630.0,37200.0,10830.0,21880.0,90890.0,63560.0,28720.0,15090.0,19380.0,15220.0,11460.0,69260.0,69800.0,53640.0,44690.0,8410.0,16000.0,19210.0,27550.0,22310.0,40370.0,60910.0,19790.0,13240.0,22230.0,81540.0,56200.0,16710.0,85500.0,22600.0
2024-05-06,16690.0,38200.0,11180.0,22430.0,92120.0,64069.99999999999,30480.0,15000.0,19820.0,15300.0,11720.0,71030.0,71100.0,56150.0,44920.0,8530.0,16070.0,19760.0,28100.0,22370.0,40370.0,61250.0,19820.0,13550.0,22380.0,87230.0,56360.0,17030.0,85500.0,22550.0
2024-05-07,16720.0,37810.0,11240.0,22160.0,94770.0,65360.0,30720.0,15000.0,20390.0,15370.0,11640.0,68790.0,71200.0,57110.0,45480.0,8450.0,16110.0,19700.0,28300.0,22160.0,40370.0,61180.0,19770.0,13550.0,22500.0,91230.0,58240.0,17080.0,85500.0,22550.0
2024-05-08,16650.0,37660.0,11480.0,22020.0,94580.0,66300.0,30970.0,14870.0,20760.0,15300.0,11540.0,70650.0,72300.0,56910.0,46420.0,8630.0,16000.0,19760.0,27950.0,22310.0,40370.0,61250.0,19700.0,13450.0,22700.0,90310.0,58150.0,16840.0,85500.0,22410.0
2024-05-09,16690.0,37440.0,11360.0,22230.0,94060.0,65180.00000000001,31020.0,14630.0,20600.0,15070.0,11580.0,70460.0,71400.0,56730.0,45390.0,8530.0,16030.000000000002,19510.0,27800.0,22420.0,40370.0,60910.0,19720.0,13490.0,22700.0,90690.0,57050.0,17030.0,85500.0,22070.0
2024-05-10,16750.0,37090.0,11290.0,22190.0,94580.0,64680.00000000001,30920.0,14630.0,20600.0,15150.0,11550.0,70170.0,70800.0,56730.0,45390.0,8410.0,15890.0,19650.0,27600.0,22440.0,40370.0,60590.0,19430.0,13450.0,22500.0,89920.0,56960.0,16810.0,85500.0,21730.0
2024-05-13,16750.0,36760.0,11180.0,21810.0,93620.0,64410.0,31260.0,14350.0,20420.0,15000.0,11580.0,69400.0,70800.0,56150.0,44840.0,8450.0,15890.0,19730.0,27250.0,22390.0,40370.0,59930.0,19310.0,13320.0,22500.0,91380.0,56360.0,17080.0,85500.0,21490.0
2024-05-14,16780.0,36370.0,11290.0,21810.0,94210.0,64410.0,31750.0,14380.0,20420.0,15150.0,11690.0,69020.0,70600.0,57880.0,45000.0,8410.0,15850.0,19670.0,27250.0,22160.0,40370.0,59660.0,19330.0,13580.0,23030.0,90000.0,56960.0,17350.0,85500.0,21490.0
2024-05-15,16750.0,36760.0,11290.0,21850.0,96810.0,64680.00000000001,31990.0,14500.0,21100.0,15530.0,11720.0,72560.0,72200.0,58550.0,45390.0,8410.0,15890.0,19930.0,27800.0,22260.0,40370.0,59930.0,19380.0,13640.0,23180.0,90230.0,57390.0,17300.0,85500.0,21580.0
2024-05-16,17090.0,37510.0,11600.0,22430.0,97750.0,65010.00000000001,31800.0,14940.0,21370.0,16580.0,11970.0,77820.0,72400.0,57690.0,45310.0,8600.0,16149.999999999998,20010.0,28400.0,23090.0,40370.0,60980.0,19380.0,13930.0,23380.0,90380.0,57560.0,17620.0,85500.0,21870.0
2024-05-17,17090.0,37330.0,11660.0,22360.0,97100.0,64840.0,32580.0,15000.0,21370.0,17480.0,11900.0,83300.0,75500.0,57400.0,45790.0,8690.0,16070.0,20170.0,28500.0,23030.0,40370.0,60460.0,19670.0,13930.0,23430.0,90310.0,57390.0,17620.0,85500.0,22310.0
2024-05-20,17090.0,37510.0,11840.0,22520.0,96010.0,65099.99999999999,32820.0,15340.0,21640.0,17330.0,11990.0,85110.0,76400.0,57790.0,45550.0,8600.0,16070.0,20310.0,28300.0,23000.0,40370.0,60520.0,19480.0,14050.0,23350.0,88150.0,56870.0,17980.0,85500.0,22070.0
2024-05-21,17050.0,37810.0,11900.0,22730.0,98180.0,65700.0,32580.0,15240.0,21540.0,17180.0,12070.0,83540.0,75800.0,58260.0,45710.0,8600.0,16030.000000000002,20400.0,28300.0,22520.0,40370.0,60000.0,19360.0,14110.0,23230.0,86540.0,56700.0,17980.0,85500.0,22360.0
2024-05-22,16900.0,37660.0,12850.0,22290.0,99620.0,65620.0,32040.0,15030.0,21160.0,17530.0,11870.0,84970.0,73900.0,58740.0,45310.0,8450.0,16000.0,20210.0,28000.0,22130.0,40370.0,59730.0,19430.0,13860.0,22750.0,83920.0,56360.0,17510.0,85500.0,22360.0
2024-05-23,17210.0,37440.0,13380.0,22450.0,99260.0,68440.0,32619.999999999996,15240.0,21950.0,17560.0,11920.0,86410.0,75800.0,59710.0,46890.0,8530.0,16030.000000000002,20340.0,28550.0,22180.0,40370.0,59930.0,19530.0,13890.0,22780.0,85690.0,57390.0,17700.0,85500.0,22210.0
2024-05-24,17690.0,37200.0,13440.0,21950.0,95220.0,67670.0,33450.0,14940.0,21500.0,17710.0,11740.0,88270.0,73500.0,58260.0,45710.0,8380.0,15960.0,19540.0,28700.0,22130.0,40370.0,59400.0,19170.0,13740.0,22480.0,83080.0,56530.0,17210.0,85500.0,21540.0
2024-05-27,17810.0,36980.0,13440.0,21880.0,95870.0,69380.0,34440.0,14690.0,21500.0,17670.0,11740.0,85450.0,73500.0,57790.0,46100.0,8410.0,15810.0,19460.0,28700.0,22180.0,40370.0,59400.0,19170.0,13740.0,22530.0,83850.0,56610.0,17210.0,85500.0,21540.0
2024-05-28,17930.0,37130.0,13850.0,21750.0,98900.0,70150.0,34770.0,14900.0,21680.0,18880.0,11810.0,88360.0,75500.0,59220.0,48060.0,8490.0,15810.0,19730.0,28850.0,22370.0,40370.0,59730.0,19240.0,13930.0,22530.0,84310.0,57220.0,17260.0,85500.0,21680.0
2024-05-29,17690.0,36760.0,13740.0,21380.0,97960.0,70410.0,34090.0,14470.0,21270.0,19600.0,11650.0,87360.0,75000.0,58260.0,47680.0,8380.0,15770.0,19510.0,28250.0,22180.0,40370.0,59140.0,19000.0,13680.0,22200.0,83000.0,56790.0,17260.0,85500.0,21390.0
2024-05-30,17780.0,36070.0,13680.0,21480.0,97460.0,69470.0,35170.0,14260.0,21020.0,19630.0,11420.0,88550.0,77200.0,60480.0,46730.0,8270.0,15710.0,19310.0,27850.0,22330.0,40370.0,58340.0,18780.0,13740.0,21580.0,82310.0,56280.0,17170.0,85500.0,20860.0
2024-05-31,17750.0,35620.0,13570.0,21550.0,97160.0,68610.0,34340.0,14350.0,21270.0,19450.0,11360.0,93560.0,76600.0,61250.0,45950.0,8270.0,15710.0,19230.0,27850.0,22420.0,40370.0,57430.0,18710.0,13580.0,21780.0,82380.0,56020.0,17210.0,85500.0,21010.0
2024-06-03,17850.0,35770.0,13740.0,22020.0,98830.0,68870.0,34190.0,14810.0,21580.0,19450.0,11810.0,97140.0,77700.0,61640.0,46810.0,8450.0,15770.0,19620.0,29750.0,22500.0,40370.0,58090.0,18920.0,13930.0,21980.0,83620.0,56610.0,17510.0,85500.0,21540.0
2024-06-04,17640.0,36000.0,13850.0,22160.0,100420.0,69210.0,34290.0,14780.0,21800.0,19450.0,11760.0,97860.0,77500.0,61440.0,48390.0,8380.0,15770.0,19620.0,29950.0,22710.0,40370.0,58410.0,18970.0,13990.0,22050.0,83380.0,56530.0,17410.0,85500.0,21340.0
2024-06-05,17530.0,36030.0,13850.0,21880.0,101130.0,69040.0,34340.0,14630.0,21750.0,19410.0,11600.0,98780.0,78100.0,59710.0,51700.0,8380.0,15850.0,19620.0,29600.0,22660.0,40370.0,58480.0,18920.0,13990.0,22100.0,83080.0,58680.0,17310.0,85500.0,21730.0
2024-06-06,17530.0,36220.0,14090.0,22020.0,100770.0,68790.0,34000.0,14630.0,21800.0,19670.0,11680.0,104060.0,78100.0,59610.0,51620.0,8600.0,15850.0,19620.0,30700.0,22900.0,40370.0,58610.0,18800.0,13990.0,21850.0,83540.0,57560.0,17310.0,85500.0,21730.0
2024-06-07,17710.0,36110.0,14090.0,22160.0,102520.0,68790.0,34190.0,14630.0,21800.0,19710.0,11740.0,104300.0,77600.0,59810.0,53500.0,8560.0,15810.0,19650.0,30750.0,23430.0,40370.0,58280.0,18780.0,13990.0,21750.0,83850.0,58080.0,17210.0,85500.0,21440.0
2024-06-10,17570.0,36030.0,13910.0,22620.0,103950.0,68790.0,35370.0,14750.0,21800.0,19780.0,11850.0,106350.0,77100.0,60670.0,53350.0,8530.0,15810.0,19590.0,31100.0,23330.0,40370.0,57950.0,18730.0,14070.0,21730.0,83850.0,57560.0,17260.0,85500.0,21340.0
2024-06-11,17390.0,35810.0,13790.0,22430.0,105740.0,68790.0,34770.0,14530.0,21650.0,19360.0,11790.0,106350.0,75800.0,60000.0,53260.0,8450.0,15740.0,19850.0,31200.0,23550.0,40370.0,57430.0,18370.0,14290.0,21600.0,81380.0,56960.0,17510.0,85500.0,20960.0
2024-06-12,17670.0,36220.0,13790.0,22620.0,110350.0,68870.0,34920.0,14810.0,22030.0,19670.0,12080.0,105500.0,77800.0,61060.0,52800.0,8560.0,15770.0,20290.0,31350.0,23560.0,40370.0,58410.0,18540.0,14330.0,21650.0,81770.0,57390.0,18560.0,85500.0,21100.0
2024-06-13,17850.0,36570.0,13790.0,22900.0,108660.0,68690.0,34530.0,14870.0,21950.0,20040.0,12310.0,104300.0,78600.0,61640.0,51700.0,8690.0,15850.0,20220.0,31650.0,23560.0,40370.0,58220.0,18420.0,14290.0,21600.0,81540.0,57300.0,18610.0,85500.0,20960.0
2024-06-14,17710.0,35930.0,13570.0,22160.0,109500.0,67670.0,32240.000000000004,14780.0,21650.0,20720.0,12080.0,104300.0,78000.0,60670.0,49960.0,8490.0,16070.0,20010.0,30550.0,23430.0,40370.0,57630.0,18400.0,14050.0,21000.0,80620.0,56700.0,17890.0,85500.0,20720.0
2024-06-17,17670.0,35160.0,13850.0,22120.0,107670.0,66470.0,32580.0,14530.0,21910.0,20500.0,12160.0,104490.0,76200.0,59710.0,50120.0,8450.0,16360.0,19900.0,30500.0,23180.0,40370.0,57360.0,18440.0,13770.0,21000.0,80620.0,56530.0,17930.0,85500.0,20430.0
2024-06-18,17670.0,35160.0,14450.0,21850.0,106990.0,66810.0,33170.0,14630.0,21870.0,20420.0,12160.0,103830.0,76200.0,59900.0,50120.0,8410.0,16580.0,20010.0,30550.0,23280.0,40370.0,57360.0,18440.0,13770.0,21050.0,80460.0,56450.0,17790.0,85500.0,20380.0
2024-06-19,17750.0,34860.0,14510.0,21950.0,109920.0,66980.0,32820.0,14630.0,21840.0,20380.0,12180.0,104360.0,75600.0,60960.0,48870.0,8410.0,16730.0,20060.0,30900.0,23050.0,40370.0,57040.0,18300.0,13740.0,20750.0,79460.0,55940.0,18180.0,85500.0,19940.0
2024-06-20,17850.0,34410.0,14580.0,21750.0,111430.0,66810.0,33220.0,14570.0,21840.0,20380.0,12160.0,105310.0,75800.0,61160.0,48930.0,8410.0,16980.0,19900.0,30750.0,23660.0,40370.0,56640.0,18300.0,13740.0,20730.0,79850.0,56530.0,18850.0,85500.0,19560.0
2024-06-21,17670.0,34490.0,14340.0,21750.0,113760.0,66730.0,33750.0,14280.0,21620.0,21710.0,12130.0,105260.0,76200.0,61160.0,48470.0,8380.0,17350.0,19670.0,30650.0,23380.0,40370.0,56640.0,18180.0,13610.0,20830.0,78850.0,56530.0,18750.0,85500.0,19320.0
2024-06-24,17350.0,34030.0,13680.0,21380.0,110420.0,65530.0,32240.000000000004,13790.0,21350.0,21290.0,11850.0,105160.0,73700.0,59710.0,48470.0,8189.999999999999,16510.0,19180.0,29500.0,22850.0,40370.0,56310.0,18030.0,13310.0,20550.0,78150.0,56100.0,18030.0,85500.0,19270.0
2024-06-25,17310.0,33430.0,13570.0,21350.0,108660.0,65360.0,32820.0,13950.0,21350.0,21370.0,11810.0,104970.0,73900.0,59710.0,47760.0,8270.0,15450.0,19150.0,29600.0,22900.0,40370.0,56310.0,18200.0,13310.0,20600.0,78150.0,56100.0,18180.0,85500.0,20570.0
2024-06-26,17350.0,33660.0,13740.0,21140.0,110170.0,65530.0,35120.0,14010.0,21500.0,21660.0,11760.0,105500.0,74000.0,60290.0,47290.0,8230.0,15450.0,19070.0,29500.0,22900.0,40370.0,56110.0,18060.0,13270.0,20600.0,78150.0,55840.0,18180.0,85500.0,20090.0
2024-06-27,17240.0,33360.0,13440.0,21140.0,111000.0,65530.0,35170.0,14160.0,21460.0,21590.0,11760.0,106440.0,74500.0,61060.0,47760.0,8189.999999999999,15190.0,19010.0,29200.0,22370.0,40370.0,56110.0,18110.0,13210.0,20500.0,78460.0,55940.0,18180.0,85500.0,19700.0
2024-06-28,17140.0,32710.0,12900.0,20940.0,109090.0,65620.0,33400.0,14200.0,21050.0,21250.0,11600.0,105970.0,74700.0,60570.0,47290.0,8270.0,15190.0,18820.0,28800.0,22280.0,40370.0,56110.0,18130.0,13110.0,20600.0,78080.0,56100.0,17840.0,85500.0,19750.0
2024-07-01,17140.0,33200.0,13140.0,21610.0,107500.0,66560.0,33500.0,14260.0,21090.0,21030.0,11740.0,105970.0,76000.0,63880.0,47990.0,8410.0,15230.0,18780.0,29300.0,21620.0,40370.0,56700.0,18150.0,13240.0,20680.0,77460.0,56530.0,18180.0,85500.0,21100.0
2024-07-02,17310.0,34590.0,13200.0,21810.0,106990.0,66980.0,33800.0,14870.0,21350.0,22300.0,11870.0,107310.0,76300.0,64060.0,48220.0,8530.0,15270.0,19040.0,29600.0,21850.0,40370.0,58090.0,18370.0,13360.0,20800.0,77690.0,56700.0,18130.0,85500.0,20960.0
2024-07-03,17460.0,35700.0,13140.0,21850.0,109500.0,66980.0,33800.0,15120.0,21390.0,22760.0,11970.0,107360.0,76500.0,63580.0,48470.0,8530.0,15300.0,19090.0,29900.0,22420.0,40370.0,58280.0,18350.0,13320.0,20680.0,77850.0,56700.0,18180.0,85500.0,20570.0
2024-07-04,17390.0,35770.0,13570.0,21810.0,113520.0,66980.0,34190.0,15150.0,21350.0,23620.0,11920.0,107020.0,76800.0,63200.0,48060.0,8490.0,15270.0,19070.0,29900.0,22420.0,40370.0,57950.0,18520.0,13270.0,20700.0,77850.0,56870.0,18230.0,85500.0,20520.0
2024-07-05,17490.0,35770.0,13570.0,22090.0,115940.0,67330.0,34290.0,15060.0,21310.0,24270.0,11920.0,106630.0,76700.0,63680.0,47260.0,8530.0,15270.0,19210.0,30100.0,22420.0,40370.0,57950.0,18520.0,13240.0,20700.0,78150.0,57560.0,18310.0,85500.0,20090.0
2024-07-08,17460.0,35540.0,13790.0,22020.0,116680.0,67410.0,35650.0,15060.0,21430.0,24300.0,11870.0,106960.0,76200.0,65040.00000000001,45950.0,8490.0,15230.0,19150.0,30150.0,22370.0,40370.0,57430.0,18300.0,13310.0,20200.0,77920.0,57890.0,18230.0,85500.0,19600.0
2024-07-09,17490.0,35930.0,14210.0,22090.0,114940.0,67670.0,37120.0,15580.0,21580.0,24080.0,12100.0,106920.0,76500.0,64840.0,46680.0,8560.0,15270.0,19210.0,30350.0,22280.0,40370.0,58020.0,18440.0,13360.0,20400.0,78000.0,57820.0,18560.0,85500.0,19800.0
2024-07-10,17460.0,35460.0,14030.0,21880.0,112010.0,67250.0,36140.0,15400.0,21540.0,23510.0,12180.0,104810.0,76800.0,63290.0,45950.0,8600.0,15270.0,19040.0,29850.0,22090.0,40370.0,58340.0,18420.0,13320.0,20300.0,77690.0,57220.0,18360.0,85500.0,19850.0
2024-07-11,17390.0,35390.0,13910.0,21750.0,111180.0,66980.0,36100.0,15610.0,21460.0,23560.0,12080.0,100370.0,75800.0,62900.0,45870.0,8600.0,15270.0,19290.0,29850.0,21750.0,40370.0,58020.0,18520.0,13310.0,20550.0,77690.0,56790.0,18230.0,85500.0,19990.0
2024-07-12,17270.0,35240.0,14210.0,21610.0,111840.0,66810.0,37020.0,15510.0,21200.0,23560.0,12020.0,94820.0,74800.0,62900.0,45630.0,8600.0,15190.0,19090.0,29750.0,21750.0,40370.0,57700.0,18540.0,13310.0,20880.0,78460.0,56790.0,18180.0,85500.0,20040.0
2024-07-15,17240.0,35200.0,14400.0,21680.0,110920.0,67080.0,37610.0,15680.0,21160.0,23660.0,12050.0,95960.0,74500.0,62420.0,45470.0,8670.0,15190.0,19010.0,29750.0,21620.0,40370.0,57630.0,18300.0,13310.0,20680.0,80150.0,56700.0,17980.0,85500.0,19650.0
2024-07-16,17350.0,35660.0,14030.0,21950.0,112010.0,67080.0,37320.0,15900.0,21160.0,23810.0,12310.0,95910.0,74000.0,62220.0,45470.0,8630.0,15190.0,19070.0,29900.0,21650.0,40370.0,57890.0,18250.0,13310.0,20530.0,81150.0,56610.0,18180.0,85500.0,19510.0
2024-07-17,17640.0,36300.0,13440.0,22290.0,110260.0,66810.0,34720.0,16190.000000000002,20980.0,24120.0,12800.0,96830.0,71800.0,61640.0,44000.0,8600.0,15190.0,18930.0,30400.0,22610.0,40370.0,57950.0,17960.0,13490.0,20300.0,81150.0,56280.0,18180.0,85500.0,19070.0
2024-07-18,17850.0,36680.0,13680.0,22590.0,106900.0,66900.0,35220.0,16129.999999999998,21140.0,24040.0,13010.0,96440.0,71200.0,63100.0,44250.0,8670.0,15340.0,19040.0,30600.0,22610.0,40370.0,57950.0,18030.0,13450.0,20280.0,81310.0,56450.0,18230.0,85500.0,19460.0
2024-07-19,18070.0,36070.0,13500.0,22560.0,105330.0,66640.0,33700.0,16030.000000000002,20980.0,24270.0,13280.0,96440.0,71000.0,63680.0,44980.0,8560.0,15380.0,19290.0,30300.0,22330.0,40370.0,57630.0,18230.0,13390.0,20380.0,81230.0,55940.0,17980.0,85500.0,19220.0
2024-07-22,17820.0,36070.0,13200.0,22730.0,103730.0,65960.0,31990.0,16250.0,20860.0,23930.0,13170.0,96190.0,72200.0,63380.0,45380.0,8480.0,15450.0,19210.0,30000.0,22570.0,40370.0,57750.0,18250.0,13320.0,20380.0,81000.0,56020.0,17980.0,85500.0,19360.0
2024-07-23,17270.0,34790.0,12670.0,21880.0,104900.0,65790.0,29890.0,16090.0,20680.0,23930.0,12490.0,96110.0,71000.0,60670.0,44560.0,8330.0,15670.0,18760.0,29000.0,22000.0,40370.0,57630.0,18230.0,13170.0,20430.0,81540.0,56450.0,17600.0,85500.0,19360.0
2024-07-24,17420.0,34860.0,12790.0,21750.0,105330.0,65960.0,31940.0,16090.0,20610.0,23510.0,12520.0,95910.0,71500.0,59600.0,44490.0,8410.0,16030.000000000002,18230.0,29200.0,21950.0,40370.0,57630.0,18230.0,13110.0,20450.0,83000.0,56200.0,17700.0,85500.0,19460.0
2024-07-25,17310.0,34790.0,12900.0,21310.0,104490.0,65790.0,32240.000000000004,16090.0,20350.0,22920.0,12520.0,95960.0,71000.0,59210.0,44000.0,8370.0,16000.0,17680.0,28800.0,21700.0,40370.0,57490.0,18200.0,12990.0,20800.0,83000.0,56200.0,17550.0,85500.0,19030.0
2024-07-26,17350.0,34980.0,13080.0,21650.0,106990.0,66130.0,32330.0,16129.999999999998,20420.0,22160.0,12700.0,100370.0,74000.0,59210.0,44810.0,8410.0,16030.000000000002,17790.0,29100.0,21700.0,40370.0,57490.0,18180.0,13050.0,20800.0,82920.0,56360.0,17600.0,85500.0,18640.0
2024-07-29,17390.0,35620.0,13080.0,21680.0,107820.0,65960.0,32720.0,16219.999999999998,20750.0,22450.0,12590.0,99140.0,74000.0,60180.0,44730.0,8370.0,16030.000000000002,17850.0,29100.0,21700.0,40370.0,57490.0,17870.0,13050.0,20800.0,81690.0,57560.0,17600.0,85500.0,18300.0
2024-07-30,17390.0,35390.0,12850.0,21610.0,106990.0,66130.0,32479.999999999996,16250.0,20750.0,22230.0,12800.0,98300.0,74600.0,61160.0,44650.0,8410.0,16000.0,17700.0,28900.0,21900.0,40370.0,57630.0,17670.0,12870.0,21100.0,81080.0,57980.0,17740.0,85500.0,18110.0
2024-07-31,17670.0,36000.0,13570.0,21610.0,107500.0,68440.0,32240.000000000004,16900.0,20240.0,21970.0,12760.0,98890.0,74100.0,61940.0,45130.0,8450.0,15920.0,17630.0,29000.0,22180.0,40370.0,58750.0,17670.0,13240.0,21150.0,81460.0,61320.0,18180.0,85500.0,17960.0
2024-08-01,17240.0,35390.0,13320.0,21240.0,104320.0,67580.0,30670.0,16580.0,19860.0,21860.0,12230.0,98890.0,71800.0,60280.0,44810.0,8250.0,16030.000000000002,16790.0,28050.0,21950.0,40370.0,59730.0,17550.0,12930.0,21050.0,80150.0,60220.0,17740.0,85500.0,17580.0
2024-08-02,17240.0,36110.0,13320.0,21310.0,102980.0,67580.0,31600.0,16770.0,20270.0,21480.0,12440.0,100800.0,72200.0,61060.0,44900.0,8210.0,16510.0,17320.0,28400.0,22420.0,40370.0,58410.0,17340.0,13170.0,21000.0,80620.0,61240.0,17930.0,85500.0,17340.0
2024-08-05,16700.0,34860.0,12900.0,20370.0,99130.0,65530.0,29400.0,15750.0,19300.0,20420.0,12000.0,99390.0,70500.0,59800.0,42360.0,7800.0,16000.0,16410.0,27200.0,21270.0,40370.0,57230.0,16610.0,12650.0,20650.0,76850.0,59440.0,17360.0,85500.0,16219.999999999998
2024-08-06,16910.0,35350.0,13200.0,20630.0,100970.0,66220.0,30620.0,15970.0,19570.0,20990.0,12230.0,105750.0,73200.0,60480.0,43420.0,7940.0,16070.0,16960.0,28400.0,21270.0,40370.0,57490.0,16760.0,12990.0,20650.0,77310.0,62270.0,17550.0,85500.0,16420.0
2024-08-07,16840.0,35100.0,13500.0,20400.0,101970.0,68020.0,31800.0,15970.0,19380.0,21290.0,12200.0,102900.0,73000.0,60480.0,43100.0,7940.0,15770.0,16960.0,28400.0,20800.0,40370.0,57750.0,17910.0,12890.0,21180.0,76380.0,63220.0,17210.0,85500.0,17380.0
2024-08-08,16740.0,34790.0,13620.0,20400.0,101480.0,69980.0,31170.0,16030.000000000002,19050.0,21370.0,12050.0,104720.0,74500.0,60570.0,43020.0,7880.0,15770.0,16630.0,28250.0,19890.0,40370.0,57490.0,18110.0,12890.0,20900.0,76380.0,62270.0,17080.0,85500.0,17050.0
2024-08-09,16990.0,35320.0,13790.0,21280.0,106070.0,69900.0,31750.0,16390.0,19380.0,21400.0,12250.0,104770.0,75200.0,63680.0,43670.0,7940.0,15850.0,17350.0,28850.0,20140.0,40370.0,57750.0,17910.0,13050.0,20600.0,77620.0,62790.0,17210.0,85500.0,16900.0
2024-08-12,17140.0,35390.0,13790.0,21410.0,108660.0,70670.0,32430.0,16420.0,19230.0,21550.0,12390.0,104770.0,75200.0,64650.00000000001,44000.0,7940.0,15890.0,17740.0,29200.0,20270.0,40370.0,57820.0,17580.0,12990.0,20300.0,77770.0,62530.0,17360.0,85500.0,16800.0
2024-08-13,16990.0,35280.0,13980.0,21510.0,108420.0,69810.0,32330.0,16670.0,18900.0,21710.0,12340.0,104280.0,74800.0,64739.99999999999,44250.0,7940.0,15560.0,17580.0,29150.0,20040.0,40370.0,58950.0,17500.0,12830.0,20350.0,79080.0,63220.0,17360.0,85500.0,16850.0
2024-08-14,16960.0,35580.0,13740.0,21480.0,108250.0,70240.0,32619.999999999996,16640.0,18940.0,21710.0,12230.0,104280.0,76500.0,64650.00000000001,45380.0,7910.0,15770.0,17400.0,29200.0,20220.0,40370.0,57950.0,17910.0,12870.0,20400.0,78850.0,63370.0,17210.0,85500.0,17380.0
2024-08-15,16910.0,35280.0,13620.0,21510.0,107590.0,69550.0,31900.0,16800.0,18750.0,22160.0,12160.0,104280.0,75000.0,63970.0,45380.0,7880.0,15740.0,17120.0,28950.0,20180.0,40370.0,57700.0,18230.0,12990.0,20400.0,79080.0,63220.0,17210.0,85500.0,17190.0
2024-08-16,17270.0,35930.0,14340.0,21950.0,109170.0,70760.0,33750.0,17380.0,19050.0,23250.0,12570.0,104230.0,77300.0,66980.0,45870.0,8020.0,15770.0,18130.0,29350.0,20470.0,40370.0,58020.0,18490.0,13210.0,20580.0,80770.0,63220.0,17600.0,85500.0,17670.0
2024-08-19,17310.0,36220.0,14340.0,22050.0,109090.0,72380.0,33950.0,17350.0,19230.0,23740.0,12570.0,104230.0,77800.0,66980.0,47100.0,8020.0,15770.0,17950.0,29650.0,20890.0,40370.0,58480.0,18590.0,13430.0,20580.0,80770.0,65110.0,17650.0,85500.0,17670.0
2024-08-20,17350.0,37170.0,14340.0,22430.0,109920.0,72380.0,34290.0,17220.0,19190.0,23510.0,12680.0,104230.0,77600.0,67460.0,47260.0,8060.000000000001,15770.0,18100.0,29650.0,20850.0,40370.0,59800.0,18970.0,13360.0,20850.0,81080.0,64750.0,17790.0,85500.0,18110.0
2024-08-21,17570.0,38270.0,14450.0,23100.0,111580.0,72810.0,34440.0,17410.0,19450.0,23780.0,12940.0,103540.0,77500.0,67750.0,46770.0,8100.0,15810.0,18320.0,29950.0,20990.0,40370.0,61110.0,19140.0,13320.0,20930.0,80690.0,64500.0,17930.0,85500.0,18250.0
2024-08-22,17570.0,38040.0,14450.0,23370.0,111840.0,72380.0,34000.0,17410.0,19150.0,23890.0,12760.0,101930.0,78000.0,67950.0,46440.0,8060.000000000001,16580.0,18340.0,29900.0,21320.0,40370.0,60850.0,19170.0,13440.0,20780.0,80380.0,63560.0,17930.0,85500.0,19030.0
2024-08-23,17600.0,38200.0,14270.0,23610.0,111270.0,72550.0,34630.0,17410.0,19380.0,23740.0,12830.0,102810.0,77900.0,67950.0,46360.0,8060.000000000001,16590.0,18620.0,29950.0,21370.0,40370.0,60850.0,19140.0,13440.0,20780.0,80380.0,64150.00000000001,17930.0,85500.0,18830.0
2024-08-26,17600.0,37960.0,14210.0,23370.0,109920.0,72120.0,34240.0,17410.0,19350.0,23740.0,12790.0,101290.0,76200.0,67750.0,46200.0,8020.0,16470.0,18820.0,29750.0,21470.0,40370.0,60590.0,19500.0,13410.0,21080.0,80380.0,62860.0,18180.0,85500.0,19170.0
2024-08-27,17600.0,37510.0,14450.0,23540.0,110740.0,71530.0,34140.0,17410.0,19150.0,23590.0,12760.0,100840.0,76800.0,67750.0,46440.0,8020.0,16100.000000000002,18500.0,29600.0,21620.0,40370.0,60260.0,19940.0,13370.0,22550.0,80000.0,62960.0,18180.0,85500.0,19360.0
2024-08-28,17640.0,37510.0,14340.0,23580.0,111430.0,71780.0,34820.0,17380.0,19130.0,23660.0,12880.0,100310.0,77100.0,67370.0,46770.0,8020.0,15970.0,18870.0,29550.0,21950.0,40370.0,60000.0,19700.0,13370.0,22200.0,79850.0,63310.0,18130.0,85500.0,18830.0
2024-08-29,17750.0,37280.0,14210.0,23640.0,111750.0,71440.0,34480.0,17570.0,19050.0,23740.0,12990.0,100260.0,76900.0,67080.0,46770.0,7980.0,15890.0,18820.0,30450.0,21950.0,40370.0,60260.0,19980.0,13370.0,22100.0,80540.0,62960.0,18130.0,85500.0,18590.0
2024-08-30,17850.0,36980.0,14210.0,23680.0,112680.0,71360.0,34530.0,17800.0,18970.0,23660.0,12990.0,103400.0,76500.0,67750.0,46860.0,7980.0,15930.0,18680.0,30550.0,22280.0,40370.0,60400.0,19980.0,13410.0,22100.0,81000.0,63310.0,18130.0,85500.0,18540.0
2024-09-04,17750.0,37010.0,13850.0,23840.0,111180.0,71870.0,33900.0,17410.0,18780.0,23250.0,12760.0,103250.0,75300.0,67080.0,46610.0,7880.0,15350.0,18380.0,30100.0,21950.0,40370.0,59930.0,20470.0,13300.0,22000.0,80230.0,63630.0,17700.0,85500.0,19030.0
2024-09-05,17640.0,36830.0,13740.0,23640.0,109170.0,71360.0,33120.0,17320.0,18640.0,23210.0,12520.0,101630.0,74100.0,65910.0,46440.0,7880.0,15350.0,18340.0,29600.0,21750.0,40370.0,59340.0,21070.0,13270.0,22530.0,79850.0,63980.0,17510.0,85500.0,19030.0
2024-09-06,17710.0,37280.0,13740.0,23970.0,110420.0,72040.0,33700.0,17190.0,18900.0,23400.0,12540.0,102570.0,76000.0,66010.0,46200.0,7840.0,14940.0,18500.0,29900.0,21750.0,40370.0,59400.0,21140.0,13220.0,22330.0,79850.0,64580.0,17650.0,85500.0,19410.0
2024-09-09,17600.0,37090.0,13910.0,23950.0,109750.0,72550.0,33700.0,17030.0,19050.0,23210.0,12520.0,102320.0,75400.0,65519.99999999999,45790.0,7840.0,15020.0,18230.0,29500.0,21620.0,40370.0,59400.0,20710.0,13090.0,21850.0,79230.0,64080.0,17550.0,85500.0,19410.0
2024-09-10,17460.0,36680.0,13850.0,23610.0,108660.0,72040.0,33310.0,16900.0,18710.0,23320.0,12410.0,101790.0,75200.0,65810.0,45060.0,7800.0,14110.0,17950.0,29200.0,21230.0,40370.0,58610.0,20610.0,13090.0,21500.0,80150.0,64150.00000000001,17360.0,85500.0,18540.0
2024-09-11,17390.0,36530.0,13850.0,23610.0,109170.0,71610.0,33310.0,16930.0,18850.0,23210.0,12490.0,101580.0,75100.0,65810.0,45130.0,7800.0,13280.0,18010.0,29600.0,21090.0,40370.0,58220.0,20710.0,13040.0,21500.0,80770.0,63890.0,17460.0,85500.0,18450.0
2024-09-12,17600.0,36570.0,13910.0,23640.0,110590.0,71610.0,33750.0,16830.0,18670.0,23130.0,12540.0,99820.0,75100.0,65519.99999999999,45130.0,7840.0,12490.0,17870.0,29700.0,21270.0,40370.0,58950.0,20750.0,13270.0,21450.0,81000.0,63980.0,17700.0,85500.0,18350.0
2024-09-13,17570.0,36450.0,13790.0,23580.0,111180.0,69940.0,33800.0,16960.0,18600.0,22940.0,12490.0,100370.0,74200.0,65230.00000000001,45710.0,7800.0,12650.0,17900.0,29800.0,21180.0,40370.0,59200.0,20710.0,13140.0,21450.0,80620.0,62430.0,17650.0,85500.0,18640.0
2024-09-16,17390.0,36110.0,13790.0,23400.0,109580.0,68340.0,34090.0,16830.0,18490.0,22760.0,12490.0,100020.0,72900.0,64160.0,45470.0,7760.0,12650.0,17790.0,29550.0,21180.0,40370.0,58540.0,20100.0,13140.0,21030.0,80000.0,61580.0,17550.0,85500.0,18250.0
2024-09-17,17640.0,36830.0,14090.0,23610.0,111090.0,68430.0,34770.0,17090.0,18780.0,23130.0,12680.0,101340.0,74500.0,64840.0,46030.0,7880.0,12820.0,18130.0,29850.0,21700.0,40370.0,59600.0,21190.0,13270.0,21450.0,80770.0,62860.0,17840.0,85500.0,18740.0
2024-09-18,17750.0,37090.0,14030.0,24110.0,112510.0,68810.0,34720.0,17160.0,18670.0,23070.0,12760.0,102260.0,74400.0,66200.0,45710.0,7840.0,12940.0,18500.0,30250.0,21950.0,40370.0,59930.0,21140.0,13320.0,21330.0,80850.0,62790.0,17840.0,85500.0,18490.0
2024-09-19,17850.0,37240.0,13980.0,24320.0,113010.0,69090.0,34870.0,17250.0,18780.0,23130.0,12760.0,101730.0,74400.0,66200.0,46030.0,7840.0,13820.0,18620.0,30500.0,22130.0,40370.0,60260.0,21260.0,13370.0,21450.0,80850.0,62790.0,17930.0,85500.0,18780.0
2024-09-20,18460.0,37090.0,14210.0,24320.0,113090.0,68810.0,34770.0,17380.0,19080.0,23510.0,12940.0,102710.0,74700.0,66010.0,46770.0,7910.0,13730.0,18620.0,30850.0,22470.0,40370.0,59660.0,21070.0,13480.0,21150.0,80920.0,62270.0,18130.0,85500.0,18830.0
2024-09-23,18460.0,36830.0,14210.0,24250.0,112010.0,68710.0,34720.0,17350.0,19130.0,23660.0,12970.0,104330.0,74400.0,65330.0,46770.0,7840.0,13230.0,18890.0,30800.0,22280.0,40370.0,59860.0,21020.0,13520.0,21180.0,80770.0,62430.0,18180.0,85500.0,18350.0
2024-09-24,18580.0,37240.0,14270.0,24350.0,112430.0,69370.0,35320.0,17350.0,19230.0,23890.0,13200.0,107700.0,74800.0,66100.0,46860.0,7910.0,13690.0,18890.0,31850.0,22470.0,40370.0,60060.0,21310.0,13950.0,21280.0,80850.0,62310.0,18360.0,85500.0,18400.0
2024-09-25,18860.0,37810.0,14340.0,24320.0,112680.0,69470.0,35170.0,17510.0,19490.0,23960.0,13460.0,107560.0,75500.0,66690.0,46770.0,7980.0,13820.0,19490.0,32700.000000000004,22710.0,40370.0,61110.0,21260.0,14210.0,21300.0,80460.0,61690.0,18610.0,85500.0,18450.0
2024-09-26,18710.0,37810.0,14750.0,24590.0,112260.0,69650.0,35550.0,18180.0,19380.0,24190.0,13440.0,106010.0,76100.0,66300.0,47340.0,8140.000000000001,14110.0,19530.0,32750.0,23000.0,40370.0,60910.0,21380.0,14170.0,21300.0,80850.0,62660.0,18750.0,85500.0,18540.0
2024-09-27,18640.0,37880.0,14580.0,24990.0,112170.0,69180.0,35170.0,18180.0,19380.0,24270.0,13440.0,106010.0,75900.0,65519.99999999999,47660.0,8330.0,14110.0,19590.0,33600.0,23090.0,40370.0,60910.0,20900.0,14130.0,21250.0,80850.0,62930.0,18890.0,85500.0,18740.0
2024-09-30,18530.0,37580.0,14340.0,24960.0,112430.0,68900.0,34920.0,18120.0,19610.0,24080.0,13440.0,105490.0,75700.0,66100.0,47100.0,8330.0,14150.0,19810.0,33350.0,23090.0,40370.0,60590.0,20610.0,14100.0,21000.0,80770.0,62130.0,19230.0,85500.0,18450.0
2024-10-01,18530.0,37580.0,14270.0,24660.0,113610.0,68710.0,35170.0,17990.0,19900.0,23890.0,13410.0,103780.0,76600.0,65810.0,47100.0,8370.0,14480.0,19740.0,33500.0,23520.0,40370.0,60590.0,20920.0,14460.0,21150.0,81000.0,62130.0,19030.0,85500.0,18740.0
2024-10-02,18580.0,37660.0,14450.0,24320.0,113180.0,68620.0,35320.0,17700.0,19570.0,23710.0,13440.0,104420.0,76000.0,65420.0,46360.0,8250.0,14560.0,19590.0,33550.0,23760.0,40370.0,61050.0,20900.0,14270.0,21030.0,80770.0,62130.0,18850.0,85500.0,18490.0
2024-10-03,18500.0,37440.0,14210.0,24450.0,112010.0,68240.0,34720.0,17770.0,19490.0,23620.0,13330.0,104320.0,76000.0,64360.0,46280.0,8290.0,14770.0,19560.0,33750.0,23230.0,40370.0,60980.0,20030.0,14070.0,20680.0,81150.0,62310.0,19130.0,85500.0,18010.0
2024-10-04,18280.0,37200.0,14270.0,24040.0,112100.0,69000.0,34090.0,17540.0,19490.0,23740.0,13120.0,105750.0,75600.0,64459.99999999999,46120.0,8210.0,14520.0,19380.0,33100.0,22950.0,40370.0,60780.0,19980.0,14070.0,20500.0,81000.0,60720.0,19130.0,85500.0,17670.0
2024-10-07,18320.0,37090.0,14450.0,24180.0,112100.0,68620.0,34000.0,17250.0,19650.0,23930.0,13170.0,104640.0,74800.0,64360.0,46200.0,8210.0,14190.0,19590.0,33800.0,23050.0,40370.0,60590.0,19840.0,14030.0,20430.0,80770.0,59470.0,19130.0,85500.0,17630.0
2024-10-08,18360.0,36980.0,14510.0,24150.0,111840.0,68340.0,34240.0,17480.0,20050.0,25100.0,13170.0,105580.0,75200.0,63290.0,45870.0,8140.000000000001,14190.0,19460.0,33700.0,23280.0,40370.0,60260.0,20030.0,14030.0,20450.0,80620.0,60450.0,19230.0,85500.0,17720.0
2024-10-09,18890.0,37400.0,14450.0,24380.0,113180.0,68430.0,34820.0,17350.0,20460.0,25320.0,13390.0,105970.0,77000.0,62320.0,45950.0,8170.0,14520.0,19380.0,34150.0,23520.0,40370.0,59930.0,20470.0,14030.0,20800.0,81230.0,60090.0,19370.0,85500.0,17870.0
2024-10-10,18860.0,37630.0,14450.0,24410.0,118450.0,69000.0,34820.0,17630.0,20270.0,25100.0,13330.0,106010.0,80000.0,63100.0,47020.0,8140.000000000001,14520.0,19560.0,33600.0,23430.0,40370.0,60520.0,20300.0,13950.0,20700.0,81540.0,59990.0,19660.0,85500.0,17820.0
2024-10-11,18790.0,37360.0,14510.0,24480.0,116680.0,68900.0,34680.0,17570.0,20310.0,24760.0,13360.0,105850.0,81100.0,62610.0,46860.0,8170.0,14600.0,19490.0,33800.0,23330.0,40370.0,60260.0,21000.0,13950.0,20900.0,83770.0,59990.0,19800.0,85500.0,18350.0
2024-10-14,18680.0,37360.0,14450.0,24350.0,115030.0,68620.0,35460.0,17350.0,20130.0,24460.0,13510.0,105270.0,80300.0,61740.0,46610.0,8170.0,14440.0,19630.0,33900.0,23230.0,40370.0,60200.0,21840.0,13920.0,21080.0,82540.0,59560.0,19750.0,85500.0,18490.0
2024-10-15,18610.0,37810.0,13960.0,24410.0,114510.0,68430.0,34920.0,17440.0,20190.0,24270.0,13410.0,105490.0,80800.0,62520.0,46520.0,8170.0,14440.0,19340.0,33700.0,23130.0,40370.0,60200.0,21500.0,14030.0,20830.0,81460.0,59200.0,19950.0,85500.0,18160.0
2024-10-16,18530.0,37700.0,13900.0,24520.0,113930.0,67770.0,35270.0,17380.0,20150.0,23930.0,13330.0,111840.0,80400.0,63580.0,47100.0,8140.000000000001,13860.0,19240.0,33600.0,23090.0,40370.0,60260.0,21670.0,13990.0,20750.0,81380.0,59830.0,19950.0,85500.0,18060.0
2024-10-17,18830.0,38040.0,13900.0,24690.0,114510.0,67300.0,35170.0,17090.0,20270.0,24190.0,13540.0,111050.0,81000.0,63880.0,46680.0,8170.0,13900.0,19490.0,34600.0,23230.0,40370.0,60710.0,21720.0,14130.0,20780.0,81000.0,59930.0,19990.0,85500.0,18110.0
2024-10-18,18790.0,38040.0,13770.0,24480.0,114510.0,67490.0,35020.0,17350.0,20050.0,24380.0,13460.0,110460.0,80400.0,63780.0,46770.0,8210.0,13860.0,19420.0,35550.0,23330.0,40370.0,60850.0,21790.0,14260.0,20900.0,81920.0,59740.0,19660.0,85500.0,18110.0
2024-10-21,18580.0,37550.0,13410.0,23970.0,113270.0,67490.0,34390.0,17320.0,19900.0,24270.0,13360.0,109710.0,80200.0,63880.0,46120.0,8170.0,13860.0,19100.0,35250.0,23050.0,40370.0,60590.0,23020.0,14030.0,21130.0,81230.0,59650.0,19750.0,85500.0,18450.0
2024-10-22,18280.0,36870.0,13040.0,23640.0,111270.0,67020.0,32970.0,17350.0,19830.0,23890.0,13200.0,108130.0,78900.0,64360.0,45630.0,8100.0,13860.0,18960.0,35000.0,23090.0,40370.0,60200.0,23230.0,13700.0,21100.0,80150.0,59650.0,19710.0,85500.0,17960.0
2024-10-23,18280.0,36610.0,13160.0,23680.0,112170.0,66740.0,32720.0,17320.0,19670.0,24000.0,13200.0,109990.0,79400.0,63780.0,45630.0,8060.000000000001,13820.0,19100.0,35800.0,23090.0,40370.0,60260.0,22630.0,13660.0,21600.0,80310.0,59650.0,19560.0,85500.0,18010.0
2024-10-24,18000.0,36300.0,13220.0,23540.0,112260.0,66830.0,32140.0,17290.0,19670.0,23960.0,12910.0,111730.0,78500.0,63480.0,45550.0,7980.0,13820.0,19020.0,33400.0,22570.0,40370.0,60400.0,21120.0,13520.0,21030.0,80150.0,60620.0,19130.0,85500.0,17530.0
2024-10-25,17920.0,35930.0,13100.0,23370.0,112010.0,66740.0,31500.0,17290.0,19670.0,24190.0,12880.0,111050.0,77200.0,63580.0,45220.0,7880.0,13820.0,18960.0,33450.0,22420.0,40370.0,60460.0,21120.0,13320.0,20780.0,80150.0,60260.0,19230.0,85500.0,17530.0
2024-10-28,18100.0,35930.0,13100.0,23440.0,112760.0,66550.0,31750.0,17130.0,19900.0,24270.0,12970.0,111050.0,77900.0,63580.0,45220.0,7910.0,13820.0,19020.0,33750.0,22570.0,40370.0,60590.0,20560.0,13320.0,20730.0,79690.0,59560.0,19230.0,85500.0,17480.0
2024-10-29,18140.0,35960.0,13160.0,23610.0,113180.0,66640.0,32189.999999999996,17540.0,20130.0,24340.0,13070.0,111050.0,78000.0,64550.0,45130.0,7940.0,13770.0,18960.0,34050.0,22660.0,40370.0,60590.0,20590.0,13700.0,20680.0,79920.0,59380.0,19370.0,85500.0,17530.0
2024-10-30,18070.0,36070.0,13160.0,23470.0,113610.0,66450.0,31940.0,17480.0,20090.0,24530.0,13070.0,112370.0,78100.0,64060.0,44980.0,7940.0,13690.0,18710.0,34800.0,22900.0,40370.0,60400.0,19820.0,13890.0,20500.0,79920.0,58760.0,19370.0,85500.0,17580.0
2024-10-31,18280.0,36110.0,12980.0,24110.0,113610.0,66360.0,32140.0,17290.0,20020.0,24830.0,13090.0,111160.0,76600.0,64550.0,44980.0,8020.0,13730.0,18890.0,35200.0,22800.0,40370.0,61650.0,19980.0,13840.0,20780.0,80770.0,58590.0,19560.0,85500.0,17240.0
2024-11-01,17920.0,36110.0,12800.0,24040.0,112510.0,66080.0,31550.0,17060.0,19750.0,24720.0,12850.0,112370.0,74500.0,64060.0,45060.0,7980.0,14060.0,18600.0,35000.0,22610.0,40370.0,61580.0,19980.0,13770.0,20600.0,80540.0,58320.0,19280.0,85500.0,17140.0
2024-11-04,17820.0,36070.0,12800.0,24110.0,111000.0,65800.0,30820.0,16740.0,19570.0,24380.0,12790.0,113060.0,73200.0,63200.0,45220.0,7910.0,13860.0,18640.0,34900.0,22370.0,40370.0,60910.0,19980.0,13520.0,20600.0,80000.0,58130.0,18850.0,85500.0,17090.0
2024-11-05,17820.0,35850.0,12800.0,23680.0,110830.0,65510.00000000001,31350.0,16740.0,19710.0,24420.0,12790.0,113800.0,73100.0,63680.0,45220.0,7980.0,13900.0,18570.0,34850.0,22370.0,40370.0,60980.0,19980.0,13520.0,20650.0,79620.0,58060.0,18850.0,85500.0,17140.0
2024-11-06,18070.0,36330.0,13100.0,24250.0,112510.0,65980.0,32970.0,16960.0,20050.0,24530.0,12990.0,116080.0,74200.0,63680.0,45470.0,8060.000000000001,14020.0,18780.0,35500.0,22800.0,40370.0,61180.0,20010.0,13590.0,20900.0,80690.0,58320.0,18980.0,85500.0,17430.0
2024-11-07,18070.0,36000.0,13040.0,24040.0,112920.0,65980.0,32580.0,16860.0,20050.0,24570.0,12970.0,115280.0,73300.0,63480.0,45300.0,8020.0,13980.0,18710.0,35600.0,22750.0,40370.0,61380.0,19940.0,13520.0,20850.0,80230.0,58410.0,18850.0,85500.0,17430.0
2024-11-08,17920.0,35850.0,12980.0,23640.0,113520.0,65890.0,32140.0,16860.0,20090.0,24270.0,12830.0,114380.0,72300.0,63100.0,44980.0,7980.0,13900.0,18530.0,35500.0,22520.0,40370.0,60710.0,19260.0,13370.0,20530.0,80460.0,58230.0,18650.0,85500.0,17340.0
2024-11-11,17890.0,35160.0,12800.0,23610.0,115610.0,65980.0,32619.999999999996,16420.0,20610.0,23930.0,12700.0,116610.0,73500.0,61160.0,45060.0,7940.0,13860.0,18250.0,33800.0,22130.0,40370.0,60590.0,19550.0,13300.0,20400.0,80380.0,57790.0,18360.0,85500.0,17380.0
2024-11-12,17890.0,35010.0,12620.0,23300.0,114350.0,65700.0,32140.0,16580.0,20460.0,23890.0,12590.0,116670.0,72500.0,59020.0,46120.0,7910.0,13820.0,18250.0,33550.0,22000.0,40370.0,60520.0,19410.0,13410.0,20280.0,80380.0,57520.0,18270.0,85500.0,17380.0
2024-11-13,17920.0,34900.0,12310.0,23200.0,115180.0,65420.0,31800.0,16480.0,20130.0,23960.0,12620.0,117350.0,73000.0,60080.0,46280.0,7910.0,13860.0,18070.0,33400.0,22090.0,40370.0,60910.0,19410.0,13370.0,20300.0,79690.0,57610.0,18510.0,85500.0,17480.0
2024-11-14,17670.0,34410.0,11940.0,22690.0,113670.0,64950.0,31060.0,16219.999999999998,19570.0,23660.0,12440.0,118260.0,71400.0,59500.0,45710.0,7840.0,13900.0,17540.0,32500.0,21750.0,40370.0,60590.0,19430.0,13300.0,20350.0,79460.0,57610.0,18180.0,85500.0,17480.0
2024-11-15,17570.0,33800.0,11570.0,22360.0,111920.0,64569.99999999999,30560.0,15870.0,19260.0,23710.0,12280.0,116610.0,70600.0,58140.0,45220.0,7720.0,13940.0,17000.0,32400.0,21420.0,40370.0,60400.0,19380.0,13270.0,20280.0,79460.0,56460.0,17890.0,85500.0,17580.0
2024-11-18,17640.0,33620.0,11630.0,22490.0,112010.0,64950.0,30710.0,15780.0,19190.0,23710.0,12230.0,118200.0,70300.0,57170.0,45220.0,7720.0,13980.0,17260.0,32600.0,21420.0,40370.0,59930.0,19650.0,13300.0,20200.0,78230.0,56020.0,17890.0,85500.0,17480.0
2024-11-19,17490.0,33720.0,11630.0,22520.0,108660.0,63910.0,29970.0,15840.0,18940.0,23590.0,12100.0,116610.0,70000.0,55810.0,44810.0,7650.0,14020.0,16940.0,31950.0,21370.0,40370.0,59270.0,20320.0,13190.0,20180.0,78230.0,55830.0,17700.0,85500.0,17290.0
2024-11-20,17640.0,34030.0,11880.0,22970.0,110670.0,63630.0,30370.0,15840.0,19050.0,23780.0,12310.0,118150.0,70300.0,55130.0,45220.0,7720.0,14020.0,17260.0,32400.0,21800.0,40370.0,59460.0,20850.0,13270.0,20180.0,78460.0,56370.0,17890.0,85500.0,17290.0
2024-11-21,17890.0,34300.0,11880.0,23640.0,111180.0,64200.0,30760.0,15940.0,19230.0,23890.0,12540.0,115010.0,71300.0,56980.0,45060.0,7760.0,14020.0,17470.0,33050.0,22130.0,40370.0,59600.0,20850.0,13370.0,20180.0,78230.0,56630.0,18360.0,85500.0,17580.0
2024-11-22,17960.0,34560.0,11880.0,23640.0,111920.0,65140.0,30470.0,15870.0,19420.0,24000.0,12540.0,116350.0,71000.0,57270.0,45130.0,7760.0,14020.0,17290.0,32650.0,22420.0,40370.0,59660.0,20030.0,13300.0,20230.0,78230.0,56990.0,18230.0,85500.0,17480.0
2024-11-25,17920.0,34440.0,11940.0,23710.0,111920.0,65230.00000000001,30470.0,15870.0,19570.0,24000.0,12520.0,116040.0,72200.0,57270.0,45220.0,7800.0,13980.0,17390.0,32850.0,22420.0,40370.0,60130.0,20560.0,13520.0,20500.0,79080.0,56990.0,18230.0,85500.0,17630.0
2024-11-26,18000.0,34980.0,12000.0,23840.0,113010.0,65510.00000000001,30860.0,16090.0,19610.0,24040.0,12590.0,116080.0,72700.0,58240.0,45710.0,7840.0,14020.0,17470.0,33200.0,22470.0,40370.0,60850.0,20420.0,13550.0,20530.0,79380.0,57440.0,18230.0,85500.0,17670.0
2024-11-27,18030.0,35060.0,11820.0,23740.0,116110.0,65230.00000000001,30810.0,16160.0,19570.0,24340.0,12590.0,116080.0,72700.0,58440.0,45710.0,7800.0,14060.0,17260.0,33200.0,22420.0,40370.0,61050.0,20180.0,13520.0,20380.0,78770.0,57260.0,18230.0,85500.0,17480.0
2024-11-28,18100.0,34860.0,12000.0,23910.0,116520.0,65230.00000000001,30910.0,16250.0,19650.0,24120.0,12540.0,116040.0,72400.0,58240.0,45220.0,7760.0,14110.0,17260.0,33150.0,22520.0,40370.0,60980.0,19790.0,13810.0,20350.0,78620.0,57170.0,18230.0,85500.0,17380.0
2024-11-29,18140.0,35350.0,12060.0,24150.0,120620.0,65510.00000000001,30860.0,16280.000000000002,19900.0,24300.0,12620.0,121800.0,73200.0,58730.0,45710.0,7800.0,14110.0,17430.0,33300.0,22520.0,40370.0,61450.0,19650.0,13890.0,20250.0,78770.0,57260.0,18310.0,85500.0,17290.0
2024-12-02,18100.0,35160.0,11880.0,24220.0,119690.0,65140.0,31010.0,16320.0,20020.0,25060.0,12620.0,119150.0,72600.0,58630.0,45790.0,7800.0,14060.0,17350.0,33100.0,22570.0,40370.0,62030.0,19620.0,13770.0,20180.0,78690.0,57170.0,18360.0,85500.0,17240.0
2024-12-03,18000.0,34830.0,11880.0,24250.0,122050.0,64670.0,30470.0,16740.0,20090.0,25590.0,12520.0,119270.0,72700.0,58050.0,45790.0,7800.0,14110.0,17260.0,32600.0,22570.0,40370.0,61250.0,19700.0,13740.0,20200.0,78080.0,56630.0,18360.0,85500.0,17090.0
2024-12-04,18030.0,34140.0,11940.0,23840.0,120790.0,64569.99999999999,29920.0,16640.0,19860.0,25210.0,12470.0,117680.0,72100.0,56400.0,46770.0,7720.0,14060.0,17070.0,32400.0,22370.0,40370.0,61580.0,19310.0,13770.0,20000.0,78000.0,56100.0,18180.0,85500.0,16710.0
2024-12-05,18500.0,34790.0,12240.0,24590.0,124990.0,64849.99999999999,30910.0,17160.0,20720.0,25390.0,12830.0,120860.0,73700.0,59210.0,46860.0,7940.0,14270.0,18250.0,33950.0,23090.0,40370.0,61900.0,19940.0,14130.0,20430.0,79230.0,56990.0,18650.0,85500.0,17240.0
2024-12-06,18460.0,35240.0,12860.0,24480.0,125840.0,65140.0,31600.0,17250.0,20540.0,25810.0,12730.0,119270.0,73400.0,59310.0,47020.0,7840.0,14310.0,18710.0,33800.0,23050.0,40370.0,62030.0,19980.0,14070.0,20930.0,79080.0,56820.0,18510.0,85500.0,17090.0
2024-12-09,18360.0,35320.0,12980.0,24620.0,123730.0,65230.00000000001,31650.0,17350.0,20570.0,25740.0,12760.0,119530.0,73200.0,59310.0,46860.0,7840.0,14350.0,18600.0,34000.0,23050.0,40370.0,62770.0,20030.0,14100.0,20930.0,79000.0,56820.0,18560.0,85500.0,17090.0
2024-12-10,18250.0,35350.0,13040.0,24550.0,125840.0,64950.0,31300.0,17990.0,20750.0,25660.0,12680.0,117080.0,72700.0,59020.0,47340.0,7840.0,14400.0,18640.0,33500.0,22950.0,40370.0,62230.0,19720.0,14100.0,20600.0,78920.0,56630.0,18410.0,85500.0,16950.0
2024-12-11,18280.0,35240.0,13040.0,24550.0,126680.0,64670.0,31010.0,18200.0,20640.0,25320.0,12700.0,118730.0,72700.0,58240.0,46920.0,8020.0,14400.0,18570.0,33650.0,23050.0,40370.0,61450.0,19670.0,13990.0,20650.0,79150.0,56900.0,18410.0,85500.0,16760.0
2024-12-12,18210.0,35240.0,13160.0,24520.0,126430.0,64480.00000000001,31210.0,18430.0,20460.0,24950.0,12700.0,119270.0,72100.0,58240.0,46860.0,7940.0,14440.0,18460.0,33800.0,23130.0,40370.0,61580.0,19620.0,13950.0,20450.0,79150.0,57260.0,18460.0,85500.0,16710.0
2024-12-13,18100.0,35100.0,13770.0,24550.0,125840.0,64379.99999999999,30960.0,18270.0,20240.0,24980.0,12680.0,120110.0,71100.0,59210.0,46770.0,7880.0,14400.0,18320.0,34000.0,23230.0,40370.0,61310.0,19570.0,14070.0,20400.0,78770.0,56900.0,18310.0,85500.0,16760.0
2024-12-16,18100.0,35350.0,13470.0,24480.0,126170.0,64099.99999999999,30760.0,18310.0,20090.0,24980.0,12590.0,123400.0,71100.0,59210.0,46680.0,7880.0,14350.0,18530.0,34100.0,23180.0,40370.0,61310.0,19720.0,14100.0,20350.0,78460.0,57610.0,18270.0,85500.0,16710.0
2024-12-17,18140.0,35240.0,13350.0,24480.0,124570.0,64010.00000000001,30660.0,18350.0,20090.0,25060.0,12620.0,122920.0,71000.0,58530.0,46680.0,7840.0,14350.0,18460.0,34100.0,23090.0,40370.0,61250.0,19890.0,14030.0,20280.0,78150.0,57260.0,18130.0,85500.0,16560.0
2024-12-18,18100.0,35430.0,13660.0,24480.0,125170.0,64480.00000000001,30910.0,18350.0,20350.0,25390.0,12640.0,121380.0,71400.0,58440.0,46770.0,7840.0,14310.0,18600.0,34200.0,23090.0,40370.0,61310.0,19700.0,13990.0,20300.0,77460.0,57350.0,18180.0,85500.0,16510.0
2024-12-19,17850.0,35140.0,13530.0,24450.0,124650.0,64480.00000000001,30470.0,18120.0,19970.0,25170.0,12470.0,121370.0,70400.0,58050.0,46360.0,7720.0,13690.0,18600.0,33900.0,22660.0,40370.0,60850.0,19360.0,13810.0,20150.0,76920.0,56630.0,17980.0,85500.0,16470.0
2024-12-20,17850.0,35140.0,13720.0,24410.0,125840.0,64569.99999999999,30470.0,18040.0,19860.0,25170.0,12540.0,123960.0,70300.0,58820.0,46030.0,7690.0,13860.0,18640.0,33850.0,22710.0,40370.0,60910.0,19430.0,13840.0,20250.0,76310.0,57610.0,18080.0,85500.0,16470.0
2024-12-23,17920.0,35320.0,13660.0,24480.0,126090.0,64480.00000000001,30420.0,18040.0,20090.0,25250.0,12570.0,126070.0,70300.0,59210.0,46610.0,7760.0,14060.0,18350.0,34500.0,22800.0,40370.0,60850.0,19550.0,13840.0,20300.0,77380.0,57080.0,18130.0,85500.0,16470.0
2024-12-24,18000.0,34860.0,13660.0,24450.0,126590.0,64200.0,30270.0,18040.0,19860.0,25280.0,12490.0,128830.00000000001,70200.0,59500.0,46610.0,7760.0,14150.0,18420.0,34700.0,22900.0,40370.0,60660.0,19430.0,13920.0,20300.0,77690.0,56990.0,18130.0,85500.0,16470.0
2024-12-25,18320.0,35360.0,13720.0,25800.0,126930.0,64379.99999999999,30660.0,18430.0,20190.0,25810.0,12790.0,128120.0,70700.0,60380.0,46770.0,7800.0,14310.0,18850.0,36250.0,23330.0,40370.0,60850.0,19550.0,14030.0,20330.0,78460.0,57080.0,18360.0,85500.0,16710.0
2024-12-26,18390.0,35690.0,13830.0,25800.0,126090.0,64480.00000000001,30470.0,18620.0,20090.0,25540.0,13010.0,128660.0,70500.0,59700.0,47020.0,7800.0,14020.0,18710.0,37100.0,23230.0,40370.0,60660.0,19570.0,14440.0,20330.0,78080.0,56990.0,18410.0,85500.0,16560.0
2024-12-27,18390.0,35830.0,13660.0,26210.0,125920.0,64480.00000000001,30270.0,19240.0,19970.0,27290.0,13090.0,130770.00000000001,70400.0,59600.0,47110.0,7800.0,14020.0,18890.0,37400.0,23480.0,40370.0,60710.0,19430.0,14650.0,20280.0,77850.0,56990.0,18410.0,85500.0,16560.0
2024-12-30,18280.0,35000.0,13770.0,26280.0,126680.0,64200.0,30120.0,20550.0,19900.0,27770.0,12970.0,143770.0,70100.0,59210.0,47350.0,7760.0,13860.0,18780.0,37850.0,23280.0,40370.0,60590.0,19410.0,14440.0,20280.0,77000.0,56550.0,18410.0,85500.0,16560.0
2024-12-31,18580.0,34360.0,13960.0,25540.0,128370.0,64099.99999999999,29920.0,19660.0,19830.0,27510.0,13120.0,141000.0,70000.0,59210.0,46860.0,7760.0,13900.0,18500.0,36900.0,23520.0,40370.0,60060.0,19260.0,14390.0,20280.0,76920.0,56630.0,18360.0,85500.0,16560.0
2025-01-02,18430.0,34960.0,13900.0,25730.0,127940.0,64099.99999999999,30070.0,19350.0,20090.0,27510.0,13170.0,136580.0,70800.0,58820.0,46930.0,7760.0,13900.0,18420.0,37000.0,23230.0,40370.0,60520.0,19260.0,14390.0,20280.0,76850.0,56360.0,18310.0,85500.0,16710.0
2025-01-03,18070.0,34960.0,13530.0,25120.0,125420.0,64010.00000000001,29870.0,18850.0,19790.0,26760.0,12910.0,131320.0,69700.0,56880.0,46430.0,7760.0,13940.0,18000.0,36100.0,22520.0,40370.0,60590.0,19260.0,13990.0,20250.0,76540.0,56280.0,17930.0,85500.0,16610.0
2025-01-06,17850.0,35500.0,13410.0,25120.0,125660.0,63540.0,28990.0,18890.0,19380.0,26670.0,12760.0,131870.0,67200.0,55330.0,45250.0,7800.0,13900.0,17680.0,36250.0,22520.0,40370.0,61180.0,19260.0,13990.0,20250.0,76690.0,55830.0,17980.0,85500.0,16560.0
2025-01-07,18000.0,36970.0,13220.0,25300.0,126350.0,63070.0,27900.0,18700.0,19380.0,27030.0,13010.0,130550.00000000001,66800.0,55430.0,45340.0,7760.0,13940.0,17430.0,36900.0,22570.0,40370.0,60780.0,19260.0,14130.0,20250.0,76540.0,55110.0,17890.0,85500.0,16370.000000000002
2025-01-08,18000.0,36920.0,13220.0,25540.0,124820.0,63160.0,28250.0,17970.0,19530.0,27200.0,12990.0,129610.00000000001,67700.0,56400.0,45340.0,7800.0,14190.0,17540.0,36700.0,22850.0,40370.0,60850.0,19260.0,14210.0,20250.0,76460.0,55110.0,18030.0,85500.0,16370.000000000002
2025-01-09,17960.0,36560.0,13220.0,25260.0,125250.0,63070.0,28200.0,17230.0,19350.0,26930.0,12930.0,127280.0,67300.0,56010.0,45250.0,7760.0,14150.0,17320.0,36400.0,22850.0,40370.0,60520.0,19450.0,14210.0,20380.0,76380.0,55210.0,17890.0,85500.0,16420.0
2025-01-10,17780.0,35780.0,13220.0,25330.0,123980.0,62780.0,27610.0,16660.0,19010.0,26580.0,12710.0,128229.99999999999,65500.0,55810.0,45250.0,7690.0,14440.0,16830.0,35200.0,22330.0,40370.0,60200.0,19260.0,14100.0,20250.0,75850.0,54760.0,17700.0,85500.0,16270.0
2025-01-13,17820.0,35960.0,13220.0,25470.0,124240.0,62500.0,27700.0,16730.0,19260.0,27030.0,12930.0,127170.0,65000.0,55620.0,45670.0,7690.0,14520.0,17150.0,35300.0,22710.0,40370.0,60520.0,19260.0,14170.0,20150.0,75850.0,54840.0,17510.0,85500.0,16129.999999999998
2025-01-14,17750.0,35690.0,13220.0,24960.0,122130.0,62970.0,27360.0,16309.999999999998,19230.0,27160.0,12800.0,126070.0,63700.0,55530.0,46010.0,7650.0,14480.0,17000.0,35400.0,22520.0,40370.0,60400.0,19260.0,14170.0,20100.0,75770.0,55020.0,17360.0,85500.0,15550.0
2025-01-15,17920.0,35870.0,13220.0,24820.0,122470.0,62880.0,27800.0,16690.0,19490.0,27290.0,12830.0,124960.0,65800.0,55620.0,46430.0,7690.0,14690.0,17150.0,35100.0,22610.0,40370.0,60200.0,19260.0,14360.0,20130.0,75920.0,55110.0,17600.0,85500.0,15930.0
2025-01-16,17890.0,36050.0,13220.0,24860.0,123310.0,62970.0,28050.0,16730.0,19570.0,27690.0,12860.0,122750.0,66300.0,56110.0,45580.0,7690.0,14770.0,17320.0,35450.0,22750.0,40370.0,61050.0,19260.0,14390.0,20230.0,76080.0,55290.0,17600.0,85500.0,15980.0
2025-01-17,17960.0,36150.0,13220.0,25120.0,125420.0,62880.0,28350.0,17350.0,19710.0,28080.0,12930.0,124860.0,65900.0,56010.0,45080.0,7720.0,14850.0,17430.0,35750.0,23280.0,40370.0,60910.0,19310.0,14500.0,20230.0,76150.0,55380.0,17650.0,85500.0,15980.0
2025-01-20,18000.0,36510.0,12880.0,25190.0,126260.0,63720.0,28300.0,17730.0,19670.0,27860.0,13140.0,120650.0,65500.0,55810.0,45670.0,7720.0,14940.0,17390.0,35950.0,23280.0,40370.0,60400.0,19260.0,14680.0,20200.0,76000.0,55290.0,17600.0,85500.0,16030.000000000002
2025-01-21,17960.0,36420.0,12400.0,25190.0,126170.0,63160.0,28000.0,17460.0,19570.0,28040.0,13140.0,117710.0,65700.0,56010.0,45250.0,7720.0,15310.0,17350.0,36050.0,23090.0,40370.0,60200.0,19260.0,14680.0,20230.0,76000.0,55210.0,17600.0,85500.0,16030.000000000002
2025-01-22,17890.0,36150.0,12580.0,25190.0,126000.0,62880.0,27610.0,16960.0,19450.0,29400.0,13100.0,118220.0,65200.0,55720.0,45340.0,7690.0,15560.0,17320.0,36350.0,23090.0,40370.0,60060.0,19020.0,14580.0,20200.0,76000.0,55020.0,17550.0,85500.0,15740.0
2025-01-23,18210.0,36510.0,12550.0,25730.0,129870.0,63070.0,28050.0,17270.0,19830.0,31070.0,13340.0,118490.0,65400.00000000001,57460.0,45580.0,7760.0,15560.0,17860.0,37000.0,23480.0,40370.0,60910.0,19020.0,14940.0,20200.0,76150.0,55380.0,18080.0,85500.0,15890.0
2025-01-24,18250.0,36610.0,12430.0,25670.0,129120.0,63910.0,28400.0,17460.0,19750.0,31550.0,13460.0,119820.0,68000.0,58340.0,45420.0,7800.0,15560.0,17930.0,37000.0,23610.0,40370.0,60980.0,19020.0,15090.0,20200.0,76770.0,55560.0,18080.0,85500.0,15980.0
2025-02-03,18070.0,36050.0,12680.0,25690.0,122470.0,63160.0,28840.0,17270.0,19650.0,30900.0,13250.0,118770.0,68000.0,57850.0,44490.0,7910.0,15520.0,17600.0,36550.0,23130.0,40370.0,60330.0,18780.0,14680.0,20030.0,76000.0,54040.0,17700.0,85500.0,15740.0
2025-02-04,18180.0,36280.0,12770.0,26610.0,123060.0,63160.0,29090.0,17430.0,19970.0,30900.0,13490.0,121040.0,68600.0,57850.0,44490.0,7980.0,15600.0,17960.0,37300.0,23520.0,40370.0,60590.0,18660.0,14870.0,20050.0,75540.0,53770.0,17930.0,85500.0,15740.0
2025-02-05,18280.0,36230.0,12710.0,26570.0,123140.0,63820.0,29040.0,17430.0,19940.0,31600.0,13530.0,121600.0,67500.0,57660.0,44830.0,7910.0,15470.0,17780.0,37250.0,23560.0,40370.0,60980.0,18710.0,14900.0,20030.0,75150.0,54940.0,18230.0,85500.0,16270.0
2025-02-06,18360.0,36420.0,12550.0,26680.0,123310.0,63630.0,28790.0,17700.0,19940.0,32130.000000000004,13590.0,122750.0,67400.0,57370.0,44490.0,7940.0,15470.0,17780.0,37350.0,24040.0,40370.0,61180.0,18680.0,14940.0,20230.0,75380.0,54210.0,18230.0,85500.0,16129.999999999998
2025-02-07,18500.0,37050.0,12460.0,27560.0,122980.0,63350.0,28990.0,17660.0,19830.0,32130.000000000004,13680.0,121650.0,67700.0,57170.0,44240.0,7980.0,15520.0,17750.0,37450.0,24570.0,40370.0,61250.0,18660.0,14980.0,20330.0,75460.0,54310.0,18130.0,85500.0,16270.0
2025-02-10,18580.0,36920.0,12490.0,27220.0,119520.0,63350.0,28400.0,17430.0,18900.0,32180.0,13770.0,121260.0,68800.0,55720.0,44070.0,7980.0,15520.0,17680.0,38450.0,24570.0,40370.0,60710.0,18200.0,14980.0,20000.0,74460.0,54140.0,18030.0,85500.0,16030.000000000002
2025-02-11,18610.0,37010.0,12370.0,27490.0,122390.0,63070.0,28490.0,17390.0,19420.0,32570.0,13830.0,121630.0,68700.0,54750.0,43560.0,8140.000000000001,15720.0,17540.0,38500.0,24710.0,40370.0,60520.0,18180.0,15090.0,19980.0,74230.0,53960.0,18080.0,85500.0,15840.0
2025-02-12,18460.0,36610.0,12340.0,27350.0,122050.0,63160.0,28350.0,17390.0,19230.0,32870.0,13640.0,121230.0,69000.0,54750.0,43820.0,8060.000000000001,15720.0,17580.0,38650.0,24520.0,40370.0,60260.0,18300.0,14980.0,19950.0,73920.0,54480.0,18080.0,85500.0,15840.0
2025-02-13,18500.0,36610.0,12150.0,27600.0,120450.0,62780.0,29040.0,17500.0,19260.0,33190.0,13770.0,121000.0,68900.0,53190.0,43640.0,8140.000000000001,15810.0,17600.0,38800.0,24760.0,40370.0,60330.0,18660.0,14940.0,20130.0,74000.0,54210.0,18080.0,85500.0,16079.999999999998
2025-02-14,18530.0,37190.0,12310.0,27390.0,121960.0,63720.0,29920.0,17620.0,19420.0,33010.0,13740.0,118880.0,68100.0,53590.0,43560.0,8170.0,16180.0,17680.0,38250.0,24810.0,40370.0,60330.0,18680.0,14940.0,20130.0,74380.0,53860.0,18180.0,85500.0,16030.000000000002
2025-02-17,18580.0,36780.0,12310.0,27120.0,120870.0,63820.0,30120.0,17460.0,19450.0,32790.0,13620.0,116830.0,66400.0,52510.0,43140.0,8330.0,16470.0,17750.0,38300.0,24520.0,40370.0,60330.0,18680.0,14870.0,20050.0,75000.0,53590.0,18030.0,85500.0,15890.0
2025-02-18,18530.0,37050.0,12270.0,27220.0,121120.0,64010.00000000001,30420.0,17500.0,19750.0,32210.0,13640.0,117140.0,66400.0,52910.0,43220.0,8290.0,16390.0,17860.0,38650.0,24660.0,40370.0,60330.0,18730.0,14900.0,20100.0,74920.0,53860.0,18130.0,85500.0,16270.0
2025-02-19,18580.0,37380.0,12490.0,27350.0,121210.0,64670.0,31210.0,17580.0,19710.0,32310.000000000004,13740.0,119500.0,67700.0,54170.0,43310.0,8330.0,16260.000000000002,18000.0,38750.0,24910.0,40370.0,60400.0,18830.0,15010.0,20200.0,74920.0,54310.0,18230.0,85500.0,16610.0
2025-02-20,18680.0,37430.0,12400.0,27600.0,120370.0,64760.00000000001,31900.0,17620.0,19750.0,31950.0,13740.0,119500.0,68000.0,55040.0,43380.0,8290.0,16260.000000000002,17930.0,38750.0,25330.0,40370.0,60400.0,19530.0,15010.0,20480.0,74540.0,54210.0,18360.0,85500.0,16760.0
2025-02-21,18860.0,37430.0,12340.0,28030.0,119520.0,64379.99999999999,31940.0,17770.0,19670.0,32040.0,13770.0,118880.0,67600.0,56400.0,43730.0,8330.0,16219.999999999998,18000.0,38850.0,25290.0,40370.0,61310.0,19410.0,15050.0,20330.0,74310.0,54840.0,18610.0,85500.0,16660.0
2025-02-24,18830.0,37610.0,12340.0,28290.0,118260.0,64569.99999999999,31990.0,18080.0,20610.0,32390.0,13830.0,117460.0,67600.0,56690.0,44240.0,8450.0,16300.0,18350.0,39400.0,25290.0,40370.0,61580.0,19380.0,15200.0,20300.0,74310.0,56990.0,18700.0,85500.0,16760.0
2025-02-25,18710.0,37750.0,12520.0,28270.0,117000.0,64670.0,31650.0,17890.0,20460.0,32439.999999999996,14060.0,117380.0,68400.0,56590.0,44240.0,8450.0,16260.000000000002,18350.0,39250.0,25190.0,40370.0,60980.0,19620.0,15160.0,20350.0,73920.0,56190.0,18510.0,85500.0,16660.0
2025-02-26,18680.0,37700.0,12400.0,27930.0,119360.0,64379.99999999999,32140.0,17770.0,20640.0,32479.999999999996,13940.0,116990.0,68300.0,56980.0,44070.0,8490.0,16010.000000000002,18350.0,38550.0,25090.0,40370.0,60780.0,19600.0,15050.0,20500.0,74690.0,56360.0,18410.0,85500.0,16560.0
2025-02-27,18790.0,37480.0,12400.0,28030.0,118940.0,64010.00000000001,32240.000000000004,17890.0,21160.0,32350.0,13940.0,117540.0,68400.0,56880.0,44070.0,8450.0,16180.0,18530.0,38300.0,25040.0,40370.0,61900.0,19770.0,15090.0,20530.0,74540.0,55560.0,18460.0,85500.0,16610.0
2025-02-28,18710.0,37480.0,12520.0,28030.0,118090.0,64010.00000000001,32930.0,17770.0,20830.0,31820.0,13830.0,117140.0,67700.0,56590.0,43480.0,8410.0,16100.000000000002,18670.0,38250.0,24910.0,40370.0,61450.0,19840.0,15160.0,20600.0,73850.0,55560.0,18460.0,85500.0,16800.0
2025-03-03,18710.0,37480.0,12620.0,27860.0,118260.0,64569.99999999999,32630.000000000004,17730.0,20860.0,31600.0,13890.0,117140.0,68000.0,57080.0,43640.0,8340.0,16140.0,18890.0,38850.0,24910.0,40370.0,61450.0,20490.0,15340.0,21030.0,74540.0,56450.0,18360.0,85500.0,17090.0
2025-03-04,18830.0,37340.0,12460.0,28100.0,117840.0,65040.00000000001,33030.0,17700.0,20720.0,31250.0,14060.0,116990.0,69100.0,57760.0,43900.0,8380.0,16140.0,18710.0,39200.0,26240.0,40370.0,61250.0,20250.0,15420.0,20980.0,74460.0,56720.0,18270.0,85500.0,17090.0
2025-03-05,18830.0,37190.0,12270.0,27830.0,117080.0,64379.99999999999,32540.0,17660.0,20500.0,31510.0,14160.0,116590.0,68200.0,57850.0,43730.0,8400.0,16140.0,18530.0,38800.0,26050.0,40370.0,61250.0,20560.0,15340.0,21130.0,74150.0,56010.0,18180.0,85500.0,17140.0
2025-03-06,19010.0,37340.0,12120.0,28140.0,119190.0,64290.00000000001,33520.0,17770.0,20790.0,31300.0,14490.0,116750.0,69200.0,60080.0,43380.0,8410.0,16140.0,19100.0,39500.0,26430.0,40370.0,61580.0,21000.0,15310.0,21180.0,74230.0,56190.0,18310.0,85500.0,17240.0
2025-03-07,19190.0,37650.0,12180.0,28640.0,119010.0,63820.0,33030.0,18040.0,20860.0,31160.0,14730.0,117060.0,69000.0,60080.0,43220.0,8410.0,16300.0,19100.0,39750.0,26470.0,40370.0,62630.0,21650.0,15310.0,22650.0,74620.0,56010.0,18410.0,85500.0,17580.0
2025-03-10,19040.0,37880.0,12090.0,28670.0,117250.0,63820.0,32830.0,18270.0,20790.0,30640.0,14730.0,116200.0,68900.0,60380.0,43380.0,8410.0,16430.0,18920.0,40000.0,26520.0,40370.0,63750.0,21810.0,15310.0,23650.0,75150.0,55830.0,18560.0,85500.0,17630.0
2025-03-11,19040.0,37880.0,11910.0,28780.0,115740.0,63440.0,32930.0,18350.0,20950.0,30500.0,14900.0,115490.0,68900.0,61160.0,43220.0,8400.0,16430.0,18960.0,39900.0,26720.0,40370.0,63750.0,21910.0,15200.0,23650.0,75150.0,55740.0,18850.0,85500.0,17580.0
2025-03-12,18930.0,37430.0,12000.0,28810.0,114380.0,63910.0,32340.000000000004,18240.0,20680.0,31070.0,14790.0,117930.0,68700.0,60860.0,43140.0,8390.0,16470.0,18960.0,39750.0,26570.0,40370.0,65670.0,22610.0,14980.0,24050.0,74920.0,55560.0,18750.0,85500.0,17670.0
2025-03-13,18790.0,36780.0,11820.0,28570.0,114900.0,64290.00000000001,32540.0,17850.0,20610.0,31070.0,14610.0,116590.0,70400.0,59700.0,43140.0,8410.0,16430.0,19140.0,39000.0,26050.0,40370.0,64489.99999999999,23020.0,14830.0,25700.0,74850.0,55380.0,18410.0,85500.0,18160.0
2025-03-14,18710.0,36970.0,11600.0,28570.0,110610.0,63720.0,32830.0,17890.0,20500.0,30770.0,14610.0,114710.0,71100.0,59700.0,43560.0,8990.0,16430.0,19140.0,38850.0,26050.0,40370.0,64980.00000000001,23070.0,14870.0,26100.0,75850.0,55470.0,18750.0,85500.0,18110.0
2025-03-17,18860.0,36920.0,11820.0,28780.0,109430.0,64200.0,32590.000000000004,18040.0,20720.0,30540.0,14610.0,111950.0,70500.0,60180.0,43560.0,9450.0,16430.0,19170.0,38850.0,26190.0,40370.0,66260.0,23020.0,14980.0,26050.0,76230.0,56280.0,19330.0,85500.0,18060.0
2025-03-18,18930.0,36610.0,12180.0,28360.0,109430.0,65040.00000000001,32930.0,17930.0,20540.0,31160.0,14370.0,110150.0,69600.0,59990.0,43140.0,9750.0,16350.000000000002,19020.0,38400.0,26140.0,40370.0,65770.0,22780.0,14900.0,25650.0,75690.0,55830.0,18940.0,85500.0,17820.0
2025-03-19,18860.0,36420.0,12060.0,28070.0,104880.0,64760.00000000001,34310.0,17770.0,20270.0,31650.0,14340.0,108490.0,68500.0,57760.0,42890.0,9790.0,16430.0,18850.0,38400.0,26000.0,40370.0,65470.0,22800.0,14980.0,25950.0,75230.0,55650.0,18610.0,85500.0,17820.0
2025-03-20,18890.0,36420.0,12000.0,28100.0,105210.0,64569.99999999999,34010.0,17810.0,20190.0,31300.0,14580.0,109440.0,68400.0,58240.0,42720.0,9880.0,16470.0,18850.0,38900.0,26190.0,40370.0,65770.0,22800.0,14900.0,25750.0,74000.0,55210.0,18750.0,85500.0,17770.0
2025-03-21,18790.0,36100.0,11940.0,28140.0,107740.0,63720.0,34060.0,17730.0,20190.0,30640.0,14610.0,110450.0,67900.0,58530.0,42470.0,9880.0,16470.0,18890.0,38650.0,26090.0,40370.0,64980.00000000001,23230.0,14830.0,26500.0,74310.0,54760.0,18650.0,85500.0,17820.0
2025-03-24,18970.0,35780.0,11850.0,28230.0,108580.0,63250.0,33670.0,17460.0,20190.0,30060.0,14670.0,109120.0,68500.0,58530.0,42120.0,10430.0,16390.0,19280.0,38600.0,26720.0,40370.0,65470.0,24700.0,14580.0,28350.0,74310.0,54840.0,18750.0,85500.0,18490.0
2025-03-25,18930.0,36320.0,11910.0,28570.0,106480.0,63250.0,34110.0,17540.0,20240.0,29930.0,14540.0,109280.0,68500.0,58730.0,41830.0,10430.0,16430.0,19100.0,38650.0,26620.0,40370.0,65180.00000000001,24800.0,14650.0,28450.0,74380.0,54840.0,18650.0,85500.0,19120.0
2025-03-26,18830.0,36180.0,12030.0,28200.0,103530.0,63540.0,34010.0,17540.0,20500.0,29440.0,14430.0,109440.0,68300.0,59020.0,41830.0,10290.0,16219.999999999998,18820.0,38600.0,26720.0,40370.0,64780.0,24800.0,14580.0,28500.0,74380.0,54670.0,18510.0,85500.0,19270.0
2025-03-27,18710.0,35780.0,11970.0,28100.0,106230.0,63250.0,34460.0,17460.0,20460.0,29050.0,14370.0,113210.0,69400.0,58630.0,41830.0,10670.0,16260.000000000002,18670.0,38250.0,26470.0,40370.0,64489.99999999999,24650.0,14610.0,28550.0,74230.0,54580.0,18410.0,85500.0,18980.0
2025-03-28,18680.0,35780.0,11760.0,27930.0,104370.0,62880.0,34310.0,17160.0,20190.0,29440.0,14370.0,113450.0,68500.0,58050.0,41630.0,10670.0,16350.000000000002,18710.0,38250.0,26290.0,40370.0,63800.0,24650.0,14460.0,29000.0,73850.0,53860.0,18410.0,85500.0,18830.0
2025-03-31,18710.0,35450.0,11600.0,28000.0,101850.0,62880.0,31940.0,17040.0,19900.0,29270.0,14490.0,113210.0,66800.0,57270.0,41280.0,10470.0,16219.999999999998,18460.0,38300.0,26240.0,40370.0,63020.0,24700.0,14500.0,29000.0,73080.0,54140.0,18180.0,85500.0,18490.0
2025-04-01,18760.0,35690.0,11910.0,28270.0,101430.0,63540.0,31400.0,17310.0,20090.0,29400.0,14790.0,111640.0,66200.0,56880.0,41650.0,10470.0,16219.999999999998,18500.0,39700.0,26670.0,40370.0,63500.0,25520.0,14610.0,29850.0,73230.0,54310.0,18310.0,85500.0,19320.0
2025-04-02,18680.0,35410.0,11850.0,28330.0,102700.0,63160.0,31450.0,17310.0,20270.0,29130.0,14640.0,110060.0,66000.0,57080.0,41630.0,10550.0,15930.0,18780.0,39250.0,26620.0,40370.0,63800.0,25520.0,14580.0,30200.0,73080.0,54040.0,18310.0,85500.0,19460.0
2025-04-03,17390.0,32940.0,11030.0,26370.0,95530.0,58830.0,29280.0,16120.000000000002,18850.0,27110.0,13620.0,96710.0,61400.0,53090.0,38710.0,9830.0,15520.0,17470.0,36550.0,24760.0,40370.0,59370.0,23740.0,13590.0,28100.0,68000.0,50470.0,17080.0,85500.0,18110.0
2025-04-04,17140.0,32940.0,10250.0,26140.0,95120.0,55250.0,27260.0,16040.0,18300.0,29000.0,13490.0,100630.0,58000.0,51250.0,36590.0,10120.0,15930.0,16870.0,37400.0,24520.0,40370.0,59080.0,24220.0,13660.0,29150.0,66380.0,52260.0,16690.0,85500.0,18160.0
2025-04-08,15950.0,30650.0,9550.0,24320.0,88470.0,51390.0,25390.0,14920.0,17040.0,27460.0,12570.0,86400.0,54000.0,47710.0,35960.0,9450.0,15760.0,15690.0,34800.0,22850.0,40370.0,54940.0,22630.0,12710.0,27550.0,63540.0,48680.0,15540.0,85500.0,16900.0
2025-04-09,15690.0,29690.0,8910.0,22830.0,88630.0,47820.0,23610.0,14030.0,15850.0,27720.0,12410.0,89620.0,50300.0,44890.0,37230.0,9210.0,16010.000000000002,14630.0,33100.0,22520.0,40370.0,51690.0,23350.0,12380.0,28500.0,60850.0,46450.0,15260.0,85500.0,17380.0
2025-04-10,16770.0,31760.0,9520.0,24410.0,94770.0,51110.0,25240.0,15000.0,16930.0,29660.0,13250.0,101420.0,53800.0,48000.0,39800.0,9830.0,17130.0,15620.0,35400.0,24090.0,40370.0,55230.0,24940.0,13220.0,30450.0,65080.0,49660.0,16309.999999999998,85500.0,18590.0
2025-04-11,17890.0,33630.0,9890.0,25930.0,99750.0,54690.0,25630.0,15960.0,18080.0,30110.0,14090.0,100630.0,57100.0,51350.0,41360.0,10210.0,16590.0,16650.0,37850.0,25380.0,40370.0,58880.0,25760.0,13630.0,32549.999999999996,65690.0,51360.0,16690.0,85500.0,18740.0
2025-04-14,17850.0,33850.0,10200.0,25870.0,99750.0,55720.0,25830.0,16190.000000000002,18850.0,29790.0,14090.0,95520.0,60000.0,54940.0,41790.0,10210.0,15890.0,17110.0,37800.0,25330.0,40370.0,58380.0,27540.0,13700.0,34800.0,65770.0,50820.0,16550.0,85500.0,19600.0
2025-04-15,17350.0,33400.0,9770.0,25500.0,97650.0,54780.0,24060.0,15850.0,19230.0,29180.0,13830.0,92760.0,58500.0,55430.0,41110.0,10000.0,15430.0,16540.0,38450.0,24810.0,40370.0,59080.0,27690.0,13480.0,35250.0,64080.0,50290.0,16160.0,85500.0,19600.0
2025-04-16,17490.0,32940.0,9550.0,25120.0,90820.0,54690.0,23170.0,15920.0,18970.0,28740.0,13770.0,91750.0,56400.0,55130.0,40180.0,10080.0,15520.0,16329.999999999998,38150.0,24610.0,40370.0,58380.0,27210.0,13300.0,33950.0,65690.0,50030.0,16070.0,85500.0,19700.0
2025-04-17,17490.0,32810.0,9640.0,25160.0,92080.0,54690.0,23860.0,15960.0,18970.0,29580.0,13830.0,89700.0,57300.0,55130.0,39670.0,10120.0,16059.999999999998,16400.0,38300.0,24810.0,40370.0,57200.0,27350.0,13140.0,35500.0,67690.0,50030.0,15830.0,85500.0,19700.0
2025-04-18,17640.0,32890.0,9770.0,25300.0,93940.0,54970.0,24160.0,16040.0,18940.0,29840.0,13980.0,92760.0,58000.0,54550.0,39970.0,10800.0,16059.999999999998,16580.0,38550.0,24810.0,40370.0,57200.0,26480.0,13370.0,33050.0,66540.0,50550.0,16210.0,85500.0,19700.0
2025-04-21,17350.0,32250.0,9610.0,25160.0,94020.0,54690.0,23370.0,15730.0,18560.0,29100.0,13800.0,90410.0,58100.0,53970.0,39760.0,11100.0,15810.0,16260.000000000002,40450.0,24570.0,40370.0,57300.0,26480.0,13410.0,30750.0,64620.00000000001,50650.0,15980.0,85500.0,19700.0
2025-04-22,17350.0,32110.0,9190.0,25050.0,92920.0,54120.0,21990.0,15650.0,18640.0,29270.0,13890.0,87270.0,58700.0,55620.0,39340.0,11100.0,15930.0,15800.0,40650.0,24000.0,40370.0,57600.0,27690.0,13290.0,29500.0,64230.00000000001,50030.0,15880.0,85500.0,19890.0
2025-04-23,17710.0,32350.0,9430.0,25190.0,92920.0,54120.0,22820.0,15690.0,19010.0,29310.0,14060.0,88750.0,59600.0,57080.0,41030.0,10930.0,15350.0,16149.999999999998,40200.0,24910.0,40370.0,57100.0,28170.0,13410.0,29300.0,65920.0,50380.0,15980.0,85500.0,21200.0
2025-04-24,17390.0,32439.999999999996,9610.0,25260.0,94280.0,54120.0,23220.0,16390.0,19050.0,29050.0,13980.0,89940.0,59900.0,57950.0,41530.0,10840.0,15430.0,16329.999999999998,40200.0,24570.0,40370.0,57300.0,29470.0,13410.0,31350.0,65920.0,50290.0,15930.0,85500.0,22020.0
2025-04-25,17210.0,32020.000000000004,9830.0,25090.0,94610.0,55070.0,23470.0,16390.0,19130.0,28430.0,14160.0,92760.0,62000.0,58730.0,41790.0,10750.0,15020.0,16190.000000000002,39150.0,24760.0,40370.0,56610.0,30000.0,13180.0,33500.0,70000.0,52080.0,15780.0,85500.0,22020.0
2025-04-28,17240.0,31620.0,9890.0,24890.0,92170.0,54970.0,23170.0,16580.0,19080.0,28870.0,14250.0,94500.0,62500.0,59120.0,43220.0,10670.0,15430.0,16370.000000000002,39250.0,24810.0,40370.0,56610.0,28170.0,13180.0,34000.0,68540.0,51360.0,15830.0,85500.0,22310.0
2025-04-29,17310.0,31620.0,9830.0,25120.0,92080.0,54880.0,23370.0,16540.0,18970.0,28650.0,14160.0,94030.0,62500.0,59020.0,40610.0,10590.0,15270.0,16290.0,39100.0,25090.0,40370.0,56410.0,28120.0,13180.0,34000.0,66150.0,51450.0,15830.0,85500.0,22840.0
2025-05-05,17310.0,31900.0,9860.0,25230.0,91410.0,55070.0,24500.0,16350.000000000002,19130.0,28300.0,14160.0,93950.0,62500.0,59210.0,40440.0,10670.0,15310.0,16400.0,39500.0,25290.0,40370.0,56220.0,29320.0,13320.0,35000.0,68920.0,50820.0,15880.0,85500.0,24050.0
2025-05-06,17270.0,31980.0,10110.0,25400.0,92340.0,56100.0,23960.0,16390.0,18940.0,27950.0,14160.0,92760.0,62000.0,58730.0,40390.0,10500.0,15310.0,16430.0,38850.0,25620.0,40370.0,56120.0,29320.0,13290.0,35250.0,68460.0,50820.0,16160.0,85500.0,24050.0
2025-05-07,17270.0,31930.0,10810.0,25300.0,92340.0,56950.0,24500.0,16149.999999999998,18900.0,28340.0,13980.0,92760.0,60900.0,58340.0,40560.0,10590.0,15390.0,16219.999999999998,38850.0,25760.0,40370.0,56120.0,29850.0,13260.0,36700.0,68380.0,51090.0,16260.000000000002,85500.0,24050.0
2025-05-08,17390.0,32439.999999999996,10990.0,25360.0,96210.0,57790.0,26180.0,16390.0,19130.0,29100.0,14160.0,92840.0,63000.0,58530.0,40980.0,10840.0,15520.0,16400.0,39500.0,26140.0,40370.0,56220.0,29950.0,13370.0,39250.0,69080.0,51280.0,16260.000000000002,85500.0,24140.0
2025-05-09,17390.0,32110.0,11030.0,25300.0,97650.0,57510.0,26280.0,16350.000000000002,19080.0,30370.0,14130.0,94500.0,62800.0,58630.0,41360.0,10840.0,15520.0,16290.0,39750.0,26340.0,40370.0,55730.0,29950.0,13320.0,38250.0,68850.0,51540.0,16260.000000000002,85500.0,24140.0
2025-05-12,17570.0,32250.0,11110.0,25570.0,99580.0,58640.0,27560.0,16580.0,18900.0,30640.0,14300.0,98120.0,62000.0,59020.0,41750.0,11050.0,15760.0,16470.0,40000.0,28050.0,40370.0,55730.0,30000.0,13670.0,39700.0,69540.0,52340.0,16600.0,85500.0,24630.0
2025-05-13,17710.0,32759.999999999996,11110.0,26610.0,100580.0,58360.0,28250.0,16810.0,19190.0,30590.0,14730.0,100630.0,62100.0,61640.0,41580.0,11010.0,15520.0,16620.0,40100.0,28050.0,40370.0,55920.0,29850.0,13710.0,39800.0,69620.0,52260.0,16930.0,85500.0,24530.0
2025-05-14,17850.0,34270.0,11110.0,26750.0,106320.0,58270.0,27610.0,17120.0,19450.0,31420.0,14730.0,103470.0,62300.0,62120.0,41790.0,10930.0,15640.0,16970.0,40000.0,28480.0,40370.0,57790.0,29080.0,13940.0,39900.0,71540.0,51980.0,18080.0,91400.0,23850.0
2025-05-15,18390.0,34230.0,11030.0,26850.0,105210.0,58360.0,27700.0,17160.0,19450.0,32610.0,15060.0,105030.0,62800.0,62420.0,42470.0,11510.0,16100.000000000002,16970.0,40700.0,28530.0,40370.0,57790.0,27930.0,14250.0,39900.0,70000.0,52530.0,18230.0,97700.0,23320.0
2025-05-16,18320.0,33500.0,10870.0,26340.0,101850.0,58170.0,27310.0,16920.0,19190.0,32130.000000000004,14820.0,101570.0,62500.0,61940.0,42640.0,11300.0,15760.0,16830.0,39800.0,28100.0,40370.0,56610.0,27930.0,13900.0,40000.0,69230.0,51980.0,17730.0,101000.0,23660.0
2025-05-19,18280.0,33120.0,10680.0,26410.0,99490.0,57140.0,26820.0,16960.0,19080.0,30900.0,14790.0,100160.0,62000.0,61840.0,41950.0,11220.0,15600.0,16580.0,39000.0,28150.0,40370.0,56120.0,28310.0,13670.0,42800.0,67690.0,51790.0,17880.0,98200.0,23900.0
2025-05-20,18430.0,33120.0,10680.0,26680.0,100330.0,56950.0,27310.0,17190.0,19080.0,31140.0,14940.0,99850.0,62700.0,62800.0,42050.0,11220.0,15640.0,16690.0,39500.0,29530.0,40370.0,56220.0,30290.0,13820.0,45750.0,67920.0,51710.0,17880.0,99500.0,24920.0
2025-05-21,18460.0,33120.0,10530.0,26640.0,99580.0,56760.0,26920.0,17270.0,19150.0,30760.0,15060.0,102200.0,63600.0,62420.0,41870.0,11340.0,15520.0,16580.0,41800.0,29480.0,40370.0,56220.0,32409.999999999996,13820.0,46750.0,67920.0,51240.0,18130.0,98000.0,24870.0
2025-05-22,18390.0,32940.0,10620.0,26250.0,98310.0,57420.0,26470.0,17000.0,19080.0,30140.0,14820.0,101260.0,64000.0,62420.0,41920.0,11300.0,15470.0,16580.0,41100.0,29100.0,40370.0,56020.0,32790.0,13780.0,46250.0,67080.0,50870.0,17980.0,92000.0,24480.0
2025-05-23,18610.0,32810.0,10750.0,26210.0,98570.0,59300.0,26620.0,17040.0,19050.0,30190.0,14820.0,100080.0,63200.0,62320.0,41750.0,11340.0,15470.0,16580.0,41800.0,28770.0,40370.0,55920.0,33130.0,13820.0,46500.0,67540.0,51140.0,17780.0,90300.0,24770.0
2025-05-26,18520.0,32810.0,10780.0,26510.0,98740.0,59300.0,28440.0,17430.0,19010.0,30710.0,14900.0,101970.0,63800.0,62610.0,41750.0,11420.0,15470.0,16750.0,41550.0,28960.0,40370.0,56120.0,35390.0,13860.0,47250.0,67540.0,51510.0,17830.0,90000.0,24630.0
2025-05-27,18480.0,33220.0,10810.0,26750.0,100160.0,59960.0,28990.0,17430.0,19010.0,30430.0,14890.0,101020.0,64000.0,62420.0,41750.0,11600.0,15310.0,16830.0,41500.0,29200.0,40370.0,55920.0,35780.0,14160.0,47250.0,68000.0,51240.0,17780.0,87200.0,24430.0
2025-05-28,18440.0,33400.0,11110.0,26710.0,99670.0,60340.0,29230.0,17160.0,19050.0,30190.0,14790.0,101420.0,63900.0,62520.0,41750.0,11600.0,15430.0,16830.0,41050.0,29100.0,40370.0,55920.0,36450.0,14010.0,48500.0,67690.0,51060.0,17690.0,88000.0,25790.0
2025-05-29,18350.0,33360.0,10900.0,26280.0,98570.0,60240.0,28990.0,17000.0,19010.0,30240.0,14730.0,100790.0,63400.0,62420.0,41580.0,11420.0,15270.0,16690.0,41300.0,29390.0,40370.0,55830.0,37030.0,13900.0,48500.0,67310.0,50960.0,17830.0,88500.0,26700.0
2025-05-30,18180.0,32940.0,10590.0,25870.0,98060.0,61180.0,28300.0,16730.0,19150.0,30050.0,14640.0,100240.0,62000.0,60280.0,41160.0,11390.0,15270.0,16650.0,40700.0,29050.0,40370.0,55530.0,37370.0,13600.0,49200.0,66920.0,50780.0,17640.0,89000.0,26560.0
2025-06-02,18180.0,32670.0,10960.0,25930.0,97720.0,61650.0,28890.0,16660.0,19010.0,30240.0,14790.0,99850.0,62100.0,59210.0,41490.0,11510.0,15350.0,16830.0,41800.0,29430.0,40370.0,55330.0,37080.0,13710.0,49000.0,68850.0,50500.0,17690.0,87500.0,25790.0
2025-06-03,18310.0,32850.0,10840.0,26040.0,98820.0,61940.0,29090.0,16850.0,19350.0,30240.0,14850.0,101020.0,63300.0,60570.0,41790.0,11680.0,15180.0,17390.0,41600.0,30150.0,40370.0,55920.0,37370.0,13750.0,49050.0,69080.0,51330.0,17980.0,87500.0,25590.0
2025-06-04,18180.0,32720.0,10990.0,26000.0,98570.0,61000.0,28740.0,16850.0,19300.0,30000.0,14760.0,100860.0,64099.99999999999,59500.0,42290.0,11600.0,15140.0,17190.0,41000.0,29910.0,40370.0,55730.0,37120.0,13750.0,49050.0,70620.0,52630.0,17930.0,88000.0,26030.0
2025-06-05,18090.0,32490.000000000004,10990.0,26040.0,98310.0,60050.0,28790.0,16690.0,19150.0,30050.0,14670.0,100630.0,65800.0,59890.0,41790.0,11510.0,15020.0,17000.0,41350.0,29680.0,40370.0,55430.0,36980.0,13670.0,49000.0,70230.0,52070.0,17780.0,88200.0,26080.0
2025-06-06,18090.0,32250.0,10990.0,25800.0,96800.0,59300.0,27950.0,16810.0,19380.0,29480.0,14520.0,101190.0,65000.0,58730.0,41400.0,11510.0,15100.0,16750.0,41750.0,28910.0,40370.0,55230.0,36600.0,13560.0,48500.0,69230.0,51140.0,17490.0,88200.0,25590.0
2025-06-09,18050.0,32250.0,10780.0,25670.0,97800.0,59580.0,27310.0,16540.0,19570.0,29530.0,14580.0,100320.0,64099.99999999999,58730.0,41230.0,11380.0,15060.0,16580.0,41950.0,28380.0,40370.0,55030.0,34040.0,13560.0,45150.0,68310.0,51140.0,17540.0,88200.0,24680.0
2025-06-10,18050.0,32210.0,10650.0,25570.0,97390.0,59210.0,27750.0,16580.0,19490.0,29720.0,14540.0,100550.0,64800.0,59700.0,41230.0,11470.0,15020.0,16580.0,42900.0,28670.0,40370.0,55030.0,34960.0,13560.0,45300.0,68460.0,51140.0,17640.0,88200.0,25590.0
2025-06-11,18050.0,32070.0,10620.0,25670.0,99230.0,58920.0,27360.0,16500.0,19420.0,29720.0,14580.0,100000.0,64800.0,60080.0,41360.0,11600.0,14980.0,16690.0,42850.0,28720.0,40370.0,54840.0,34720.0,13520.0,45100.0,67380.0,51060.0,17690.0,88200.0,25210.0
2025-06-12,18140.0,32299.999999999996,10750.0,26000.0,99320.0,59110.0,28150.0,16770.0,19940.0,29910.0,14850.0,100630.0,65800.0,61640.0,41750.0,11600.0,15060.0,16790.0,45000.0,29530.0,40370.0,55130.0,33710.0,13670.0,43400.0,68380.0,51710.0,17880.0,88200.0,24340.0
2025-06-13,18140.0,32530.0,11330.0,26960.0,97970.0,60620.0,26820.0,16660.0,19650.0,29860.0,14940.0,99770.0,65400.00000000001,61340.0,41450.0,11260.0,14890.0,16430.0,44900.0,29760.0,40370.0,55330.0,32940.0,13600.0,42750.0,67690.0,51330.0,17830.0,88200.0,23710.0
2025-06-16,18350.0,32810.0,11940.0,27220.0,101020.0,64849.99999999999,27610.0,16770.0,19900.0,29910.0,15090.0,99770.0,66800.0,62420.0,41830.0,11420.0,14890.0,16940.0,45500.0,30820.0,40370.0,55730.0,32450.000000000004,13900.0,42700.0,67540.0,52070.0,18470.0,94000.0,23660.0
2025-06-17,18270.0,32850.0,11630.0,27260.0,100850.0,65230.00000000001,28490.0,16890.0,19970.0,30570.0,15030.0,99850.0,67900.0,62520.0,42170.0,11510.0,14890.0,16940.0,46000.0,30910.0,40370.0,56320.0,33510.0,13820.0,43850.0,67460.0,51980.0,18470.0,95400.0,23710.0
2025-06-18,18350.0,32630.000000000004,11670.0,27120.0,99320.0,66740.0,28590.0,16920.0,20190.0,30190.0,15060.0,98190.0,67500.0,61840.0,41790.0,11470.0,14890.0,16750.0,47200.0,31290.0,40370.0,55830.0,34380.0,13710.0,44000.0,67460.0,51790.0,18180.0,94300.0,23810.0
2025-06-19,18350.0,32759.999999999996,11510.0,27490.0,98470.0,67580.0,29480.0,16960.0,20020.0,30620.0,15090.0,97250.0,67500.0,62120.0,41750.0,11330.0,15020.0,16970.0,47150.0,32439.999999999996,40370.0,55730.0,34520.0,13670.0,44700.0,68080.0,51890.0,18180.0,94200.0,23850.0
2025-06-20,18480.0,32940.0,11260.0,27900.0,98560.0,65420.0,28790.0,17080.0,20090.0,30140.0,15510.0,97330.0,67500.0,62220.0,41790.0,11420.0,15060.0,17030.0,46600.0,32439.999999999996,40370.0,56220.0,33800.0,13750.0,43400.0,68230.0,52340.0,18130.0,93500.0,23760.0
2025-06-23,18390.0,32810.0,11510.0,27930.0,98380.0,68340.0,29380.0,16920.0,19970.0,29860.0,15570.0,97250.0,68000.0,63100.0,41580.0,11330.0,15020.0,16870.0,46450.0,32250.0,40370.0,55730.0,35630.0,13670.0,46400.0,67310.0,51710.0,18080.0,94500.0,23900.0
2025-06-24,18350.0,32940.0,10960.0,28070.0,98900.0,65040.00000000001,29230.0,16920.0,20090.0,30050.0,15570.0,97010.0,69200.0,63000.0,41920.0,11330.0,15020.0,17260.0,46500.0,32439.999999999996,40370.0,55730.0,37220.0,13780.0,47900.0,67770.0,52160.0,18230.0,94600.0,24050.0
2025-06-25,18310.0,32810.0,10870.0,28170.0,99410.0,63540.0,30370.0,16810.0,20240.0,30050.0,15390.0,97570.0,70300.0,63100.0,42470.0,11380.0,15020.0,17390.0,46800.0,32250.0,40370.0,55730.0,37510.0,13820.0,47900.0,67000.0,52530.0,18080.0,94600.0,23810.0
2025-06-26,18270.0,32670.0,10900.0,28290.0,99320.0,64480.00000000001,30070.0,16730.0,20350.0,30050.0,15570.0,99210.0,72000.0,62610.0,42640.0,11420.0,15060.0,17390.0,46800.0,32490.000000000004,40370.0,55530.0,36600.0,13750.0,47500.0,67000.0,52160.0,18030.0,94600.0,23660.0
2025-06-27,18270.0,33030.0,10870.0,28330.0,99580.0,64010.00000000001,29920.0,16810.0,20400.0,30190.0,15450.0,99930.0,76800.0,63880.0,42720.0,11300.0,15060.0,17510.0,46350.0,32390.0,40370.0,55830.0,37080.0,13750.0,47750.0,67080.0,53460.0,18180.0,94600.0,23950.0
2025-06-30,18350.0,33220.0,10930.0,28290.0,100340.0,63820.0,29870.0,16810.0,20260.0,30470.0,15510.0,99600.0,76800.0,63580.0,42180.0,11260.0,15060.0,17540.0,46700.0,32630.000000000004,40370.0,56120.0,36930.0,13900.0,47800.0,67770.0,53640.0,18180.0,94600.0,23810.0
2025-07-01,18350.0,33500.0,10900.0,28290.0,100850.0,62500.0,30710.0,17040.0,20220.0,30380.0,15630.0,98510.0,75200.0,62610.0,41780.0,11210.0,14940.0,17350.0,46950.0,32820.0,40370.0,57300.0,36740.0,13900.0,47800.0,69620.0,53180.0,18130.0,94600.0,23950.0
2025-07-02,18350.0,33310.0,10900.0,28290.0,100680.0,62500.0,30810.0,17190.0,20450.0,30570.0,15660.0,98590.0,75200.0,62900.0,41640.0,11300.0,15060.0,18100.0,47550.0,33400.0,40370.0,57100.0,36600.0,13900.0,47700.0,69380.0,53360.0,18280.0,94600.0,24340.0
2025-07-03,18440.0,33220.0,10930.0,28710.0,100170.0,62310.0,29180.0,17390.0,20630.0,30710.0,15600.0,100550.0,74500.0,63480.0,41500.0,11330.0,15180.0,18280.0,46650.0,33250.0,40370.0,57010.0,36740.0,13940.0,47250.0,68460.0,53180.0,18320.0,94100.0,24190.0
2025-07-04,18830.0,33450.0,10990.0,28850.0,103990.0,62500.0,28890.0,17390.0,20750.0,30950.0,15630.0,100790.0,74600.0,64360.0,41640.0,11330.0,15350.0,18390.0,47050.0,33350.0,40370.0,57500.0,36600.0,13970.0,45950.0,69080.0,53460.0,18420.0,94100.0,24290.0
2025-07-07,19170.0,34040.0,10990.0,29990.0,105090.0,62600.0,29330.0,17970.0,21070.0,31660.0,15870.0,98790.0,74800.0,64550.0,41640.0,12120.0,15680.0,18670.0,47550.0,33680.0,40370.0,57700.0,37030.0,14200.0,46500.0,69230.0,53550.0,18960.0,94100.0,24630.0
2025-07-08,19170.0,34320.0,11170.0,29990.0,105690.0,63720.0,29580.0,18120.0,22050.0,31840.0,15870.0,97270.0,75600.0,65230.00000000001,42050.0,12340.0,15680.0,19210.0,47650.0,33680.0,40370.0,58090.0,38140.0,14270.0,46650.0,73080.0,54570.0,19260.0,94100.0,24920.0
2025-07-09,19340.0,34960.0,11170.0,30390.0,104240.0,64010.00000000001,29430.0,18660.0,22100.0,31330.0,15990.0,96300.0,75800.0,65720.0,42760.0,12210.0,15850.0,20270.0,47800.0,33300.0,40370.0,60550.0,39390.0,14550.0,47500.0,72310.0,55680.0,19700.0,94100.0,25880.0
2025-07-10,19430.0,35000.0,11480.0,30390.0,105180.0,64379.99999999999,29680.0,18780.0,22450.0,31470.0,15900.0,96220.0,76900.0,66010.0,43160.0,12520.0,15930.0,20550.0,47650.0,33200.0,40370.0,60460.0,41410.0,14500.0,50800.0,73850.0,55210.0,19800.0,93700.0,27480.0
2025-07-11,19560.0,35050.0,11290.0,30130.0,107480.0,63910.0,29580.0,18850.0,23210.0,31180.0,16050.0,95820.0,76500.0,65910.0,43210.0,12390.0,16010.000000000002,21050.0,47650.0,33350.0,40370.0,61740.0,42320.0,14690.0,54000.0,76920.0,55310.0,19800.0,92300.0,27620.0
2025-07-14,19560.0,35360.0,11330.0,29920.0,107890.0,64200.0,30220.0,18810.0,22990.0,31040.0,16120.000000000002,96790.0,75300.0,66980.0,43080.0,12340.0,15970.0,21120.0,47950.0,33490.0,40370.0,61440.0,42760.0,14740.0,56500.0,76150.0,55770.0,20630.0,92400.0,27670.0
2025-07-15,19340.0,34860.0,11290.0,29820.0,106970.0,63720.0,29680.0,18620.0,22760.0,31660.0,15990.0,95900.0,74500.0,67270.0,43120.0,12300.0,16010.000000000002,21650.0,47700.0,33200.0,40370.0,60460.0,42080.0,14690.0,55800.0,75000.0,55590.0,20390.0,92000.0,27190.0
2025-07-16,19340.0,35140.0,11360.0,30360.0,107220.0,63440.0,29430.0,18700.0,23300.0,31940.0,16050.0,96710.0,75000.0,67950.0,43080.0,12430.0,16100.000000000002,22430.0,47800.0,33630.0,40370.0,60840.0,42370.0,14660.0,58700.0,73850.0,55590.0,20490.0,91300.0,27810.0
2025-07-17,19340.0,35050.0,11420.0,30390.0,107810.0,63720.0,29630.0,18780.0,23210.0,31800.0,16090.0,95340.0,76200.0,68430.0,43430.0,12470.0,16590.0,22650.0,47700.0,33540.0,40370.0,61240.0,45310.0,14770.0,61000.0,72540.0,55590.0,20540.0,90300.0,28730.0
2025-07-18,19510.0,35100.0,11630.0,30430.0,106970.0,64099.99999999999,29970.0,18810.0,23130.0,32700.000000000004,16350.000000000002,94620.0,79100.0,68630.0,43250.0,12390.0,16430.0,22580.0,50200.0,34580.0,40370.0,60940.0,46220.0,14800.0,59500.0,71770.0,55680.0,20980.0,90100.0,28440.0
2025-07-21,19690.0,34860.0,11390.0,30530.0,107680.0,63540.0,30170.0,18890.0,23390.0,33550.0,16200.0,92850.0,77500.0,67950.0,42800.0,12730.0,16510.0,22250.0,49500.0,33830.0,40370.0,60360.0,44300.0,15020.0,56000.0,73150.0,55490.0,21910.0,88900.0,28010.0
2025-07-22,19730.0,35590.0,11390.0,30800.0,109440.0,63910.0,30020.0,19620.0,23620.0,33920.0,16329.999999999998,92210.0,77700.0,68340.0,42900.0,12730.0,16590.0,22720.0,49500.0,33730.0,40370.0,61240.0,45980.0,15070.0,58750.0,78230.0,55680.0,22110.0,88400.0,28970.0
2025-07-23,19820.0,35410.0,11420.0,30840.0,109150.0,64950.0,30610.0,20430.0,23570.0,33310.0,16480.0,93570.0,77300.0,68430.0,43610.0,12770.0,16470.0,22900.0,48700.0,33400.0,40370.0,61140.0,44400.0,15420.0,57500.0,83690.0,57070.0,22940.0,88200.0,28250.0
2025-07-24,19990.0,35550.0,11880.0,30870.0,108470.0,65040.00000000001,31210.0,21280.0,23210.0,33550.0,17080.0,92850.0,76000.0,68430.0,43970.0,13130.0,16550.0,22720.0,49000.0,33450.0,40370.0,61140.0,44300.0,15890.0,58000.0,87690.0,58920.0,23090.0,88000.0,28780.0
2025-07-25,20330.0,35550.0,12120.0,30800.0,108070.0,64670.0,30760.0,21780.0,23250.0,33310.0,17100.0,93100.0,75800.0,69020.0,44060.0,13130.0,17180.0,24140.0,48800.0,33580.0,40370.0,61040.0,45120.0,15940.0,57050.0,93770.0,58450.0,23630.0,87600.0,28490.0
2025-07-28,20550.0,36050.0,12120.0,30800.0,108650.0,64849.99999999999,30960.0,21940.0,23530.0,34540.0,17280.0,92620.0,77600.0,69120.0,44250.0,14040.0,17510.0,25420.0,49100.0,33970.0,40370.0,61830.0,46030.0,16320.0,57800.0,97690.0,58540.0,24660.0,87900.0,28340.0
2025-07-29,19600.0,34230.0,12180.0,29580.0,103480.0,64010.00000000001,29090.0,20430.0,22630.0,32409.999999999996,16140.0,87400.0,72200.0,65580.0,42500.0,13130.0,16510.0,23640.0,48000.0,32350.0,40370.0,60060.0,44350.0,16059.999999999998,56600.0,91000.0,58450.0,23190.0,86000.0,27040.0
2025-07-30,19820.0,34860.0,12030.0,31210.0,103580.0,63910.0,29090.0,20550.0,22670.0,32320.0,16480.0,86840.0,73000.0,66070.0,42720.0,14040.0,15970.0,24070.0,49300.0,32920.0,40370.0,59960.0,44060.0,16760.0,54750.0,91310.0,58170.0,24810.0,85300.0,27140.0
2025-07-31,19820.0,34630.0,12490.0,31000.0,101530.0,63720.0,29680.0,20390.0,22270.0,32320.0,16500.0,84270.0,72500.0,64300.0,42760.0,15000.0,16180.0,24280.0,49950.0,32439.999999999996,40370.0,59270.0,43340.0,16790.0,52750.0,93230.0,56600.0,25350.0,82700.0,27140.0
2025-08-01,19820.0,34040.0,12680.0,29920.0,104460.0,63630.0,29280.0,20820.0,22450.0,32600.0,16329.999999999998,84190.0,72500.0,64200.0,43030.0,15180.0,16260.000000000002,23570.0,49400.0,32540.0,40370.0,59270.0,43290.0,16450.0,52000.0,91540.0,55490.0,25350.0,81900.0,27480.0
2025-08-04,20070.0,34820.0,12550.0,30840.0,104070.0,64010.00000000001,29480.0,21590.0,22590.0,32790.0,16720.0,85800.0,73900.0,65970.0,43160.0,16219.999999999998,16800.0,24140.0,50000.0,33730.0,40370.0,60160.0,44400.0,16760.0,55600.0,97920.0,55860.0,25940.0,85000.0,28100.0
2025-08-05,20200.0,35450.0,12490.0,31410.0,103290.0,63820.0,29530.0,21510.0,23570.0,33360.0,17850.0,86440.0,74600.0,68240.0,42630.0,16010.000000000002,16260.000000000002,24600.0,51700.0,35310.0,40370.0,60550.0,46220.0,16710.0,58750.0,97920.0,55590.0,26040.0,84000.0,29890.0
2025-08-06,20850.0,36150.0,13350.0,32090.000000000004,102410.0,65230.00000000001,29820.0,21780.0,24190.0,34110.0,18400.0,88280.0,76000.0,71290.0,42900.0,16350.000000000002,16590.0,25060.0,54100.0,36440.0,40370.0,61340.0,46950.0,16890.0,59250.0,99230.0,56690.0,26630.0,84900.0,29070.0
2025-08-07,21020.0,37010.0,13410.0,32320.0,103680.0,65040.00000000001,30660.0,21980.0,25450.0,33830.0,18480.0,89170.0,76200.0,71290.0,42800.0,16440.0,16430.0,24950.0,54600.0,36640.0,40370.0,60740.0,45740.0,16930.0,57500.0,98230.0,56320.0,28440.0,84900.0,29460.0
2025-08-08,20890.0,36320.0,13770.0,32220.0,103090.0,66080.0,30170.0,21630.0,25000.0,33450.0,18370.0,89010.0,76700.0,70900.0,42940.0,16260.000000000002,16680.0,25200.0,54000.0,36110.0,40370.0,60940.0,45650.0,17530.0,58500.0,93460.0,56240.0,29030.0,84000.0,28970.0
2025-08-11,21020.0,36780.0,13570.0,32090.000000000004,103870.0,66270.0,32140.0,21510.0,25130.0,33830.0,19120.0,92210.0,82000.0,70990.0,43250.0,16660.0,17010.0,26630.0,53700.0,36020.0,40370.0,61540.0,45020.0,17580.0,57750.0,95380.0,56880.0,29080.0,84000.0,28340.0
2025-08-12,20890.0,37970.0,14050.0,32420.0,104940.0,66360.0,31990.0,22280.0,25450.0,35960.0,19480.0,91810.0,83600.0,71090.0,43350.0,16490.0,16930.0,26090.0,54000.0,35970.0,40370.0,62020.0,44780.0,17230.0,57750.0,97690.0,57160.0,29080.0,84000.0,28440.0
2025-08-13,21110.0,37840.0,13770.0,33500.0,102610.0,65890.0,32189.999999999996,22320.0,25090.0,37040.0,20670.0,91570.0,85900.0,69810.0,43030.0,16870.0,16550.0,26090.0,53900.0,35780.0,40370.0,61540.0,44780.0,17280.0,58000.0,98000.0,56510.0,28300.0,83300.0,28440.0
2025-08-14,22570.0,38570.0,13930.0,33910.0,101330.0,65610.0,31650.0,23860.0,25170.0,37990.0,22110.0,91090.0,84800.0,70800.0,42980.0,17790.0,17260.0,26130.0,55400.0,36640.0,40370.0,64200.0,45210.0,17710.0,59100.0,104850.0,57070.0,30260.0,82800.0,29120.0
2025-08-15,22870.0,37520.0,14880.0,33100.0,99000.0,65610.0,30960.0,23900.0,25000.0,36850.0,22620.0,90690.0,83100.0,69420.0,42630.0,18180.0,17130.0,25950.0,53900.0,35880.0,40370.0,63300.0,45260.0,17620.0,59100.0,112000.0,56420.0,30560.0,82900.0,29260.0
2025-08-18,23310.0,37340.0,15920.0,32759.999999999996,98110.0,65890.0,31300.0,23520.0,25350.0,37890.0,22270.0,90610.0,83900.0,68930.0,42310.0,18580.0,17090.0,25420.0,52800.0,36210.0,40370.0,63500.0,45210.0,17410.0,59100.0,109540.0,56140.0,31440.0,81600.0,28920.0
2025-08-19,24510.0,37380.0,17020.0,33500.0,97920.0,65800.0,31210.0,25060.0,25130.0,40440.0,22590.0,91650.0,85000.0,66960.0,42310.0,18230.0,17180.0,26090.0,53200.0,37400.0,40370.0,63200.0,45210.0,17750.0,59100.0,112310.0,55960.0,33600.0,81500.0,28920.0
2025-08-20,24120.0,37240.0,18180.0,34170.0,95380.0,64290.00000000001,31750.0,24560.0,24460.0,43230.0,22270.0,91810.0,83900.0,68340.0,41950.0,18040.0,17920.0,25630.0,54100.0,38640.0,40370.0,62020.0,47670.0,18960.0,62100.0,110620.0,55490.0,35910.0,81500.0,28970.0
2025-08-21,25370.0,38700.0,18300.0,34980.0,99280.0,65230.00000000001,31250.0,25640.0,24460.0,45740.0,22590.0,93180.0,84300.0,69910.0,41820.0,18230.0,19170.0,26310.0,57800.0,39650.0,40370.0,63200.0,48050.0,20260.0,62500.0,112150.0,55590.0,37980.0,80900.0,29360.0
2025-08-22,23990.0,39570.0,17050.0,34380.0,96650.0,64010.00000000001,29090.0,24940.0,23210.0,44410.0,21550.0,94620.0,81000.0,69220.0,41100.0,17000.0,18340.0,25380.0,55500.0,37210.0,40370.0,63600.0,47240.0,20440.0,62050.0,107690.0,54290.0,35320.0,80800.0,28970.0
2025-08-25,22570.0,37520.0,15890.0,33170.0,96450.0,64670.0,28000.0,24130.0,23160.0,42520.0,20980.0,95100.0,79500.0,67740.0,40920.0,16070.0,17220.0,26020.0,53000.0,35830.0,40370.0,62620.0,47380.0,19000.0,65500.0,109620.0,54290.0,32920.0,80800.0,28970.0
2025-08-26,23560.0,38250.0,16810.0,34590.0,97630.0,65420.0,28790.0,24910.0,24280.0,43000.0,22070.0,95430.0,81100.0,72470.0,41190.0,17150.0,18090.0,27830.0,55000.0,37540.0,40370.0,63600.0,50650.0,19700.0,67750.0,110770.0,55210.0,33700.0,80200.0,30230.0
2025-08-27,23820.0,39170.0,16230.0,34520.0,102510.0,64849.99999999999,28740.0,25020.0,23880.0,41390.0,21950.0,97830.0,82200.0,73850.0,41280.0,17400.0,17760.0,28580.0,55600.0,37160.0,40370.0,68030.0,50370.0,19350.0,66000.0,110850.0,55960.0,32720.0,80200.0,29550.0
2025-08-28,23740.0,38890.0,16620.0,34850.0,102010.0,64900.00000000001,28790.0,25060.0,24190.0,42380.0,21780.0,102640.0,83100.0,76110.0,41780.0,18140.0,17840.0,29820.0,54800.0,37790.0,40370.0,67930.0,50370.0,19180.0,65050.0,111540.0,56420.0,33410.0,80200.0,29650.0
2025-08-29,23950.0,39210.0,16230.0,34650.0,99180.0,63800.0,28640.0,25790.0,24550.0,42520.0,22220.0,104400.0,83000.0,76800.0,41780.0,18530.0,17760.0,29960.0,55600.0,37790.0,40370.0,67540.0,50320.0,19570.0,64150.00000000001,111150.0,55770.0,34390.0,80200.0,29360.0
2025-09-03,23690.0,39810.0,16870.0,34170.0,100750.0,63800.0,28890.0,25520.0,25130.0,42240.0,22790.0,104480.0,83000.0,74640.0,41600.0,18780.0,17550.0,29360.0,56300.0,37790.0,40370.0,65960.0,49450.0,19620.0,62500.0,109230.0,56880.0,33900.0,80200.0,29120.0
2025-09-04,23820.0,39710.0,16740.0,34450.0,102510.0,64200.0,29090.0,25560.0,26650.0,43140.0,22620.0,105600.0,84800.0,76310.0,42270.0,18580.0,17960.0,30030.0,56400.0,37790.0,40370.0,67840.0,49260.0,19870.0,62500.0,107690.0,57160.0,34290.0,80100.0,29260.0
2025-09-05,23390.0,38380.0,16680.0,33980.0,100950.0,63800.0,29380.0,24910.0,25710.0,42000.0,21950.0,104640.0,83000.0,73850.0,42450.0,17740.0,17420.0,28750.0,56000.0,37690.0,40370.0,66460.0,48150.0,19270.0,62500.0,109230.0,56320.0,32920.0,80400.0,29260.0
2025-09-08,22870.0,37190.0,15580.0,33440.0,99480.0,62600.0,28400.0,23830.0,25800.0,40440.0,21380.0,103440.0,81000.0,72870.0,42000.0,17000.0,16550.0,28540.0,54000.0,36260.0,40370.0,64290.00000000001,48150.0,18180.0,62500.0,109150.0,56040.0,30660.0,80300.0,29260.0
2025-09-09,22870.0,37190.0,15830.0,33500.0,99680.0,62100.0,28200.0,24330.0,25750.0,39970.0,21340.0,103520.0,81000.0,74830.0,41550.0,17350.0,16300.0,29820.0,54200.0,36740.0,40370.0,63900.0,48820.0,18230.0,64599.99999999999,111540.0,55770.0,31830.0,80300.0,29260.0
2025-09-10,22870.0,37240.0,16590.0,34110.0,98800.0,61900.0,27900.0,24370.0,25750.0,39640.0,21580.0,103840.0,81000.0,74340.0,41500.0,17540.0,16550.0,30140.0,53900.0,37210.0,40370.0,64780.0,49020.0,18100.0,65450.0,111460.0,55310.0,31880.0,80300.0,29550.0
2025-09-11,22570.0,37190.0,16530.0,34170.0,99580.0,62000.0,28350.0,24290.0,26030.0,41580.0,21380.0,102000.0,82000.0,77590.0,41640.0,17540.0,16680.0,30140.0,55400.0,36920.0,40370.0,64680.00000000001,50990.0,18180.0,68000.0,111850.0,56600.0,31690.0,80300.0,30030.0
2025-09-12,22660.0,37480.0,16650.0,34050.0,99180.0,62500.0,28940.0,24290.0,26780.0,41670.0,21310.0,103280.0,86000.0,77790.0,41860.0,17300.0,16300.0,29750.0,55400.0,36830.0,40370.0,64780.0,50800.0,18400.0,68900.0,112310.0,58450.0,31050.0,80300.0,29700.0
2025-09-15,22750.0,38620.0,17210.0,34850.0,99480.0,63200.0,29430.0,24100.0,27100.0,42100.0,21510.0,103200.0,88500.0,78280.0,41910.0,17540.0,16470.0,29960.0,56000.0,37210.0,40370.0,64780.0,50320.0,18580.0,68900.0,112000.0,58360.0,31000.0,80300.0,29600.0
2025-09-16,22750.0,38480.0,16810.0,35460.0,101040.0,62700.0,29040.0,24130.0,26740.0,42430.0,22020.0,103360.0,86800.0,79070.0,42900.0,17940.0,16590.0,29530.0,56100.0,37540.0,40370.0,64580.0,49450.0,18230.0,67500.0,109230.0,59840.0,31150.0,80200.0,29550.0
2025-09-17,22530.0,37520.0,16590.0,34720.0,102990.0,64000.0,28490.0,23830.0,26070.0,42810.0,21620.0,102720.0,84200.0,76800.0,42450.0,17790.0,16680.0,28820.0,56200.0,36920.0,40370.0,63800.0,49550.0,17880.0,71550.0,109230.0,60210.0,30460.0,80300.0,29170.0
2025-09-18,22010.0,37340.0,16440.0,34590.0,100550.0,63000.0,28400.0,23670.0,26030.0,42900.0,21470.0,102640.0,84000.0,77300.0,42000.0,17590.0,16590.0,28970.0,57000.0,37020.0,40370.0,62920.0,49840.0,17790.0,72500.0,107540.0,58820.0,30260.0,80000.0,29170.0
2025-09-19,21840.0,36420.0,15920.0,34590.0,100550.0,62500.0,28200.0,23290.0,26110.0,43940.0,21340.0,103840.0,83900.0,77390.0,41280.0,17490.0,16260.000000000002,28650.0,55200.0,36640.0,40370.0,62020.0,48970.0,17580.0,76600.0,105540.0,57340.0,29870.0,80000.0,28440.0
2025-09-22,21670.0,37520.0,16400.0,33300.0,97330.0,61800.0,27900.0,22360.0,25350.0,43940.0,20940.0,102640.0,81900.0,75330.0,41010.0,17150.0,16010.000000000002,27900.0,54800.0,35780.0,40370.0,61040.0,47910.0,17110.0,74400.0,104230.0,56790.0,28990.0,80200.0,27810.0
2025-09-23,21840.0,37380.0,16470.0,33770.0,95670.0,61600.0,27700.0,22130.0,25580.0,43990.0,21110.0,102640.0,81900.0,76610.0,41100.0,16760.0,16010.000000000002,27970.0,55400.0,35780.0,40370.0,61240.0,47520.0,17190.0,74600.0,102310.0,56970.0,29380.0,80200.0,27330.0
2025-09-24,22400.0,37700.0,16530.0,34110.0,97140.0,61600.0,28200.0,23670.0,25940.0,44840.0,21470.0,103840.0,82900.0,77990.0,41370.0,17100.0,16180.0,28580.0,57000.0,37020.0,40370.0,61740.0,47190.0,17750.0,74500.0,102850.0,57340.0,31050.0,80100.0,28010.0
2025-09-25,22100.0,37430.0,17120.0,33980.0,95670.0,61900.0,28400.0,23900.0,25710.0,45310.0,21270.0,103840.0,82200.0,77790.0,41150.0,17100.0,16140.0,28390.0,56900.0,37120.0,40370.0,62020.0,47910.0,17410.0,79000.0,104540.0,56880.0,30410.0,80100.0,28390.0
2025-09-26,22100.0,37100.0,16840.0,34240.0,95190.0,61500.0,28100.0,23250.0,25490.0,45410.0,21020.0,104320.0,82200.0,76710.0,40960.0,16950.0,16180.0,27660.0,56500.0,36920.0,40370.0,62020.0,47670.0,17140.0,82000.0,101920.0,56510.0,29870.0,80200.0,28390.0
2025-09-29,22060.0,36880.0,16470.0,34450.0,93240.0,61500.0,27850.0,23830.0,25540.0,45170.0,20940.0,104560.0,81800.0,75820.0,40830.0,16560.0,16180.0,27340.0,56600.0,36970.0,40370.0,61640.0,49070.0,17110.0,86400.0,99770.0,55770.0,30560.0,80000.0,28970.0
2025-09-30,21970.0,36610.0,16040.0,34310.0,90790.0,60400.0,27310.0,23900.0,25130.0,46780.0,20980.0,103600.0,81000.0,76510.0,40560.0,16660.0,16010.000000000002,28060.0,56900.0,37070.0,40370.0,61040.0,49600.0,17230.0,87450.0,99690.0,55490.0,30560.0,80200.0,31000.0
2025-10-01,22230.0,36650.0,16260.000000000002,34780.0,91180.0,60600.0,27460.0,23830.0,25260.0,48190.0,21140.0,103280.0,81300.0,76510.0,40650.0,16710.0,16100.000000000002,28100.0,59800.0,37760.0,40370.0,61440.0,48730.0,17410.0,85000.0,98460.0,57440.0,30360.0,80200.0,32009.999999999996
2025-10-02,22190.0,36700.0,16290.0,34780.0,89910.0,60300.0,26920.0,23790.0,25090.0,48760.0,21470.0,102720.0,81500.0,75920.0,40750.0,16760.0,16010.000000000002,27560.0,58700.0,38050.0,40370.0,61140.0,47480.0,17060.0,85500.0,99000.0,56600.0,29620.0,80300.0,30660.0
2025-10-03,22100.0,36420.0,15950.0,34310.0,91180.0,60100.0,26320.0,23290.0,24680.0,49610.0,21270.0,102640.0,80000.0,75820.0,40880.0,16460.0,15760.0,27410.0,57000.0,37560.0,40370.0,61190.0,48150.0,17110.0,88250.0,99460.0,56690.0,28990.0,80000.0,31630.0
2025-10-06,23090.0,37290.0,16680.0,35400.0,93240.0,60800.0,27160.0,24290.0,26070.0,48950.0,21910.0,104000.0,83000.0,76410.0,41410.0,17150.0,16350.000000000002,29300.0,59800.0,38590.0,40370.0,63470.0,49450.0,17790.0,89850.0,103310.0,57710.0,31000.0,81000.0,33800.0
2025-10-07,22790.0,37050.0,16170.000000000002,34850.0,93240.0,60900.0,26970.0,24130.0,25890.0,49700.0,21510.0,106240.0,82500.0,76800.0,41280.0,17000.0,15930.0,29700.0,58500.0,38200.0,40370.0,63170.0,49640.0,17490.0,90000.0,102620.0,56790.0,30510.0,86600.0,33800.0
2025-10-08,23050.0,37010.0,16290.0,35730.0,92260.0,60900.0,27060.0,24250.0,26070.0,49140.0,21510.0,105680.0,82600.0,79560.0,41230.0,17050.0,15930.0,30000.0,59900.0,37810.0,40370.0,64069.99999999999,51760.0,17360.0,89050.0,102620.0,58640.0,30560.0,86600.0,35060.0
2025-10-09,23220.0,37340.0,17420.0,37150.0,91960.0,60900.0,27610.0,24400.0,25850.0,48380.0,21910.0,107600.0,83100.0,80250.0,40920.0,17640.0,15850.0,29600.0,60000.0,38150.0,40370.0,63270.0,55370.0,17660.0,89750.0,102380.0,58170.0,31540.0,87200.0,36700.0
2025-10-10,23220.0,37700.0,17880.0,37290.0,93820.0,60900.0,27660.0,24560.0,26430.0,48760.0,21980.0,115550.0,84100.0,80740.0,41150.0,17740.0,16140.0,29630.0,60400.0,38540.0,40370.0,63670.0,59220.0,17620.0,96000.0,102540.0,57710.0,31540.0,89000.0,38970.0
2025-10-13,23050.0,37430.0,17660.0,37830.0,91770.0,60600.0,28100.0,25180.0,25890.0,49610.0,21910.0,121730.0,85000.0,81730.0,41230.0,17840.0,16140.0,30100.0,61000.0,40450.0,40370.0,62580.0,59800.0,17440.0,102700.0,109690.0,59190.0,31150.0,89200.0,41530.0
2025-10-14,22660.0,36640.0,17150.0,37040.0,90210.0,60000.0,27460.0,25180.0,25310.0,48670.0,21670.0,119560.0,82500.0,82910.0,40750.0,17740.0,16100.000000000002,29850.0,60600.0,39960.0,40370.0,62580.0,61150.0,17320.0,105950.0,117310.0,58730.0,31930.0,86500.0,41290.0
2025-10-15,22660.0,36410.0,17320.0,37320.0,87480.0,59000.0,27060.0,25520.0,25220.0,48760.0,21820.0,119400.0,82500.0,82020.0,40610.0,17940.0,15760.0,30170.0,60000.0,39960.0,40370.0,61980.0,59710.0,17530.0,104750.0,125460.0,58820.0,33110.0,83700.0,40470.0
2025-10-16,22660.0,36770.0,17180.0,36640.0,87670.0,58700.0,26820.0,25750.0,25220.0,48480.0,21780.0,118510.0,88200.0,83200.0,40560.0,17890.0,15760.0,30100.0,59500.0,40400.0,40370.0,62380.0,58740.0,17320.0,106550.0,133460.0,59260.0,32619.999999999996,82100.0,41910.0
2025-10-17,22190.0,36130.0,16960.0,35540.0,86010.0,58600.0,26720.0,25060.0,25000.0,46780.0,21710.0,116750.0,88000.0,83200.0,40610.0,17840.0,15310.0,29700.0,59000.0,39810.0,40370.0,61390.0,55850.0,17060.0,102000.0,134620.0,56930.0,31390.0,79000.0,39600.0
2025-10-20,21370.0,33770.0,15800.0,33300.0,84930.0,57000.0,24890.0,23320.0,23250.0,44890.0,20220.0,111050.0,81900.0,79660.0,39480.0,16610.0,14440.0,27630.0,54900.0,37070.0,40370.0,58910.0,52000.0,15890.0,97450.0,134230.0,53250.0,29230.0,73500.0,36840.0
2025-10-21,21540.0,34280.0,16100.000000000002,34010.0,90790.0,56000.0,25040.0,24940.0,23930.0,46300.0,20270.0,112820.0,78000.0,81730.0,39890.0,16760.0,15390.0,28100.0,55600.0,36870.0,40370.0,58810.0,53400.0,16149.999999999998,101700.0,138460.0,54710.0,29820.0,74100.0,37470.0
2025-10-22,21630.0,34410.0,16710.0,34390.0,94700.0,59000.0,26130.0,25060.0,23840.0,47150.0,20380.0,114670.0,79000.0,83200.0,40200.0,16410.0,15140.0,27990.0,55400.0,37220.0,39630.0,59110.0,54410.0,16149.999999999998,101500.0,138620.0,54510.0,29920.0,79000.0,37660.0
2025-10-23,21500.0,34140.0,16900.0,33840.0,92740.0,59800.0,25730.0,25450.0,23650.0,48480.0,20180.0,115060.0,78200.0,84390.0,40780.0,16460.0,15060.0,27300.0,55600.0,36480.0,39510.0,59310.0,55370.0,16020.0,107500.0,141540.0,54800.0,29480.0,80600.0,38050.0
2025-10-24,21540.0,34140.0,16710.0,33910.0,95380.0,59600.0,26180.0,25210.0,23570.0,49330.0,19540.0,116270.0,79300.0,84390.0,40520.0,16070.0,14940.0,26210.0,54500.0,35360.0,38720.0,59010.0,55130.0,16020.0,109500.0,138460.0,56260.0,28690.0,82200.0,37470.0
2025-10-27,21540.0,33770.0,16140.0,33090.0,95670.0,59300.0,27010.0,23980.0,23440.0,49040.0,19060.0,119400.0,78500.0,79760.0,40780.0,15920.0,14560.0,25340.0,54600.0,34330.0,37650.0,58710.0,51280.0,15970.0,107000.0,134850.0,55190.0,27810.0,81000.0,34860.0
2025-10-28,21880.0,34330.0,15920.0,33370.0,99780.0,60000.0,27160.0,24830.0,23930.0,49890.0,19230.0,120200.0,79000.0,82910.0,40780.0,16110.0,14730.0,26100.0,56800.0,35260.0,36210.0,59500.0,51520.0,16620.0,110050.0,144230.0,55580.0,28940.0,80000.0,35540.0
2025-10-29,21880.0,34980.0,17010.0,33810.0,99280.0,60200.0,27700.0,25750.0,24330.0,50930.0,19500.0,124210.0,79200.0,82810.0,41060.0,16560.0,14890.0,25920.0,57200.0,35650.0,37160.0,60200.0,49980.0,16450.0,106000.0,150080.0,55680.0,29330.0,79200.0,34720.0
2025-10-30,21630.0,35070.0,16410.0,33500.0,100260.0,59700.0,27950.0,25750.0,24020.0,49140.0,19180.0,127820.0,79300.0,82610.0,41010.0,16660.0,14850.0,25370.0,56900.0,34970.0,37530.0,60100.0,50080.0,16239.999999999998,102050.0,150380.0,55290.0,28690.0,77500.0,33420.0
2025-10-31,21970.0,34600.0,16460.0,33370.0,101430.0,61600.0,28640.0,24670.0,23840.0,47910.0,18900.0,127890.0,79600.0,81330.0,41150.0,16210.0,14690.0,24970.0,55500.0,34380.0,37320.0,59110.0,47770.0,16059.999999999998,95500.0,143850.0,55770.0,28200.0,77100.0,32159.999999999996
2025-11-03,21930.0,34330.0,15820.0,33020.0,102510.0,61500.0,27950.0,23560.0,23250.0,47910.0,18500.0,140240.0,77000.0,79760.0,41550.0,15720.0,14730.0,23660.0,52300.0,32910.0,35800.0,58810.0,47430.0,15890.0,97700.0,141150.0,55480.0,27120.0,75500.0,30280.0
2025-11-04,22400.0,35070.0,16120.000000000002,34010.0,100850.0,60500.0,28350.0,23980.0,23880.0,48850.0,19230.0,146420.0,80000.0,80550.0,41500.0,16070.0,14770.0,25300.0,53900.0,34280.0,37900.0,59600.0,48250.0,16410.0,100500.0,142920.0,55480.0,28990.0,74500.0,32350.0
2025-11-05,22060.0,35760.0,16610.0,34930.0,98500.0,63000.0,28640.0,23940.0,23480.0,48670.0,19140.0,149870.0,80200.0,78970.0,41460.0,15970.0,14520.0,25410.0,53500.0,33400.0,37070.0,60300.0,47960.0,16239.999999999998,103250.0,141920.0,56160.0,28740.0,74600.0,31390.0
2025-11-06,21800.0,35620.0,16320.0,34790.0,97820.0,62100.0,28300.0,23210.0,23300.0,48670.0,18980.0,145620.0,78800.0,79070.0,41410.0,15620.0,14480.0,24970.0,51900.0,32910.0,36120.0,59800.0,47620.0,16059.999999999998,103900.0,139150.0,56160.0,28000.0,73800.0,30900.0
2025-11-07,21450.0,34700.0,15770.0,33370.0,98600.0,62900.0,27410.0,23130.0,23250.0,46590.0,18660.0,156200.0,76800.0,75330.0,41370.0,15080.0,14270.0,23990.0,48350.0,32320.0,35720.0,58810.0,44300.0,15840.0,99850.0,136920.0,55770.0,27020.0,71500.0,30280.0
2025-11-10,21370.0,34600.0,15380.0,32689.999999999996,93920.0,61200.0,27560.0,22820.0,23620.0,45640.0,18500.0,160370.0,76000.0,75620.0,41280.0,15080.0,13980.0,24460.0,48500.0,32710.0,35760.0,58310.0,41840.0,15800.0,99500.0,135770.0,55190.0,27020.0,70500.0,28780.0
2025-11-11,21410.0,35150.0,15430.0,33020.0,93820.0,61100.0,27510.0,22820.0,23750.0,44890.0,18580.0,165180.0,78200.0,76800.0,42000.0,15570.0,13770.0,25370.0,49650.0,32960.0,35670.0,58410.0,43340.0,15760.0,100500.0,134540.0,57030.0,27020.0,72000.0,29990.0
2025-11-12,21710.0,35390.0,15620.0,33500.0,98210.0,61900.0,28050.0,23130.0,24110.0,45970.0,18980.0,173120.0,79200.0,79270.0,42130.0,16070.0,14230.0,25850.0,50600.0,34280.0,35630.0,59010.0,45260.0,16149.999999999998,105600.0,135460.0,57900.0,27510.0,73500.0,31680.0
2025-11-13,21630.0,35440.0,15870.0,33260.0,96550.0,62900.0,28500.0,23090.0,23700.0,46210.0,18830.0,173680.0,79000.0,78870.0,42530.0,16110.0,14230.0,25440.0,48700.0,34380.0,35300.0,59310.0,44920.0,16059.999999999998,105600.0,135620.0,59840.0,27270.0,72900.0,30860.0
2025-11-14,21500.0,35480.0,15820.0,33060.0,97630.0,62800.0,28400.0,23020.0,24020.0,47150.0,18830.0,174720.0,78000.0,80150.0,42270.0,16110.0,14110.0,25440.0,48050.0,34380.0,36370.0,59500.0,45210.0,16020.0,105500.0,135690.0,60810.0,27310.0,72000.0,31000.0
2025-11-17,21670.0,35530.0,16270.0,33260.0,98600.0,63000.0,29100.0,23170.0,24370.0,47440.0,19060.0,175610.0,79700.0,81140.0,42400.0,16360.0,14480.0,25770.0,48900.0,34430.0,37200.0,59700.0,45740.0,16190.000000000002,108500.0,137690.0,60130.0,27610.0,71900.0,31100.0
2025-11-18,21630.0,35530.0,16120.000000000002,33630.0,97630.0,62400.0,28250.0,23480.0,24550.0,46820.0,18980.0,172390.0,79000.0,81730.0,42360.0,16260.000000000002,14400.0,25880.0,49500.0,34620.0,37450.0,59410.0,46710.0,16190.000000000002,110000.0,137770.0,58770.0,28300.0,72000.0,31240.0
2025-11-19,21450.0,35250.0,16020.0,33600.0,95670.0,62200.0,28000.0,24130.0,24640.0,46780.0,18830.0,170960.0,78800.0,81140.0,42180.0,16210.0,14270.0,25230.0,49500.0,34080.0,37120.0,58910.0,46660.0,16190.000000000002,110250.0,136920.0,58970.0,27610.0,72000.0,30520.0
2025-11-20,21370.0,35120.0,15870.0,33440.0,96650.0,62100.0,28000.0,24520.0,24330.0,46590.0,18700.0,172240.0,78500.0,79760.0,42220.0,16410.0,14110.0,25340.0,49500.0,33890.0,37120.0,58910.0,47090.0,16190.000000000002,114000.0,146460.0,58770.0,28050.0,72000.0,30900.0
2025-11-21,21280.0,34790.0,15620.0,33440.0,98400.0,61900.0,27800.0,24060.0,24460.0,45880.0,18580.0,168870.0,77500.0,78770.0,41910.0,16410.0,14230.0,24970.0,51300.0,33540.0,37070.0,58510.0,47810.0,16059.999999999998,114850.0,149690.0,58000.0,28050.0,74500.0,31100.0
2025-11-24,21190.0,34840.0,15380.0,33230.0,97820.0,61000.0,27700.0,23980.0,24190.0,45880.0,18540.0,171600.0,77800.0,78080.0,41410.0,16309.999999999998,14440.0,25040.0,50000.0,33250.0,37690.0,58310.0,49450.0,16020.0,119750.0,157540.0,61000.0,28490.0,77900.0,33270.0
2025-11-25,20850.0,34240.0,15230.0,32790.0,97330.0,60800.0,27100.0,24520.0,24020.0,46300.0,18300.0,171670.0,77000.0,77300.0,41550.0,16160.0,14190.0,23920.0,50000.0,32759.999999999996,37610.0,57720.0,49400.0,15840.0,121500.0,168540.0,59940.0,27710.0,81500.0,32259.999999999996
2025-11-26,20850.0,34560.0,15520.0,33300.0,96650.0,62000.0,27500.0,24910.0,24190.0,46870.0,18630.0,172960.0,78600.0,78970.0,41730.0,16460.0,14310.0,24750.0,49950.0,33150.0,38360.0,57620.0,49160.0,15970.0,122500.0,159850.0,60810.0,28490.0,87200.0,32689.999999999996
2025-11-27,20980.0,34740.0,15330.0,33260.0,97140.0,63000.0,27900.0,24670.0,24020.0,46590.0,18830.0,173520.0,78500.0,78770.0,41640.0,16510.0,14400.0,24170.0,49300.0,33060.0,38890.0,57420.0,49350.0,16149.999999999998,124000.0,155380.0,60030.0,28590.0,89500.0,32500.0
2025-11-28,20890.0,34330.0,15330.0,33370.0,94790.0,63400.0,27300.0,24670.0,23700.0,45920.0,18630.0,173280.0,77400.0,78670.0,41640.0,16560.0,14350.0,23880.0,48600.0,33060.0,38770.0,56930.0,49550.0,16020.0,130199.99999999999,156540.0,61970.0,28740.0,95000.0,33080.0
2025-12-01,20680.0,34190.0,15230.0,32950.0,95290.0,65400.00000000001,26700.0,24290.0,23650.0,45260.0,18580.0,173520.0,78800.0,78770.0,43970.0,16760.0,14270.0,23300.0,49000.0,32520.000000000004,38070.0,57030.0,50900.0,15890.0,134950.0,156850.0,62840.0,28790.0,101600.0,33700.0
2025-12-02,20630.0,34100.0,15080.0,33400.0,95290.0,66100.0,27750.0,24670.0,23650.0,44890.0,18860.0,176170.0,78600.0,78770.0,47020.0,16760.0,14310.0,23520.0,49400.0,33500.0,38560.0,57120.0,51420.0,15970.0,137500.0,167620.0,62940.0,28400.0,103800.0,33700.0
2025-12-03,21070.0,35530.0,15130.0,35410.0,95290.0,64500.0,27700.0,24870.0,23930.0,45920.0,19670.0,176650.0,80600.0,83400.0,46580.0,17100.0,14730.0,23560.0,49700.0,34180.0,38520.0,58410.0,51420.0,16270.0,134700.0,164620.0,62550.0,29720.0,100000.0,33320.0
2025-12-04,21450.0,35340.0,15280.0,35410.0,96180.0,65000.0,27850.0,25410.0,24370.0,46780.0,20580.0,177050.0,79900.0,84480.0,45680.0,17050.0,14690.0,23880.0,50200.0,34670.0,38890.0,58410.0,50650.0,16370.000000000002,133500.0,158460.0,61390.0,29720.0,102000.0,33220.0
2025-12-05,20980.0,34980.0,15030.0,35070.0,94890.0,64000.0,27400.0,25410.0,24110.0,45450.0,20140.0,174080.0,78200.0,83790.0,44690.0,16510.0,14690.0,23480.0,49200.0,33990.0,38360.0,57820.0,51520.0,16149.999999999998,142800.0,159620.0,61390.0,29330.0,104000.0,32640.0
2025-12-08,20850.0,34700.0,14730.0,34790.0,94200.0,65400.00000000001,26950.0,25250.0,23880.0,43750.0,20270.0,172160.0,77900.0,83600.0,47740.0,16360.0,14560.0,23500.0,48700.0,33500.0,38270.0,57420.0,52970.0,15890.0,152700.0,158770.0,61480.0,29180.0,106300.0,31820.0
2025-12-09,20760.0,34650.0,14290.0,34120.0,95580.0,64000.0,26900.0,24290.0,23570.0,41580.0,19780.0,172160.0,77000.0,82710.0,47830.0,16260.000000000002,14440.0,22980.0,48550.0,33100.0,37610.0,57520.0,51760.0,15720.0,160000.0,153850.0,60520.0,28250.0,103000.0,30900.0
2025-12-10,20760.0,34880.0,14240.0,34390.0,94300.0,63500.0,26750.0,24790.0,23790.0,41770.0,20140.0,172000.0,77000.0,81730.0,46220.0,16210.0,14480.0,23380.0,48600.0,33010.0,37940.0,57720.0,49840.0,15760.0,148800.0,151230.0,61100.0,28490.0,95800.0,28970.0
2025-12-11,20630.0,34790.0,14090.0,34120.0,94700.0,62600.0,26650.0,24480.0,23700.0,42050.0,19900.0,173840.0,76100.0,81040.0,46930.0,16110.0,14480.0,23220.0,47700.0,32710.0,36950.0,57120.0,48680.0,15670.0,146000.0,144620.0,59550.0,27660.0,91000.0,28490.0
2025-12-12,20250.0,34240.0,13350.0,33700.0,92430.0,61300.0,25300.0,23290.0,23210.0,41770.0,19230.0,170800.0,73500.0,77300.0,44870.0,15770.0,14350.0,22460.0,46000.0,31340.0,36170.0,56330.0,45310.0,14980.0,144000.0,142310.0,58290.0,26090.0,84700.0,26510.0
2025-12-15,20290.0,34240.0,14240.0,33840.0,92530.0,62100.0,25600.0,23130.0,23440.0,40440.0,19030.0,169830.0,73500.0,76510.0,45320.0,15670.0,14270.0,22700.0,46800.0,31340.0,38560.0,56330.0,44540.0,14850.0,142900.0,143080.0,60030.0,27020.0,78800.0,27910.0
2025-12-16,20680.0,34600.0,15230.0,34730.0,93610.0,64300.0,26500.0,24750.0,23840.0,42000.0,19580.0,171440.0,74500.0,80740.0,46400.0,15670.0,14560.0,24180.0,47050.0,32320.0,38890.0,56430.0,45740.0,15200.0,142900.0,147310.0,62160.0,27760.0,84300.0,28590.0
2025-12-17,20680.0,35150.0,15080.0,34170.0,94600.0,62900.0,26300.0,24750.0,23570.0,41580.0,19540.0,170390.0,74000.0,80640.0,44960.0,15470.0,14480.0,23700.0,47200.0,31930.0,39140.0,56230.0,45700.0,15240.0,142900.0,142380.0,60900.0,27510.0,87900.0,28680.0
2025-12-18,20550.0,35150.0,14780.0,33830.0,93120.0,63300.0,26550.0,25600.0,23570.0,41390.0,19740.0,179210.0,74000.0,80350.0,45050.0,15870.0,14480.0,23860.0,48000.0,32320.0,38680.0,56330.0,45700.0,15150.0,142700.0,149150.0,61870.0,27810.0,88800.0,29310.0
2025-12-19,20590.0,34880.0,15770.0,33930.0,92620.0,64000.0,26450.0,25950.0,23840.0,41110.0,19780.0,179210.0,75800.0,81630.0,44600.0,15920.0,14520.0,24620.0,49000.0,32910.0,39340.0,57030.0,48870.0,15240.0,148500.0,153770.0,61970.0,27950.0,93800.0,30610.0
2025-12-22,20940.0,35530.0,16270.0,34620.0,92430.0,65300.0,26600.0,27000.0,24020.0,41580.0,20220.0,179210.0,76000.0,83700.0,44510.0,16070.0,14730.0,25140.0,52400.0,34480.0,39100.0,57320.0,51710.0,15370.0,158800.0,158460.0,61190.0,28490.0,98000.0,31870.0
2025-12-23,20850.0,35150.0,16020.0,34470.0,92720.0,65300.0,26250.0,27500.0,23880.0,39500.0,20100.0,179210.0,76100.0,86160.0,44420.0,16070.0,14520.0,24620.0,56000.0,34080.0,38520.0,56730.0,55320.0,15370.0,169900.0,158850.0,60610.0,28200.0,103000.0,33080.0
2025-12-24,20940.0,35530.0,15970.0,34770.0,92330.0,66100.0,26000.0,27850.0,23700.0,40440.0,20270.0,179210.0,76200.0,86650.0,43800.0,16660.0,14520.0,25060.0,58700.0,34230.0,38560.0,56530.0,59130.0,15500.0,169800.0,153080.0,59550.0,28790.0,102000.0,33460.0
2025-12-25,20680.0,35900.0,15720.0,34470.0,91740.0,69200.0,25650.0,27550.0,23440.0,39690.0,20030.0,179210.0,76300.0,84680.0,43250.0,16260.000000000002,14400.0,24380.0,55900.0,33300.0,38320.0,56630.0,55040.0,15420.0,158000.0,163080.0,59350.0,28250.0,99000.0,31150.0
2025-12-26,20590.0,35900.0,16070.0,34670.0,91240.0,70500.0,25500.0,27600.0,24020.0,39220.0,19900.0,176400.0,75300.0,85670.0,43750.0,16110.0,14350.0,24580.0,57500.0,33200.0,38320.0,56630.0,52970.0,15240.0,155000.0,159920.0,59550.0,27660.0,92100.0,30900.0
2025-12-29,20680.0,35900.0,16510.0,34770.0,93020.0,75100.0,26000.0,27600.0,23840.0,39500.0,19900.0,176480.0,75500.0,85760.0,43800.0,15970.0,14350.0,24380.0,59900.0,33350.0,37940.0,56630.0,56670.0,15240.0,159700.0,160150.0,60130.0,27510.0,94000.0,32060.000000000004
2025-12-30,20760.0,36460.0,16020.0,35110.0,95190.0,74900.0,26600.0,27950.0,23650.0,39590.0,20030.0,177370.0,76900.0,87140.0,44510.0,16110.0,14270.0,24460.0,60000.0,33640.0,38320.0,56830.0,56580.0,15320.0,163000.0,158000.0,59840.0,28200.0,91000.0,31680.0
2025-12-31,20680.0,35990.0,15920.0,35210.0,94500.0,72400.0,26200.0,29700.0,23570.0,39500.0,20270.0,178010.0,77000.0,87040.0,43970.0,16110.0,14480.0,24180.0,58000.0,34180.0,38770.0,57030.0,59710.0,15370.0,169600.0,160770.0,59260.0,28150.0,94200.0,32500.0
2026-01-05,20680.0,35580.0,16070.0,34960.0,93710.0,77400.0,25750.0,28950.0,23160.0,38270.0,20300.0,177370.0,76800.0,86060.0,43160.0,15870.0,14270.0,23300.0,57900.0,34230.0,37770.0,56630.0,63850.0,15320.0,173100.0,159620.0,58390.0,27410.0,100000.0,34380.0
2026-01-06,20680.0,35990.0,16610.0,35650.0,92720.0,82800.0,27550.0,29050.0,23160.0,39400.0,21340.0,176400.0,77000.0,87440.0,42670.0,15970.0,14350.0,23700.0,56700.0,35260.0,39220.0,56830.0,68280.0,15370.0,173100.0,163230.0,58870.0,28350.0,102900.0,36750.0
2026-01-07,21240.0,37890.0,17750.0,36880.0,96180.0,88500.0,29450.0,29100.0,23750.0,39780.0,21380.0,176400.0,78400.0,88420.0,43530.0,16260.000000000002,14400.0,24060.0,53400.0,35650.0,40250.0,59110.0,71980.0,15630.0,179000.0,161230.0,58970.0,28740.0,100500.0,37230.0
2026-01-08,21150.0,39830.0,18390.0,37620.0,95190.0,91600.0,30050.0,28800.0,23570.0,39690.0,21310.0,173610.0,78300.0,86160.0,43350.0,16360.0,14440.0,24420.0,53500.0,35260.0,41730.0,63170.0,66980.0,15590.0,176600.0,156150.0,60230.0,28740.0,94100.0,34670.0
2026-01-09,21150.0,42600.0,19480.0,40130.0,96080.0,97100.0,31600.0,27900.0,23390.0,38930.0,21870.0,173430.0,76500.0,84680.0,43930.0,16260.000000000002,14400.0,24260.0,51800.0,35900.0,42070.0,67440.0,67410.0,15540.0,176000.0,152850.0,59060.0,27760.0,93100.0,33800.0
2026-01-12,21970.0,45570.0,19380.0,40870.0,98150.0,97000.0,32200.000000000004,28200.0,24550.0,40070.0,22590.0,170280.0,78600.0,86160.0,43970.0,16760.0,14730.0,25940.0,53800.0,37220.0,44210.0,72100.0,62690.0,16059.999999999998,163700.0,150000.0,60710.0,29670.0,93100.0,31480.0
2026-01-13,21450.0,47190.0,20720.0,40670.0,97560.0,103700.0,34000.0,28450.0,24330.0,39590.0,22070.0,167420.0,79300.0,85760.0,46970.0,16460.0,14690.0,26180.0,54100.0,36580.0,44050.0,73390.0,64519.99999999999,16059.999999999998,167900.0,150000.0,61290.0,29970.0,94900.0,32400.0
2026-01-14,21240.0,50430.0,21160.0,40820.0,98440.0,107000.0,36350.0,27650.0,24330.0,39400.0,21750.0,165550.0,80600.0,84680.0,50240.0,16460.0,14850.0,26660.0,54100.0,35750.0,43550.0,75370.0,60810.0,15720.0,160200.0,145690.0,65550.0,28990.0,92500.0,30710.0
2026-01-15,21450.0,46910.0,20470.0,39390.0,97160.0,103000.0,37350.0,29550.0,24640.0,39220.0,21820.0,162590.0,81000.0,82710.0,49310.0,16260.000000000002,14890.0,26100.0,57800.0,34870.0,42320.0,71310.0,57780.0,15940.0,153000.0,138850.0,68750.0,28490.0,92300.0,30370.0
2026-01-16,21410.0,47270.0,19930.0,39000.0,103870.0,99800.0,35900.0,28450.0,24640.0,39450.0,21670.0,157660.0,81400.0,85670.0,49120.0,16110.0,14940.0,26100.0,58400.0,35060.0,42890.0,72400.0,59750.0,15760.0,159900.0,141540.0,67390.0,28400.0,93000.0,30900.0
2026-01-19,21630.0,48110.0,20570.0,39390.0,104360.0,105800.0,38000.0,28750.0,24730.0,39260.0,22020.0,157660.0,80200.0,85370.0,47810.0,16260.000000000002,14940.0,26100.0,58300.0,35550.0,42890.0,72100.0,60190.0,15720.0,162000.0,142310.0,68360.0,29130.0,93500.0,30900.0
2026-01-20,21580.0,49220.0,20520.0,39050.0,102690.0,104500.0,39000.0,28950.0,24330.0,40020.0,21950.0,159440.0,80000.0,84680.0,48930.0,16309.999999999998,14690.0,26060.0,58100.0,35210.0,42720.0,72890.0,59220.0,15630.0,161000.0,139850.0,71070.0,29230.0,91700.0,30080.0
2026-01-21,21410.0,49030.0,21950.0,39590.0,103570.0,110000.0,38500.0,29050.0,23930.0,40590.0,21620.0,157470.0,79900.0,84090.0,47340.0,16210.0,14440.0,25340.0,62100.0,35060.0,43300.0,72200.0,59180.0,15420.0,160500.0,139850.0,68070.0,28540.0,91700.0,30180.0
2026-01-22,21410.0,48110.0,21950.0,39300.0,102090.0,104800.0,39000.0,29200.0,23970.0,40920.0,21580.0,156480.0,79900.0,85170.0,47340.0,16070.0,14690.0,25500.0,63500.0,35260.0,43470.0,70410.0,58020.0,15450.0,161100.0,139230.0,68650.0,28690.0,92000.0,30760.0
2026-01-23,21580.0,47000.0,20420.0,38410.0,99630.0,100800.0,36900.0,29600.0,23880.0,40070.0,21580.0,156480.0,79000.0,84480.0,46130.0,16070.0,14640.0,25500.0,62600.0,35750.0,45860.0,68030.0,58980.0,15420.0,165400.0,148920.0,65069.99999999999,28000.0,93800.0,31290.0
2026-01-26,21370.0,48580.0,20620.0,37620.0,97160.0,107800.0,38650.0,28350.0,23480.0,39590.0,20910.0,156180.0,77300.0,82810.0,45380.0,15520.0,14400.0,24780.0,62000.0,34920.0,45860.0,69030.0,57250.0,15110.0,159900.0,140000.0,66710.0,27270.0,93500.0,29940.0
2026-01-27,21280.0,48670.0,21260.0,37670.0,100710.0,115300.0,39850.0,29000.0,23620.0,39690.0,21220.0,156180.0,76700.0,83700.0,46360.0,15820.0,14480.0,24660.0,61900.0,34230.0,45370.0,70020.0,53250.0,15070.0,151000.0,137540.0,65550.0,27310.0,91900.0,29840.0
2026-01-28,20590.0,48020.0,21660.0,37820.0,103080.0,118000.0,38200.0,28500.0,23840.0,39690.0,21270.0,154800.0,79500.0,84190.0,45800.0,15770.0,14480.0,24740.0,63200.0,33790.0,45200.0,69030.0,50220.0,15110.0,140500.0,131920.0,65550.0,27270.0,91000.0,28100.0
2026-01-29,20510.0,48020.0,21610.0,37720.0,104660.0,116800.0,40850.0,27850.0,24190.0,39400.0,21380.0,155790.0,84100.0,88130.0,47060.0,15720.0,14480.0,24900.0,62800.0,34180.0,45370.0,69220.0,51520.0,15150.0,140500.0,126150.0,68840.0,27170.0,92000.0,28970.0
2026-01-30,20760.0,49870.0,22150.0,38160.0,103080.0,117000.0,39850.0,28300.0,23930.0,39360.0,21780.0,156780.0,84000.0,91480.0,46690.0,15770.0,14230.0,24900.0,63000.0,35160.0,46600.0,69920.0,51040.0,15420.0,140500.0,131150.0,68360.0,27510.0,92500.0,29170.0
2026-02-02,20460.0,50890.0,23630.0,38750.0,102880.0,114500.0,41800.0,27800.0,23700.0,39690.0,21870.0,151650.0,83800.0,92260.0,46690.0,15520.0,14230.0,24620.0,63500.0,34280.0,45940.0,70910.0,47480.0,15150.0,130699.99999999999,130770.00000000001,70300.0,27120.0,86800.0,27140.0
2026-02-03,20420.0,50050.0,23630.0,39100.0,102490.0,117000.0,42800.0,27550.0,23880.0,39260.0,22180.0,153330.0,83800.0,90100.0,48750.0,15570.0,14110.0,24700.0,63000.0,33990.0,46020.0,71210.0,46850.0,15110.0,130699.99999999999,129229.99999999999,69330.0,27020.0,86700.0,27430.0
2026-02-04,20330.0,49030.0,23780.0,39000.0,100520.0,115800.0,41700.0,27550.0,25260.0,39880.0,22270.0,154900.0,82700.0,90390.0,48370.0,15570.0,14110.0,25220.0,63800.0,33840.0,46020.0,70220.0,43960.0,15070.0,121600.0,126920.0,69720.0,27270.0,85500.0,27280.0
2026-02-05,20200.0,47650.0,24130.0,38020.0,97650.0,112000.0,40000.0,27550.0,24600.0,38740.0,21670.0,152340.0,79400.0,88820.0,46870.0,15420.0,13940.0,24780.0,62300.0,34130.0,46020.0,67840.0,47000.0,14850.0,130100.0,128080.00000000001,66910.0,26920.0,86000.0,27810.0
2026-02-06,19820.0,47560.0,24280.0,36830.0,96270.0,115000.0,39000.0,26500.0,23930.0,39590.0,21910.0,150080.0,78200.0,87040.0,45610.0,15130.0,13940.0,23900.0,61500.0,33890.0,45280.0,64560.0,46950.0,14460.0,131000.0,127690.0,66910.0,26330.0,83000.0,27090.0
2026-02-09,19770.0,46820.0,24380.0,36540.0,97650.0,115700.0,38650.0,26800.0,23880.0,39550.0,22110.0,150080.0,78200.0,87930.0,46270.0,15030.0,13900.0,23660.0,60300.0,34030.0,45530.0,64459.99999999999,45740.0,14460.0,132300.0,126920.0,67390.0,26280.0,83000.0,27230.0
2026-02-10,19820.0,43580.0,22840.0,36540.0,96470.0,107700.0,35950.0,26800.0,23700.0,39500.0,22310.0,147810.0,76800.0,87930.0,45240.0,15030.0,13900.0,23940.0,59500.0,33890.0,44950.0,62580.0,48780.0,14280.0,141500.0,125380.0,66230.0,26140.0,84500.0,27960.0
2026-02-11,20380.0,44870.0,23190.0,37330.0,97260.0,102000.0,35300.0,27800.0,23970.0,39740.0,23220.0,147810.0,78000.0,90490.0,45560.0,15280.0,14110.0,24940.0,61100.0,34570.0,46020.0,64170.0,49600.0,14680.0,150800.0,129229.99999999999,66910.0,27810.0,86000.0,28390.0
2026-02-12,20550.0,44000.0,23630.0,37420.0,97460.0,101400.0,35350.0,27850.0,24020.0,39550.0,22710.0,146820.0,78000.0,91480.0,45660.0,15130.0,14060.0,24980.0,61100.0,34720.0,46190.0,63670.0,52480.0,14800.0,159000.0,129229.99999999999,66810.0,27760.0,85400.0,28920.0
2026-02-13,20550.0,43390.0,24230.0,38020.0,94990.0,101600.0,36400.0,28200.0,23970.0,39740.0,22670.0,146820.0,78000.0,91380.0,45380.0,15230.0,14110.0,25100.0,62600.0,34720.0,48010.0,63870.0,52480.0,14940.0,160000.0,130150.0,67290.0,27810.0,85600.0,28780.0
2026-02-23,20720.0,45430.0,25910.0,38110.0,93220.0,108700.0,38900.0,28200.0,24550.0,40210.0,22710.0,146820.0,79200.0,90590.0,45710.0,15570.0,14190.0,25260.0,62900.0,35110.0,50720.0,65850.0,53300.0,15070.0,162300.0,134540.0,68360.0,28300.0,84700.0,28970.0
2026-02-24,20680.0,45100.0,27690.0,37620.0,91240.0,110500.0,39450.0,28500.0,25260.0,40260.0,22620.0,146820.0,80900.0,90790.0,45660.0,15330.0,14110.0,25660.0,63400.0,35060.0,51880.0,64459.99999999999,53450.0,14980.0,162900.0,143540.0,67970.0,28490.0,83500.0,28490.0
2026-02-25,21070.0,44870.0,29020.0,37920.0,87890.0,110000.0,42200.0,28450.0,26150.0,39970.0,23020.0,144850.0,80300.0,91570.0,46030.0,15970.0,14060.0,25700.0,66700.0,35260.0,51140.0,64560.0,51520.0,15070.0,158000.0,137310.0,70010.0,28350.0,81000.0,27570.0
2026-02-26,21070.0,44830.0,29670.0,37920.0,89270.0,106000.0,40800.0,28400.0,26250.0,40770.0,23070.0,143870.0,80400.0,92160.0,45940.0,15920.0,14110.0,25900.0,67000.0,35700.0,51970.0,64860.0,51810.0,15070.0,168900.0,137310.0,68360.0,28400.0,81700.0,28730.0
2026-02-27,21150.0,44320.0,30850.0,37670.0,91640.0,107900.0,40000.0,27950.0,25710.0,40680.0,22820.0,138940.0,79000.0,91670.0,45280.0,15720.0,14020.0,25900.0,65500.0,35500.0,52370.0,64360.0,52000.0,14980.0,172000.0,135230.0,66040.0,28440.0,83500.0,28060.0
2026-03-02,20630.0,41820.0,32980.0,36290.0,88380.0,115400.0,42800.0,26950.0,25450.0,39590.0,22150.0,138940.0,78400.0,88620.0,44160.0,15420.0,13940.0,25460.0,67000.0,33940.0,51470.0,62380.0,48390.0,14630.0,167200.0,130000.0,64489.99999999999,27560.0,80100.0,26850.0
2026-03-03,20250.0,40290.0,35250.0,35360.0,85820.0,123400.0,45750.0,26500.0,24730.0,40070.0,21670.0,148600.0,77000.0,86850.0,43040.0,15280.0,13900.0,26060.0,67800.0,32910.0,50970.0,61090.0,45020.0,14460.0,155500.0,126230.0,61390.0,26970.0,75900.0,25450.0
2026-03-04,19990.0,42190.0,37430.0,35850.0,83940.0,128699.99999999999,43600.0,26350.0,24730.0,40730.0,21580.0,157660.0,76000.0,87440.0,43040.0,15280.0,13940.0,26940.0,66700.0,31830.0,51140.0,62480.0,45020.0,14590.0,155600.0,125540.0,62840.0,26680.0,74300.0,27040.0
2026-03-05,20290.0,41080.0,35200.0,35650.0,83250.0,119700.0,40550.0,25950.0,24330.0,40490.0,21670.0,147910.0,75300.0,83890.0,42710.0,15030.0,14110.0,26780.0,64900.00000000001,31540.0,49490.0,61980.0,45740.0,14590.0,164800.0,120310.0,61190.0,26530.0,75500.0,26080.0
2026-03-06,20070.0,40290.0,36640.0,35110.0,80490.0,112100.0,37750.0,25900.0,24330.0,39920.0,21380.0,140020.0,73300.0,81430.0,42660.0,15180.0,14110.0,25180.0,63800.0,30800.0,46020.0,61090.0,45740.0,14460.0,156500.0,120310.0,60420.0,26180.0,76700.0,25350.0
2026-03-09,18700.0,37520.0,35700.0,32700.000000000004,74870.0,104300.0,35150.0,24100.0,22630.0,38130.0,19900.0,130270.00000000001,68200.0,75820.0,39720.0,14140.0,13520.0,23420.0,60800.0,28650.0,42810.0,56830.0,42570.0,13550.0,145600.0,117690.0,56260.0,24370.0,71400.0,23610.0
2026-03-10,19950.0,38670.0,33420.0,34520.0,78420.0,97000.0,33350.0,25150.0,24190.0,38370.0,21270.0,135980.0,68300.0,79760.0,41870.0,14290.0,13690.0,23700.0,65000.0,29680.0,43550.0,59900.0,43240.0,13940.0,141800.0,119230.0,60130.0,25050.0,73000.0,23230.0
2026-03-11,19990.0,38580.0,35750.0,34570.0,79110.0,103000.0,35650.0,25750.0,24460.0,39400.0,21470.0,142880.0,73000.0,85170.0,41920.0,14540.0,13770.0,24180.0,66300.0,30460.0,45860.0,59900.0,46180.0,14770.0,146000.0,122850.0,61000.0,25990.0,78100.0,24720.0
2026-03-12,19950.0,37700.0,37380.0,33780.0,76640.0,98700.0,35800.0,25700.0,23930.0,38840.0,21020.0,138350.0,73100.0,83300.0,40930.0,14730.0,13730.0,23300.0,65700.0,29380.0,43800.0,59310.0,46180.0,14420.0,145000.0,117540.0,59650.0,25300.0,80300.0,25010.0
2026-03-13,20200.0,37610.0,34810.0,33480.0,75950.0,91800.0,34000.0,25600.0,23790.0,39220.0,20940.0,137950.0,73900.0,80740.0,41540.0,14730.0,13730.0,22700.0,65800.0,29380.0,40790.0,58510.0,47190.0,14630.0,144600.0,120620.0,61100.0,25200.0,79300.0,24390.0
2026-03-16,20200.0,37290.0,32380.000000000004,33630.0,77140.0,87900.0,33050.0,25600.0,23880.0,39690.0,20910.0,147610.0,73500.0,79360.0,41640.0,14980.0,13730.0,22700.0,66600.0,29580.0,41820.0,58310.0,48150.0,14720.0,144700.0,118460.0,59840.0,25050.0,76600.0,25010.0
2026-03-17,20460.0,37430.0,30160.0,33880.0,78320.0,86400.0,33300.0,25700.0,24020.0,40960.0,21110.0,157860.0,75400.0,81430.0,41490.0,14830.0,13820.0,22900.0,67600.0,29680.0,44710.0,60000.0,49110.0,14720.0,146200.0,120770.0,59550.0,25250.0,76900.0,25540.0
2026-03-18,20460.0,38210.0,30310.0,34470.0,77530.0,91700.0,34000.0,25700.0,23930.0,41250.0,21070.0,158650.0,75300.0,82420.0,41590.0,14880.0,13940.0,22380.0,63300.0,29680.0,43380.0,60000.0,49110.0,14800.0,146000.0,123080.0,59740.0,25150.0,77800.0,25210.0
2026-03-19,20330.0,37610.0,28970.0,34130.0,75760.0,88100.0,32450.000000000004,25650.0,23840.0,41480.0,21140.0,158650.0,75400.0,81140.0,41490.0,14780.0,14060.0,21580.0,63400.0,29430.0,43220.0,59310.0,49260.0,14550.0,145000.0,122080.0,59060.0,25150.0,81000.0,25160.0
2026-03-20,19820.0,36770.0,27740.0,33090.0,73590.0,82000.0,30750.0,25000.0,23130.0,38840.0,20780.0,152740.0,71300.0,78480.0,39860.0,14690.0,14020.0,21540.0,63400.0,29240.0,40290.0,57520.0,48150.0,14550.0,135000.0,121000.0,58100.0,24610.0,79000.0,25250.0
2026-03-23,19390.0,35580.0,25810.0,32009.999999999996,72110.0,80500.0,28600.0,24300.0,22760.0,38880.0,20030.0,143470.0,70800.0,73060.0,40140.0,14190.0,13940.0,20300.0,60000.0,28310.0,41900.0,57120.0,47190.0,14110.0,125600.0,116770.0,58870.0,23580.0,78300.0,24480.0
2026-03-24,19900.0,36170.0,26110.0,33040.0,74380.0,80700.0,28700.0,24300.0,23160.0,39590.0,20510.0,145350.0,72100.0,74830.0,42200.0,14240.0,13940.0,20700.0,60800.0,29240.0,41730.0,57720.0,47670.0,14460.0,124000.0,117690.0,59260.0,24810.0,79300.0,24430.0
2026-03-25,20510.0,36550.0,27190.0,33530.0,75950.0,82500.0,30500.0,24900.0,23530.0,39500.0,20820.0,145350.0,73200.0,77990.0,41870.0,14780.0,13900.0,21460.0,62200.0,30170.0,43720.0,57920.0,50170.0,14940.0,128699.99999999999,117690.0,60130.0,25840.0,82500.0,25450.0
2026-03-26,20330.0,35990.0,26950.0,33290.0,73190.0,80300.0,30000.0,24550.0,23130.0,39500.0,20670.0,144850.0,72100.0,77300.0,40930.0,14930.0,13900.0,21060.0,60600.0,29530.0,43140.0,57420.0,48680.0,14680.0,130000.0,119230.0,59060.0,25740.0,81800.0,24680.0
2026-03-27,20510.0,36870.0,27290.0,34270.0,75070.0,82100.0,32100.0,25300.0,23650.0,39500.0,20940.0,143080.0,73300.0,79760.0,41310.0,15180.0,14020.0,21620.0,59900.0,30020.0,43380.0,58310.0,49600.0,14720.0,132600.0,120770.0,59550.0,25990.0,83000.0,24870.0
2026-03-30,20460.0,36500.0,28820.0,33530.0,72990.0,80800.0,33100.0,25200.0,24020.0,39640.0,20620.0,142390.0,74800.0,79560.0,41310.0,15230.0,14020.0,21220.0,61200.0,29870.0,43220.0,57520.0,49600.0,14630.0,129500.0,120850.0,58680.0,25640.0,83300.0,24770.0
2026-03-31,20290.0,36460.0,27340.0,34080.0,73690.0,78300.0,31700.0,25450.0,24020.0,39590.0,21180.0,141900.0,75500.0,80550.0,41450.0,15330.0,14060.0,21540.0,62200.0,30070.0,42230.0,57620.0,49600.0,14680.0,135000.0,120000.0,58580.0,26230.0,83400.0,24870.0
2026-04-01,20510.0,37240.0,26010.0,34220.0,74280.0,80000.0,32500.0,25600.0,24240.0,40070.0,21220.0,141900.0,76900.0,81140.0,41640.0,14980.0,14110.0,22300.0,62200.0,30170.0,42810.0,58510.0,53060.0,14890.0,141000.0,128380.0,59350.0,26330.0,83900.0,26610.0
2026-04-02,20330.0,36740.0,25610.0,33780.0,73690.0,78700.0,32100.0,25600.0,24420.0,39500.0,21070.0,138940.0,76100.0,80550.0,41350.0,14640.0,14020.0,22020.0,61100.0,29730.0,42070.0,57720.0,56770.0,14630.0,139900.0,127310.0,58870.0,25790.0,83900.0,26270.0
2026-04-03,20250.0,36130.0,26060.0,33290.0,72990.0,79700.0,32049.999999999996,25600.0,23790.0,40730.0,20780.0,138640.0,75300.0,78080.0,41260.0,14900.0,13940.0,21580.0,60800.0,29140.0,41410.0,57220.0,57400.0,14420.0,141000.0,123920.0,58100.0,25350.0,83200.0,25590.0
2026-04-06,20030.0,36410.0,24820.0,33190.0,72900.0,78500.0,31450.0,25600.0,23970.0,43560.0,20540.0,138050.0,75300.0,77100.0,41540.0,14500.0,13900.0,21540.0,61200.0,28450.0,40420.0,57520.0,56340.0,14420.0,141600.0,125620.0,58970.0,25150.0,82600.0,24870.0
2026-04-07,19990.0,36460.0,24870.0,33190.0,72990.0,77300.0,31500.0,25100.0,23930.0,45360.0,20510.0,138050.0,75100.0,76800.0,41210.0,14700.0,13940.0,21980.0,61700.0,28110.0,40000.0,57520.0,55370.0,14460.0,143400.0,125770.0,59060.0,25600.0,81900.0,24920.0
2026-04-08,20760.0,38360.0,25410.0,34960.0,78030.0,79900.0,33200.0,26350.0,25000.0,44890.0,21310.0,139140.0,77700.0,80640.0,42480.0,15300.0,14110.0,23500.0,66000.0,30070.0,42750.0,59700.0,59220.0,15020.0,153400.0,130380.0,60610.0,27120.0,85000.0,26650.0
2026-04-09,20550.0,37570.0,24720.0,34470.0,77240.0,78400.0,32800.0,26050.0,25220.0,45360.0,21220.0,138350.0,78000.0,79460.0,42200.0,15500.0,14230.0,22980.0,66300.0,30260.0,43080.0,58910.0,58740.0,14850.0,149200.0,127690.0,59840.0,26630.0,80000.0,26650.0
2026-04-10,20550.0,37750.0,26450.0,34470.0,76640.0,80700.0,33650.0,26150.0,25000.0,46590.0,21380.0,137950.0,78000.0,80250.0,42850.0,15400.0,14230.0,22860.0,66900.0,31590.0,43000.0,59310.0,58310.0,15110.0,151700.0,128460.00000000001,60810.0,26820.0,81000.0,26560.0
2026-04-13,20460.0,37340.0,27040.0,34270.0,74970.0,80700.0,32600.0,25900.0,24820.0,45310.0,21180.0,137950.0,77000.0,80050.0,42520.0,15000.0,14190.0,22700.0,67300.0,31240.0,42920.0,58710.0,59180.0,15370.0,160000.0,128310.0,60810.0,26430.0,80200.0,26610.0
2026-04-14,20680.0,37380.0,26010.0,34370.0,75160.0,79300.0,32700.000000000004,26100.0,25490.0,45360.0,21380.0,137950.0,77600.0,80350.0,42240.0,15100.0,14110.0,22940.0,66100.0,31390.0,43750.0,58810.0,62070.0,15240.0,165500.0,128310.0,60030.0,26870.0,80000.0,26940.0
2026-04-15,20510.0,37290.0,25860.0,34520.0,74080.0,79200.0,33000.0,26350.0,25050.0,45070.0,21310.0,137950.0,77200.0,78770.0,43180.0,15400.0,14020.0,22940.0,64300.0,31190.0,43330.0,59410.0,65970.0,15020.0,177000.0,137080.0,59350.0,26870.0,84000.0,28300.0
2026-04-16,20380.0,37190.0,25510.0,34080.0,73090.0,78400.0,32200.000000000004,26100.0,24950.0,44700.0,21070.0,137950.0,78000.0,80050.0,42800.0,15550.0,13820.0,23060.0,63800.0,31240.0,42500.0,58910.0,68900.0,14850.0,189300.0,137080.0,59160.0,27120.0,86100.0,28590.0
2026-04-17,20460.0,37290.0,26400.0,34320.0,74970.0,80100.0,33500.0,26200.0,25000.0,43470.0,21180.0,138940.0,79500.0,85570.0,42570.0,15300.0,13980.0,22820.0,64000.0,31590.0,43000.0,59010.0,65340.0,15020.0,187900.0,136770.0,59350.0,27760.0,82800.0,27620.0
2026-04-20,20630.0,37520.0,25860.0,34570.0,75860.0,79200.0,33000.0,26900.0,25400.0,43470.0,21110.0,139240.0,79800.0,85960.0,42570.0,15300.0,13980.0,23140.0,64200.0,31930.0,42920.0,59600.0,69870.0,15150.0,191000.0,134850.0,59550.0,27560.0,85300.0,28440.0
2026-04-21,20460.0,37380.0,25810.0,34320.0,74080.0,78700.0,32650.0,26700.0,25490.0,44460.0,21070.0,138050.0,79000.0,84290.0,42240.0,15150.0,13940.0,22620.0,67700.0,32030.0,42500.0,59110.0,70200.0,14890.0,193700.0,135150.0,59650.0,27070.0,83700.0,28300.0
2026-04-22,20330.0,37240.0,25660.0,34370.0,73590.0,78100.0,32750.0,26550.0,25170.0,44410.0,20980.0,138050.0,79000.0,85070.0,42150.0,15200.0,13940.0,22500.0,66500.0,32320.0,42330.0,58910.0,72370.0,14980.0,207200.0,135150.0,59840.0,27070.0,83900.0,28920.0
2026-04-23,20250.0,38490.0,24720.0,34960.0,73290.0,77400.0,32600.0,26600.0,24820.0,43940.0,21140.0,137950.0,78200.0,83200.0,45100.0,14800.0,13860.0,22340.0,65400.00000000001,32610.0,42000.0,62280.0,71740.0,14890.0,214500.0,134540.0,60030.0,26920.0,83500.0,28060.0
2026-04-24,20160.0,37700.0,24720.0,34470.0,72400.0,78300.0,33350.0,26900.0,24910.0,43750.0,20980.0,137460.0,77200.0,82220.0,43970.0,14750.0,13820.0,22140.0,64900.00000000001,33540.0,41920.0,60100.0,67990.0,14940.0,212100.0,138850.0,59450.0,26770.0,81500.0,27810.0
2026-04-28,20250.0,37150.0,23140.0,34270.0,73390.0,73500.0,33000.0,26600.0,24770.0,43090.0,20820.0,137460.0,77400.0,84290.0,45380.0,14450.0,13820.0,22100.0,68100.0,33890.0,42580.0,59310.0,72710.0,15020.0,225500.0,137460.0,59260.0,26530.0,84300.0,29750.0
2026-04-29,20250.0,37100.0,23340.0,34420.0,74470.0,75200.0,33700.0,26600.0,24770.0,44700.0,20870.0,135000.0,76800.0,82710.0,44440.0,14550.0,13860.0,22100.0,67500.0,33150.0,42170.0,59310.0,70300.0,14890.0,214000.0,138460.0,58970.0,26040.0,85700.0,31190.0
2026-05-04,19900.0,37790.0,24970.0,34810.0,72700.0,76500.0,36050.0,26500.0,24640.0,44410.0,20910.0,134510.0,76800.0,83600.0,44300.0,14350.0,13900.0,22140.0,66200.0,32860.0,41460.0,60200.0,68370.0,14750.0,212000.0,138380.0,58970.0,26480.0,85200.0,32549.999999999996
2026-05-05,19470.0,37520.0,26450.0,34770.0,73290.0,77700.0,35200.0,26400.0,24370.0,45450.0,20780.0,133030.0,76600.0,83500.0,44020.0,14000.0,13900.0,21820.0,66600.0,32610.0,41580.0,59410.0,72800.0,14570.0,219500.0,139230.0,59160.0,27510.0,88000.0,33990.0
2026-05-06,19900.0,37840.0,26400.0,35010.0,72300.0,79200.0,35800.0,26600.0,24640.0,46680.0,20870.0,129780.0,78400.0,84680.0,44720.0,14100.0,13940.0,22780.0,68900.0,33200.0,42670.0,60000.0,72710.0,14790.0,219500.0,139620.0,59550.0,27510.0,90000.0,35350.0
2026-05-07,19730.0,37790.0,25220.0,35260.0,72010.0,76000.0,35850.0,27500.0,24770.0,48380.0,20910.0,129780.0,81000.0,84680.0,43650.0,14100.0,13940.0,22660.0,73700.0,33010.0,42920.0,59800.0,77760.0,14700.0,224000.0,140000.0,59550.0,27660.0,91500.0,35250.0
2026-05-08,19690.0,39230.0,25660.0,35650.0,70920.0,74700.0,35700.0,27350.0,24860.0,48950.0,20940.0,128889.99999999999,80200.0,83300.0,43270.0,14250.0,13940.0,22620.0,73500.0,33150.0,42420.0,60200.0,78970.0,14660.0,226000.0,135540.0,58970.0,27460.0,91500.0,34670.0
2026-05-11,19600.0,38390.0,27440.0,35060.0,69050.0,73600.0,34750.0,26900.0,24550.0,49890.0,20820.0,124160.0,77500.0,82220.0,44540.0,14150.0,13860.0,22620.0,72200.0,33100.0,41920.0,59800.0,77520.0,14570.0,223000.0,131150.0,58680.0,27310.0,89000.0,32450.000000000004
2026-05-12,19560.0,38630.0,28780.0,34720.0,69640.0,76500.0,36300.0,27350.0,24450.0,51500.0,20740.0,124160.0,77700.0,82510.0,43970.0,14000.0,13730.0,22420.0,76800.0,33100.0,42000.0,59410.0,77140.0,14610.0,222000.0,134620.0,58190.0,27360.0,89500.0,34240.0
2026-05-13,19390.0,39600.0,29860.0,35010.0,69740.0,81800.0,36800.0,27700.0,24640.0,51500.0,20670.0,128100.0,78900.0,82420.0,43550.0,14000.0,13820.0,22220.0,73500.0,32910.0,41620.0,59600.0,73430.0,14570.0,221000.0,133150.0,57420.0,27260.0,90000.0,31870.0
2026-05-14,19640.0,40290.0,29910.0,35410.0,72900.0,83600.0,36200.0,27800.0,24590.0,52100.0,20710.0,132040.0,79100.0,82910.0,43970.0,14000.0,13860.0,22460.0,73600.0,33300.0,42500.0,60500.0,75600.0,14660.0,229800.0,133150.0,58190.0,28150.0,89800.0,32980.0
2026-05-15,20070.0,39740.0,31400.0,35260.0,71910.0,89400.0,37750.0,27550.0,24140.0,51500.0,20540.0,131060.0,77500.0,80740.0,45420.0,13900.0,13690.0,22300.0,72900.0,33350.0,42670.0,60200.0,76080.0,14700.0,228000.0,131770.0,57900.0,27550.0,88400.0,32840.0
2026-05-18,19820.0,41910.0,33080.0,35750.0,73880.0,93000.0,39300.0,27450.0,24050.0,52300.0,20420.0,130070.0,76500.0,77790.0,45280.0,13800.0,13730.0,22500.0,72100.0,33300.0,42080.0,62680.0,74150.0,14700.0,225000.0,131620.0,58580.0,27450.0,90400.0,31970.0
2026-05-19,19640.0,40940.0,30800.0,35260.0,73490.0,86500.0,36550.0,26700.0,23860.0,51600.0,20070.0,129090.0,76500.0,77000.0,45380.0,13650.0,13690.0,22220.0,72300.0,32600.0,42330.0,63870.0,75600.0,14430.0,225100.0,132310.0,57900.0,26750.0,91500.0,32350.0
2026-05-20,19510.0,40620.0,31450.0,34670.0,76640.0,89700.0,37600.0,25800.0,23820.0,52300.0,19700.0,129090.0,75600.0,76020.0,44630.0,13550.0,13650.0,21780.0,71600.0,32450.000000000004,41830.0,64069.99999999999,76990.0,14340.0,226700.0,131230.0,57220.0,26700.0,91600.0,32350.0
2026-05-21,19640.0,40530.0,30360.0,34420.0,75460.0,87300.0,36200.0,25850.0,24140.0,53200.0,19870.0,129090.0,76200.0,78280.0,44910.0,13600.0,13730.0,21660.0,70800.0,32250.0,41830.0,64360.0,76940.0,14520.0,218700.0,133460.0,57130.0,27000.0,93500.0,31680.0
2026-05-22,19690.0,39790.0,29370.0,34270.0,74080.0,84900.0,35300.0,25850.0,23950.0,53200.0,19740.0,128490.00000000001,76000.0,78180.0,45000.0,13550.0,13860.0,22020.0,71200.0,32200.000000000004,42500.0,62980.0,74050.0,14340.0,216500.0,130850.0,57610.0,26800.0,93400.0,30610.0
2026-05-25,20290.0,39790.0,27890.0,34270.0,72500.0,82000.0,34300.0,26400.0,24100.0,54000.0,19870.0,129090.0,77200.0,77490.0,44820.0,13700.0,14270.0,21940.0,70000.0,32549.999999999996,43400.0,63170.0,76410.0,14520.0,218800.0,133690.0,57220.0,27000.0,95700.0,31680.0
2026-05-26,21370.0,40340.0,28180.0,34720.0,73490.0,82500.0,35150.0,26500.0,24250.0,54100.0,20420.0,129870.0,77000.0,77300.0,44160.0,13800.0,14480.0,22380.0,69600.0,32900.0,43350.0,63870.0,74050.0,14840.0,213000.0,132770.0,57220.0,27600.0,95700.0,31580.0
2026-05-27,21710.0,40060.0,27930.0,34810.0,72600.0,81500.0,34800.0,26700.0,24150.0,54000.0,20340.0,130270.00000000001,76500.0,78770.0,44680.0,14000.0,14850.0,22300.0,68300.0,33650.0,43000.0,63670.0,70970.0,15250.0,210800.0,132380.0,56930.0,28050.0,91700.0,30180.0
2026-05-28,21240.0,39320.0,28180.0,34320.0,71200.0,81700.0,34350.0,25850.0,24000.0,53000.0,20030.0,128590.0,75500.0,76510.0,44160.0,13800.0,14450.0,22020.0,68000.0,32600.0,41800.0,62280.0,75930.0,14890.0,210800.0,131080.0,57130.0,27300.0,91800.0,31150.0
2026-05-29,21450.0,38860.0,29420.0,34270.0,71600.0,87400.0,34900.0,25900.0,24000.0,52000.0,20030.0,133030.0,74700.0,75130.0,43930.0,13800.0,14000.0,21980.0,68000.0,32750.0,42000.0,61490.0,75110.0,14700.0,211300.0,132230.0,57320.0,27100.0,93500.0,31150.0
2026-06-01,21450.0,38770.0,28280.0,34030.0,72900.0,84200.0,35050.0,25750.0,24050.0,51800.0,20100.0,130560.0,74700.0,77890.0,44160.0,13750.0,14200.0,21940.0,67000.0,32350.0,41500.0,61690.0,73190.0,14700.0,204900.0,131540.0,57220.0,26950.0,92200.0,30130.0
2026-06-02,21630.0,38580.0,27390.0,33340.0,74800.0,82200.0,34600.0,24900.0,23700.0,50900.0,19740.0,130560.0,73200.0,76710.0,43970.0,13600.0,14400.0,21580.0,66600.0,31900.0,40300.0,61090.0,72610.0,14430.0,204900.0,130850.0,56740.0,26450.0,92000.0,29940.0
2026-06-03,22400.0,38770.0,27540.0,33440.0,76500.0,84500.0,34650.0,25200.0,24150.0,48000.0,20180.0,130560.0,75100.0,77300.0,44440.0,13800.0,14400.0,21820.0,66100.0,31550.0,40300.0,61390.0,71450.0,14520.0,197600.0,131380.0,56450.0,26450.0,92000.0,29020.0
2026-06-04,22620.0,39460.0,28580.0,33580.0,76100.0,85200.0,35350.0,25450.0,23950.0,46450.0,20030.0,130560.0,74000.0,77200.0,44720.0,13800.0,14350.0,21660.0,70400.0,31450.0,40300.0,61690.0,72220.0,14840.0,200200.0,132770.0,56740.0,26500.0,90700.0,30030.0
2026-06-05,22530.0,38860.0,28180.0,33390.0,75000.0,85000.0,34800.0,25500.0,23750.0,45650.0,20030.0,129580.00000000001,73100.0,76800.0,44720.0,14000.0,14350.0,21580.0,69800.0,31700.0,39800.0,61190.0,73190.0,14750.0,207000.0,142000.0,56550.0,26450.0,91500.0,30130.0
2026-06-08,21750.0,37930.0,28280.0,32750.0,72900.0,83900.0,33500.0,25100.0,23300.0,46300.0,19700.0,127610.0,70800.0,75230.0,43970.0,13700.0,14300.0,21060.0,69800.0,30850.0,39000.0,60790.0,70640.0,14380.0,195000.0,136000.0,56160.0,25600.0,89000.0,28590.0
2026-06-09,22830.0,38070.0,27740.0,32890.0,73700.0,82400.0,33400.0,25100.0,23550.0,46400.0,19740.0,128100.0,72400.0,76210.0,44110.0,13800.0,14350.0,21180.0,72000.0,30900.0,38500.0,60990.0,70300.0,14430.0,193200.0,137690.0,56450.0,25900.0,90000.0,28100.0
2026-06-10,22830.0,38530.0,27640.0,32990.0,74200.0,82500.0,33950.0,25300.0,23600.0,46600.0,19780.0,128400.0,71900.0,77000.0,44490.0,13800.0,14400.0,21220.0,70600.0,30950.0,38400.0,61190.0,70680.0,14520.0,196000.0,140000.0,57030.0,26050.0,90000.0,28630.0
2026-06-11,22830.0,38310.0,27740.0,32840.0,73100.0,82500.0,35400.0,25100.0,23300.0,46050.0,19830.0,128400.0,71000.0,75720.0,45470.0,13650.0,14500.0,21020.0,71300.0,30850.0,38400.0,61090.0,69580.0,14570.0,196000.0,136540.0,57320.0,26000.0,89900.0,28150.0
2026-06-12,22830.0,37980.0,27790.0,32890.0,73500.0,85100.0,35000.0,25200.0,23200.0,45500.0,19900.0,128400.0,71100.0,75230.0,45470.0,13800.0,14550.0,20900.0,70900.0,31250.0,38100.0,61090.0,66780.0,14750.0,195500.0,139080.0,57130.0,26000.0,87000.0,27620.0
2026-06-15,22750.0,38490.0,26200.0,33190.0,73600.0,82600.0,35300.0,25200.0,24350.0,46200.0,20180.0,128400.0,72200.0,78180.0,45380.0,13900.0,14850.0,21620.0,71800.0,31700.0,40750.0,61090.0,65530.0,14840.0,192600.0,141310.0,57810.0,26250.0,88600.0,27570.0
2026-06-16,22300.0,38770.0,26500.0,33190.0,73200.0,81800.0,35300.0,25250.0,24200.0,46450.0,20100.0,128400.0,73000.0,78180.0,45940.0,13900.0,14850.0,22060.0,71300.0,31750.0,43500.0,61290.0,65720.0,14790.0,194000.0,138000.0,57220.0,26350.0,89300.0,27670.0
2026-06-17,22000.0,39740.0,26060.0,33780.0,72300.0,80900.0,35550.0,25250.0,24000.0,46900.0,20180.0,128100.0,72500.0,77890.0,45660.0,14000.0,14900.0,22140.0,72100.0,31450.0,43000.0,61690.0,65000.0,14980.0,192000.0,143900.0,57130.0,26500.0,89300.0,27190.0
2026-06-18,22400.0,39550.0,26110.0,33440.0,71600.0,81800.0,35550.0,25150.0,23650.0,47050.0,20220.0,128100.0,72100.0,77490.0,45100.0,13900.0,14850.0,21980.0,70900.0,31200.0,42050.0,61090.0,69530.0,14840.0,205400.0,138400.0,57320.0,26400.0,91000.0,29070.0
2026-06-19,22200.0,38670.0,25760.0,33240.0,71500.0,81200.0,35100.0,25150.0,23600.0,48000.0,20030.0,124650.0,72000.0,76800.0,45050.0,13750.0,14900.0,21700.0,72300.0,30950.0,42950.0,61190.0,69960.0,14660.0,205500.0,140500.0,57130.0,25900.0,91000.0,28340.0
2026-06-22,22000.0,39270.0,26110.0,33340.0,70600.0,81700.0,34500.0,25250.0,23600.0,49200.0,19870.0,126620.0,71500.0,76020.0,45100.0,13700.0,14950.0,21740.0,71200.0,30900.0,43150.0,60790.0,74820.0,14660.0,219800.0,139500.0,56740.0,26000.0,91900.0,29650.0
2026-06-23,22350.0,39460.0,24820.0,33480.0,70800.0,78900.0,33550.0,25650.0,23300.0,52600.0,19870.0,125240.0,71500.0,74830.0,44720.0,13700.0,15150.0,21460.0,71700.0,32049.999999999996,43400.0,60790.0,75110.0,14700.0,229000.0,137500.0,56550.0,26550.0,90500.0,28780.0
2026-06-24,22500.0,38950.0,25270.0,33390.0,70800.0,79300.0,33650.0,25700.0,23500.0,55500.0,19870.0,126130.0,71500.0,76610.0,44720.0,13650.0,15150.0,21340.0,71200.0,32500.0,44300.0,60500.0,76850.0,14660.0,230500.0,136400.0,56450.0,26550.0,90500.0,29260.0
2026-06-25,22400.0,38770.0,24330.0,32990.0,71000.0,77500.0,33100.0,25600.0,23400.0,56000.0,19780.0,126130.0,71500.0,76020.0,45470.0,13650.0,15200.0,21180.0,72200.0,33400.0,45000.0,60300.0,75350.0,14610.0,225000.0,139400.0,56450.0,26700.0,87900.0,28590.0
2026-06-26,22600.0,38580.0,23980.0,33090.0,70800.0,77000.0,32100.0,25400.0,23500.0,53000.0,19830.0,125930.0,71400.0,77300.0,45560.0,13650.0,16100.000000000002,21100.0,73700.0,33400.0,45000.0,60890.0,78000.0,14750.0,228000.0,139500.0,56300.0,26750.0,88800.0,28970.0
2026-06-29,22900.0,39230.0,24130.0,33390.0,70400.0,77700.0,32600.0,25800.0,23650.0,54700.0,20100.0,129090.0,72100.0,77790.0,44910.0,13600.0,16149.999999999998,21260.0,74900.0,33800.0,44400.0,61490.0,75150.0,15110.0,217200.0,138800.0,56100.0,27050.0,88500.0,28200.0
2026-06-30,22650.0,39230.0,23880.0,33440.0,70200.0,77400.0,32800.0,25850.0,23300.0,53500.0,20180.0,132040.0,72100.0,76900.0,45380.0,13550.0,16200.0,21380.0,73800.0,33500.0,44400.0,61690.0,75900.0,15070.0,220000.0,139500.0,54800.0,27000.0,89800.0,28500.0
2026-07-01,22650.0,39830.0,25170.0,33880.0,72900.0,78000.0,33150.0,26600.0,23450.0,53100.0,20620.0,138640.0,72500.0,78770.0,45240.0,13700.0,16500.0,21740.0,73200.0,34300.0,44850.0,62480.0,74350.0,15160.0,217100.0,139300.0,55200.0,27700.0,88200.0,28300.0
2026-07-02,22650.0,39370.0,24620.0,33730.0,72500.0,77300.0,33000.0,26600.0,23400.0,52100.0,20540.0,136670.0,72400.0,78480.0,45470.0,13700.0,16500.0,21660.0,72600.0,33850.0,45000.0,61590.0,75200.0,15210.0,220300.0,139000.0,55500.0,27700.0,87000.0,28150.0
2026-07-03,22650.0,39090.0,24420.0,33630.0,72300.0,75300.0,32500.0,26950.0,23250.0,51000.0,20510.0,138350.0,71800.0,77690.0,44820.0,13650.0,16500.0,21860.0,72000.0,33600.0,45000.0,61490.0,75800.0,15020.0,220300.0,141800.0,54900.0,27800.0,85800.0,28150.0
2026-07-06,22200.0,38260.0,23240.0,33630.0,73000.0,74000.0,31000.0,27200.0,23100.0,51300.0,20270.0,136970.0,70500.0,76800.0,44110.0,13350.0,16400.0,21380.0,70800.0,33750.0,43500.0,60690.0,77050.0,14700.0,220300.0,140600.0,55300.0,27450.0,83000.0,27700.0
2026-07-07,22600.0,38530.0,23980.0,33730.0,73200.0,73800.0,31450.0,27700.0,23100.0,53800.0,20620.0,135590.0,68600.0,76310.0,44210.0,13400.0,16400.0,21700.0,70800.0,33850.0,44750.0,60790.0,75050.0,14840.0,220300.0,139700.0,55100.0,27600.0,82400.0,27350.0
2026-07-08,22700.0,38670.0,24820.0,33980.0,72100.0,74800.0,31500.0,27550.0,23200.0,53100.0,20820.0,134800.0,69000.0,77590.0,44160.0,13400.0,16400.0,21740.0,70900.0,33750.0,44300.0,61090.0,75000.0,14840.0,220700.0,138900.0,55700.0,27750.0,84000.0,27050.0
2026-07-09,22800.0,38170.0,26060.0,33530.0,72100.0,77000.0,31500.0,27300.0,23200.0,52400.0,20490.0,131850.0,68900.0,77300.0,44110.0,13350.0,15950.0,21540.0,71000.0,33150.0,43650.0,60600.0,74350.0,14700.0,221000.0,139000.0,55700.0,27250.0,83200.0,26900.0
2026-07-10,22550.0,37930.0,25220.0,33190.0,70600.0,75200.0,30600.0,27000.0,22950.0,53400.0,20530.0,134010.0,68800.0,75430.0,44110.0,13150.0,16250.0,21220.0,70100.0,32400.0,42200.0,60000.0,73500.0,14570.0,223000.0,138000.0,56600.0,26700.0,82300.0,26350.0
2026-07-13,22450.0,36960.0,25460.0,32110.0,70500.0,75400.0,29500.0,26700.0,22400.0,51600.0,20370.0,132040.0,67900.0,74830.0,43180.0,12600.0,15650.0,20500.0,68500.0,32350.0,41750.0,58410.0,71500.0,14160.0,221500.0,134400.0,55400.0,26400.0,82900.0,25900.0
2026-07-14,22850.0,37240.0,26900.0,32110.0,70300.0,78500.0,30500.0,26800.0,22500.0,51500.0,20450.0,137860.0,68400.0,75620.0,43790.0,12800.0,15900.0,20420.0,70400.0,32200.000000000004,41950.0,58710.0,70400.0,14380.0,219000.0,133300.0,56000.0,26500.0,81800.0,25600.0
2026-07-15,23100.0,36550.0,26010.0,31660.0,66800.0,77600.0,30100.0,26350.0,22400.0,51500.0,19950.0,135980.0,68000.0,75030.0,43090.0,12600.0,15800.0,19740.0,69800.0,31500.0,42800.0,58710.0,68000.0,14110.0,217000.0,129699.99999999999,56200.0,25800.0,81800.0,24800.0
2026-07-16,23750.0,36360.0,25710.0,31810.0,68000.0,77400.0,30250.0,27150.0,22200.0,52000.0,20120.0,135790.0,68000.0,75520.0,43370.0,12700.0,16000.0,19980.0,71800.0,31900.0,43500.0,58910.0,71400.0,14110.0,223000.0,132500.0,56200.0,26000.0,81900.0,25050.0
2026-07-17,23550.0,36310.0,24620.0,31520.0,67000.0,76200.0,29700.0,27250.0,21850.0,52900.0,19780.0,136870.0,68000.0,75520.0,43880.0,12650.0,15950.0,19380.0,73500.0,31450.0,43100.0,58020.0,70250.0,14060.0,220000.0,131300.0,59000.0,25850.0,79800.0,24550.0
2026-07-20,22850.0,34630.0,24380.0,30330.0,67100.0,73100.0,27900.0,26850.0,20600.0,53500.0,18990.0,133320.0,64800.0,74050.0,44250.0,11800.0,15750.0,18140.0,73000.0,29950.0,41800.0,56230.0,68450.0,13650.0,220000.0,132000.0,58500.0,25000.0,77600.0,23250.0
2026-07-21,22850.0,34440.0,22790.0,30430.0,64800.0,68000.0,27350.0,26950.0,20800.0,54600.0,18910.0,135790.0,64900.00000000001,74740.0,43970.0,11800.0,15650.0,18540.0,72700.0,29800.0,41400.0,56230.0,68200.0,13700.0,217300.0,130800.00000000001,58400.0,25350.0,77600.0,23050.0
2026-07-22,22400.0,33550.0,22740.0,29250.0,64599.99999999999,64400.00000000001,27150.0,25800.0,20700.0,54400.0,18620.0,132830.0,63900.0,69520.0,43930.0,11700.0,15650.0,18100.0,71000.0,29000.0,40550.0,54050.0,63450.0,13200.0,202100.0,126000.0,59100.0,25000.0,73500.0,21750.0
2026-07-23,22500.0,33690.0,23090.0,29050.0,64700.0,66800.0,27100.0,25950.0,20800.0,53300.0,18370.0,134010.0,64000.0,70400.0,43970.0,12000.0,15650.0,18820.0,72000.0,29250.0,41100.0,54000.0,66000.0,13330.0,214000.0,127600.0,57800.0,25000.0,74900.0,22000.0
2026-07-24,22500.0,33690.0,23730.0,29000.0,62900.0,67200.0,26200.0,25850.0,20800.0,52400.0,18240.0,133030.0,63900.0,66960.0,43510.0,11800.0,15400.0,18220.0,73500.0,28600.0,39200.0,54100.0,65000.0,13150.0,213100.0,127400.0,58900.0,24950.0,74500.0,21900.0
2026-07-27,22300.0,32479.999999999996,23440.0,28750.0,62200.0,66900.0,26000.0,25300.0,20350.0,54000.0,18030.0,135490.0,63900.0,62330.0,43600.0,11450.0,15550.0,17590.0,72500.0,28250.0,37500.0,54000.0,65500.0,12920.0,213500.0,126000.0,57900.0,24550.0,74000.0,21350.0
2026-07-28,22500.0,32850.0,23980.0,29000.0,63000.0,67000.0,26350.0,25100.0,21000.0,53500.0,18450.0,136870.0,65700.0,64200.0,43150.0,11400.0,15550.0,18380.0,72500.0,28500.0,38100.0,54100.0,65950.0,13150.0,213800.0,123400.0,59600.0,24600.0,74500.0,21300.0
2026-07-29,22300.0,33180.0,24520.0,29350.0,65099.99999999999,67900.0,26750.0,25500.0,21650.0,52600.0,18410.0,136870.0,66300.0,66500.0,43000.0,11200.0,15400.0,18580.0,71500.0,28400.0,38650.0,54600.0,70000.0,13150.0,219400.0,125500.0,60000.0,24350.0,76900.0,22750.0
2026-07-30,22350.0,34860.0,25410.0,30450.0,67000.0,68700.0,27550.0,25700.0,21800.0,52600.0,18740.0,140810.0,67900.0,69800.0,43400.0,11750.0,15550.0,19180.0,71600.0,29300.0,40600.0,56500.0,73950.0,13470.0,220000.0,124200.0,61200.0,25000.0,79500.0,24300.0
2026-07-31,21900.0,35570.0,25070.0,30800.0,67100.0,68600.0,27500.0,25200.0,21700.0,51800.0,18740.0,138940.0,66100.0,69900.0,43550.0,11500.0,15550.0,18820.0,71300.0,28950.0,41000.0,59300.0,74050.0,13240.0,214100.0,125000.0,60900.0,24800.0,79600.0,24800.0
2026-08-03,22550.0,35800.0,25220.0,31800.0,71700.0,71200.0,28200.0,26000.0,22550.0,53000.0,19990.0,135690.0,68200.0,72500.0,44800.0,11900.0,15550.0,19620.0,71500.0,29950.0,40900.0,60800.0,74000.0,13560.0,213000.0,126600.0,60300.0,25500.0,81000.0,25200.0
2026-08-04,22450.0,35570.0,24720.0,31850.0,71500.0,69900.0,28500.0,26700.0,22150.0,53800.0,20320.0,135980.0,68400.0,72100.0,45100.0,11800.0,15450.0,19620.0,74100.0,29650.0,40650.0,60000.0,76450.0,13520.0,218000.0,126500.0,59500.0,25650.0,81200.0,26400.0
2026-08-05,22450.0,35570.0,24870.0,31850.0,70300.0,70500.0,28150.0,26550.0,22000.0,53000.0,20240.0,135000.0,67200.0,72200.0,44400.0,11800.0,15350.0,19500.0,73200.0,29650.0,39600.0,59300.0,76500.0,13520.0,220000.0,126100.0,58600.0,25500.0,81000.0,26450.0
2026-08-06,22150.0,35470.0,24770.0,31350.0,70700.0,69800.0,27850.0,26550.0,21850.0,52000.0,19910.0,134900.0,66500.0,71200.0,43700.0,11800.0,15200.0,19420.0,72200.0,29200.0,39400.0,59000.0,77100.0,13290.0,218800.0,126000.0,59000.0,25150.0,80900.0,25300.0
2026-08-07,22400.0,36550.0,25910.0,32500.0,70800.0,74600.0,29750.0,26550.0,22000.0,52900.0,20120.0,134900.0,67400.0,71000.0,44750.0,11700.0,15050.0,19540.0,74600.0,29700.0,39300.0,59700.0,73000.0,13380.0,215000.0,125500.0,62000.0,25000.0,79000.0,24950.0
2026-08-10,22650.0,36970.0,26600.0,32800.0,71800.0,79800.0,31800.0,26950.0,22100.0,52300.0,20200.0,136000.0,67700.0,73000.0,46500.0,12000.0,15250.0,20060.0,74600.0,31350.0,40000.0,60300.0,71600.0,13560.0,208500.0,125500.0,62100.0,25850.0,78500.0,25550.0
2026-08-11,22650.0,36600.0,26050.0,32299.999999999996,71200.0,77500.0,31400.0,26900.0,22050.0,53700.0,20350.0,136000.0,67100.0,73200.0,45650.0,11900.0,15400.0,20100.0,74300.0,31000.0,40800.0,59800.0,72100.0,13520.0,208500.0,127200.0,62000.0,25500.0,78400.0,25450.0
2026-08-12,22750.0,36740.0,26500.0,32200.000000000004,70800.0,80000.0,32250.0,27200.0,22100.0,53800.0,20450.0,136200.0,67200.0,74000.0,46300.0,11850.0,15450.0,20220.0,74100.0,31500.0,40500.0,59700.0,73800.0,13520.0,215500.0,127700.0,61800.0,25700.0,78400.0,25450.0
2026-08-13,22200.0,36360.0,26500.0,32150.0,69200.0,77900.0,32650.0,26700.0,21700.0,53800.0,20150.0,136900.0,67600.0,73600.0,45850.0,11800.0,15200.0,19980.0,73100.0,31700.0,40000.0,59500.0,71800.0,13290.0,207900.0,124900.0,61600.0,25350.0,77000.0,24600.0
2026-08-14,22150.0,35800.0,25350.0,31450.0,68300.0,76000.0,31200.0,26450.0,21250.0,52400.0,20000.0,136800.0,66300.0,72400.0,45300.0,11750.0,15050.0,19580.0,72300.0,32000.0,39150.0,58500.0,68200.0,13150.0,200400.0,123200.0,61600.0,25100.0,74500.0,23950.0
2026-08-17,21850.0,35900.0,26000.0,31500.0,68800.0,79100.0,31350.0,26850.0,21200.0,50900.0,19900.0,136900.0,66900.0,73500.0,45750.0,11650.0,15200.0,19800.0,74200.0,31800.0,39200.0,58200.0,68200.0,13060.0,198000.0,123500.0,62200.0,24750.0,75000.0,24400.0
2026-08-18,21650.0,36000.0,27200.0,31550.0,69000.0,83500.0,32000.0,26950.0,21000.0,50000.0,19950.0,135900.0,66800.0,72800.0,46300.0,11600.0,15050.0,19500.0,75200.0,30850.0,39800.0,58000.0,69200.0,13150.0,200000.0,123500.0,62100.0,24900.0,75000.0,24400.0
2026-08-19,21800.0,35700.0,26700.0,31000.0,68900.0,83700.0,31700.0,26700.0,21200.0,50700.0,19950.0,136600.0,66400.0,72200.0,45900.0,11500.0,15050.0,19400.0,74800.0,31000.0,39450.0,57400.0,69100.0,13110.0,200000.0,123100.0,63100.0,24850.0,74900.0,24100.0
2026-08-20,21950.0,35850.0,27000.0,31400.0,69800.0,83500.0,31450.0,26850.0,21150.0,50000.0,20300.0,138000.0,68100.0,72700.0,46800.0,11600.0,15100.0,19400.0,74500.0,31000.0,39500.0,57800.0,69500.0,13150.0,202000.0,123400.0,64000.0,24900.0,75000.0,24150.0
2026-08-21,22750.0,36900.0,26850.0,32150.0,72000.0,83500.0,32100.0,27300.0,21700.0,50000.0,20850.0,139500.0,69800.0,75000.0,46800.0,11900.0,15300.0,20750.0,74700.0,31650.0,41000.0,59100.0,71700.0,13470.0,205000.0,124500.0,63800.0,25700.0,76900.0,25300.0
2026-08-24,22500.0,36900.0,27400.0,31800.0,71400.0,85000.0,32200.000000000004,27400.0,22250.0,49100.0,20750.0,139700.0,70000.0,75100.0,46100.0,12100.0,15500.0,21250.0,74900.0,31450.0,40800.0,59200.0,73400.0,13470.0,214500.0,124500.0,63200.0,26350.0,76900.0,25300.0
2026-08-25,22200.0,36700.0,26700.0,31500.0,70700.0,83500.0,32500.0,27000.0,21800.0,49800.0,20650.0,141800.0,69500.0,73900.0,46100.0,12050.0,15850.0,21250.0,74200.0,31300.0,40300.0,59400.0,73600.0,13380.0,220500.0,124700.0,62600.0,26400.0,76500.0,25200.0
2026-08-26,22250.0,36900.0,26850.0,31850.0,72600.0,84100.0,33400.0,27750.0,22050.0,49600.0,21050.0,141900.0,70100.0,75500.0,46150.0,12050.0,16000.0,21650.0,74600.0,33450.0,41750.0,60300.0,73600.0,13380.0,230000.0,127000.0,62800.0,26750.0,75200.0,25600.0
2026-08-27,22600.0,36950.0,26500.0,31900.0,72200.0,84300.0,32950.0,27800.0,22200.0,49400.0,21050.0,142000.0,70200.0,75900.0,45750.0,11900.0,16000.0,21400.0,73500.0,34100.0,40800.0,60100.0,73800.0,13610.0,236000.0,126500.0,62500.0,27400.0,77500.0,26000.0
2026-08-28,22650.0,36850.0,26600.0,31950.0,73200.0,84200.0,32350.0,27800.0,22100.0,49950.0,21050.0,143000.0,70200.0,75000.0,45600.0,12200.0,17100.0,21350.0,75500.0,33400.0,40800.0,60100.0,73000.0,13650.0,236000.0,125000.0,62300.0,27800.0,77600.0,26100.0
2026-09-03,22200.0,36450.0,26900.0,31500.0,72200.0,84000.0,31700.0,27200.0,21600.0,48800.0,20600.0,142000.0,69000.0,73200.0,45000.0,11950.0,18250.0,20900.0,74500.0,32100.0,39400.0,58700.0,73400.0,13420.0,244500.0,125600.0,61200.0,26950.0,76600.0,26300.0
2026-09-04,22200.0,36500.0,26750.0,31400.0,72800.0,84000.0,31500.0,27200.0,21700.0,49000.0,20550.0,142000.0,69000.0,73100.0,45350.0,12050.0,17450.0,21050.0,77300.0,32600.0,40400.0,58900.0,75200.0,13740.0,256100.00000000003,124500.0,61900.0,27800.0,77500.0,26500.0
2026-09-07,22250.0,36000.0,26300.0,30800.0,72400.0,82800.0,31700.0,27350.0,21550.0,49650.0,20200.0,141800.0,68600.0,72000.0,44850.0,11900.0,17850.0,20850.0,76600.0,31900.0,39700.0,58000.0,74500.0,13610.0,245000.0,125000.0,60700.0,27300.0,81100.0,27000.0
2026-09-08,22300.0,36200.0,27000.0,30750.0,72200.0,84400.0,31800.0,27350.0,21850.0,49000.0,20150.0,142600.0,68400.0,72300.0,44950.0,11850.0,18000.0,21000.0,76100.0,31950.0,40000.0,58100.0,73600.0,13740.0,249600.0,126000.0,61000.0,27400.0,82500.0,26200.0
2026-09-09,22450.0,36400.0,27350.0,30700.0,72400.0,85700.0,31850.0,27500.0,22050.0,48150.0,20200.0,142000.0,68400.0,71600.0,44650.0,11750.0,17700.0,20900.0,76700.0,32400.0,40000.0,58700.0,72100.0,13700.0,247700.0,125000.0,61300.0,27400.0,85900.0,26300.0
2026-09-10,22400.0,36350.0,27100.0,30550.0,74500.0,84600.0,31700.0,27450.0,21850.0,48150.0,20100.0,142000.0,68700.0,72900.0,44850.0,11750.0,18000.0,21000.0,78000.0,32400.0,39600.0,59000.0,73100.0,13700.0,247700.0,125200.0,61600.0,27500.0,84000.0,26450.0
2026-09-11,22050.0,35600.0,27550.0,29950.0,72700.0,82900.0,30000.0,26800.0,21300.0,46700.0,19750.0,141800.0,66500.0,71300.0,43850.0,11550.0,18300.0,20300.0,77300.0,31600.0,38100.0,58200.0,72000.0,13250.0,243300.0,124700.0,59900.0,26950.0,82500.0,25600.0
