Date,ACB,BID,BSR,CTG,FPT,GAS,GVR,HDB,HPG,LPB,MBB,MCH,MSN,MWG,SAB,SHB,SSB,SSI,STB,TCB,TCX,VCB,VHM,VIB,VIC,VJC,VNM,VPB,VPL,VRE
2020-01-02,1163109.0,872620,1232420.0,4347610,896720,141260,762975.0,2142970,4232230,416346.0,2849190,23053.0,518870,716290,28600,5266138.0,0.0,991450,2914530,1387610,0.0,386290,238600,371400.0,440280,419710,352700,1721220,0.0,581190
2020-01-03,1055528.0,603940,2024568.0,3626640,2047880,218980,1116553.0,1305640,7832210,79257.0,3476230,6150.0,777690,791020,17590,2756634.0,0.0,703890,1975250,756700,0.0,536130,394470,391030.0,248940,350790,625390,1416280,0.0,1272890
2020-01-06,1286035.0,794490,3836947.0,3173480,1091660,431090,408280.0,1309500,5371060,118620.0,2609270,17517.0,582020,389250,35850,2225405.0,0.0,1348120,2302490,1162990,0.0,880110,1025270,359794.0,301910,334350,495910,1655410,0.0,682790
2020-01-07,1050934.0,526890,1378587.0,4163600,837240,142800,537260.0,865630,4871220,144955.0,2684180,11477.0,319680,648230,15580,1900049.0,0.0,643090,2154970,1043300,0.0,1013270,590360,114862.0,183910,360760,459520,1298520,0.0,356780
2020-01-08,2304937.0,1230830,3326547.0,9864300,1814290,439260,503454.0,1954710,6421130,197038.0,4163950,6940.0,737690,742390,30610,4952178.0,0.0,2622960,4490220,1710390,0.0,722280,553690,516075.0,468910,417200,837710,2417600,0.0,919210
2020-01-09,1422248.0,1573190,2652190.0,8592300,967050,320980,200020.0,2024450,4613440,310444.0,3298470,2662.0,505680,318070,54030,4564607.0,0.0,1149130,2443480,2009840,0.0,722670,421250,559354.0,273870,451440,624130,3379270,0.0,1054800
2020-01-10,2371501.0,1506410,2137026.0,14701830,1018650,160820,409717.0,1917360,10006180,495515.0,8593950,4825.0,524930,412180,55770,12074293.0,0.0,2067400,10754160,3679110,0.0,1526920,699780,720409.0,159120,483900,596280,3102860,0.0,543040
2020-01-13,1523181.0,544740,2759130.0,5317470,786760,355190,185830.0,866380,4456520,198130.0,2921820,4550.0,413810,288240,22590,6713670.0,0.0,1125380,3390120,892360,0.0,1044640,882160,527921.0,146680,466570,412880,1278670,0.0,417280
2020-01-14,2851982.0,752200,1688991.0,7040780,721680,166850,290900.0,813000,9565300,487555.0,4557920,4200.0,349410,320810,9340,4214729.0,0.0,1066740,1811340,1804950,0.0,1001130,361600,359137.0,101150,486130,335180,2049630,0.0,562730
2020-01-15,1158657.0,695290,934445.0,4364850,940870,201400,188608.0,712440,5881520,566760.0,3625930,14310.0,373290,293160,22540,5862093.0,0.0,830260,2479650,1929280,0.0,1471860,420650,379187.0,205600,422930,681740,2024320,0.0,549700
2020-01-16,2819687.0,1004080,2902912.0,8002680,1942970,508390,463400.0,2717120,6855030,493302.0,8169550,9809.0,290210,521080,9270,5813973.0,0.0,2384770,9556920,4383720,0.0,1171580,441860,690910.0,186740,404540,545090,2814400,0.0,979630
2020-01-17,2706194.0,643490,1181300.0,6412750,1388810,281760,355706.0,2061530,6329150,636570.0,4776330,3600.0,496940,435030,12580,5603239.0,0.0,2832740,6094750,1875160,0.0,2219790,552190,805973.0,169100,506950,375030,2388200,0.0,872560
2020-01-20,4443379.0,761650,1126220.0,4737420,1227100,134180,309240.0,939700,5711790,744140.0,4308990,10055.0,541490,1463940,17170,5686173.0,0.0,1288010,4135740,2019730,0.0,832190,711830,1253362.0,370670,341310,493600,2478120,0.0,1070940
2020-01-21,1775816.0,609600,9879031.0,6063350,4351820,180960,435320.0,1656380,5911660,549545.0,5239140,892.0,369330,692200,52160,3921607.0,0.0,1541100,7604200,7458340,0.0,749590,653680,1106015.0,181510,369200,853940,5349510,0.0,908080
2020-01-22,1574379.0,781390,2282520.0,4747210,3165650,162790,540290.0,2241630,8919900,410662.0,4991520,16409.0,540210,460240,11510,5596112.0,0.0,1729500,7030700,2309150,0.0,877710,673070,584350.0,371780,365030,794440,2728060,0.0,932500
2020-01-30,4250097.0,1388710,2743532.0,11319200,2638460,379940,372714.0,1695770,13028790,1097030.0,8995010,4533.0,1591110,1315710,38140,9105370.0,0.0,2412920,8264520,4013510,0.0,3541560,1414000,848096.0,682720,565700,1533720,4277050,0.0,2002220
2020-01-31,4243264.0,1154570,2822569.0,11815850,4118150,551680,655457.0,1891250,10994970,1697740.0,8065490,10455.0,791350,1434750,24730,18935757.0,0.0,4457280,6261030,6118460,0.0,1270160,1284370,988717.0,831740,489090,1915820,4664680,0.0,2322570
2020-02-03,4430186.0,1562560,3747796.0,13869450,3602970,565980,965930.0,1825080,12079180,2169576.0,14421110,17950.0,1290570,1949930,16880,27397994.0,0.0,3144570,7105100,4258750,0.0,1457070,755310,1299169.0,760420,1089690,2289150,4531780,0.0,1977600
2020-02-04,2397062.0,1406270,2443762.0,14852770,1651440,376400,353930.0,1620490,8086090,783597.0,9461800,21500.0,744900,905300,167140,7888715.0,0.0,1782240,5433400,2196570,0.0,1118410,829790,712734.0,1485500,271820,1869040,4567030,0.0,2239180
2020-02-05,2790275.0,718710,923440.0,11732260,1648620,290230,470640.0,1330510,6938550,2219653.0,7177000,37600.0,750710,805800,43870,13147005.0,0.0,2164080,3967950,2433210,0.0,731310,2410370,742628.0,468420,477530,1545750,6401650,0.0,2036300
2020-02-06,2980981.0,1469930,1826752.0,10566600,1708550,253870,308048.0,3301040,9214150,1525378.0,12119010,6202.0,2389970,785620,165080,9104379.0,0.0,2870780,22697950,2677150,0.0,889570,484420,760378.0,676290,422850,2137020,8466820,0.0,3660600
2020-02-07,2007251.0,1501140,1135672.0,8960350,1218660,299430,268160.0,1757480,8120240,1486586.0,8050600,11260.0,932290,628350,47950,10890679.0,0.0,2561750,14963660,1965440,0.0,1170540,587610,360258.0,1295520,502280,1523380,5941140,0.0,2423940
2020-02-10,1271190.0,1111680,1080915.0,6287560,738090,282460,201190.0,1230340,4794830,523143.0,6111600,7460.0,600280,702790,69570,10748016.0,0.0,775620,5335400,1304360,0.0,607060,373600,743200.0,192700,269590,910510,4827980,0.0,611640
2020-02-11,1862090.0,917080,550993.0,6762320,1085380,235700,399300.0,2634890,12551620,778552.0,4331600,4877.0,2081860,396130,26300,9393306.0,0.0,1521880,14652800,1353360,0.0,520210,602090,491576.0,290630,345280,885960,4954840,0.0,2573890
2020-02-12,10516207.0,704550,1453371.0,10390830,1104870,175490,283400.0,1790130,9581940,1231874.0,10980490,6710.0,804720,569230,57410,8981890.0,0.0,2789960,14679180,3157240,0.0,609750,395320,653767.0,452790,372700,838170,6169610,0.0,982950
2020-02-13,3773365.0,578820,824818.0,9485770,1030570,272240,727243.0,1237040,5263180,1410681.0,6581630,12273.0,547970,412040,76770,11588530.0,0.0,1264660,7807880,1823230,0.0,633270,421050,3715862.0,285340,362740,713560,3721290,0.0,862410
2020-02-14,8018099.0,627040,565040.0,6108570,884240,162870,678971.0,2113640,5052290,2780776.0,9083550,9079.0,1120310,415290,38650,5467484.0,0.0,1102790,17826750,4375740,0.0,432800,481520,1963866.0,252390,280880,708080,5754040,0.0,1388080
2020-02-17,3764464.0,863730,901360.0,5818090,726390,180040,314400.0,2070830,2716840,1340603.0,9693630,7940.0,1492320,384490,31460,6810878.0,0.0,1955060,8914870,6393370,0.0,343900,164600,973460.0,742220,324750,623350,2799180,0.0,562430
2020-02-18,6293208.0,879430,940476.0,7231540,1760940,215600,472400.0,1079920,7456030,1317677.0,5400900,3500.0,591220,568750,86320,4349999.0,0.0,1478110,8502440,4268770,0.0,432880,323870,1518563.0,791870,347240,1078500,2659640,0.0,1019810
2020-02-19,5091969.0,372250,521327.0,5895360,681250,166790,1159367.0,1704650,5481650,372128.0,4586120,3410.0,1818680,672440,105560,6807758.0,0.0,1668460,6823570,1980690,0.0,264010,514110,992359.0,875320,377580,794470,3026480,0.0,1562980
2020-02-20,5578717.0,552810,763481.0,9011120,780810,198200,496270.0,1144200,5225250,1820975.0,6104470,7514.0,1365480,451760,280190,9524499.0,0.0,1664520,7140210,2950950,0.0,541120,271380,597245.0,353570,257700,624620,3989640,0.0,1626950
2020-02-21,6333926.0,2619020,1067633.0,12049570,1458040,171440,514152.0,1193560,4513960,1203744.0,8795360,9409.0,2061050,901890,45380,4420990.0,0.0,1197860,7650810,2959980,0.0,898350,184170,4777915.0,309060,371740,1484500,4755490,0.0,697440
2020-02-24,10321149.0,1081210,2076235.0,12317180,2261990,348150,1084607.0,1366630,12938030,1904465.0,12138250,8524.0,1429040,1556120,43780,20882603.0,0.0,3482920,11765040,7508070,0.0,995910,619380,2291673.0,1428650,306570,954600,8083080,0.0,1391850
2020-02-25,8279866.0,878610,1895380.0,9764100,1407720,348890,1024130.0,1834510,5303830,1763709.0,11926410,24215.0,896710,692650,16230,14034831.0,0.0,1693240,5669010,3236900,0.0,1229530,410300,1761731.0,543820,247200,1200220,6045630,0.0,1014900
2020-02-26,4519324.0,626350,1506840.0,6229210,3221270,478410,1272443.0,1200270,4502880,542375.0,5079630,4169.0,1252450,1083030,79880,30512712.0,0.0,1038320,8381260,2243500,0.0,1163030,651880,1730855.0,625410,388100,1346630,4144870,0.0,1028780
2020-02-27,5309790.0,722680,791522.0,5524580,2927040,359090,1318652.0,1243660,3318240,985927.0,4046120,8640.0,1642080,2144240,46300,18183092.0,0.0,1490420,13069630,2324050,0.0,1227980,1280250,1355949.0,740420,243980,863890,2905090,0.0,1254940
2020-02-28,5959642.0,972320,2431582.0,7892390,2132200,449640,1264618.0,1033040,6583970,3306812.0,7020070,8505.0,2255610,1295250,76910,34257491.0,0.0,1987700,11942990,2433150,0.0,1710080,860760,1909126.0,870840,305420,1437350,4992410,0.0,1824830
2020-03-02,3629494.0,568290,2928755.0,4873970,1787060,255710,592520.0,1320040,3957540,8209563.0,4996110,2255.0,1588150,474160,179490,54625808.0,0.0,2114140,27550640,2567350,0.0,668980,447980,1282104.0,742130,339750,909240,3124310,0.0,929150
2020-03-03,6364207.0,1016900,4877781.0,9514110,1193800,270460,1047030.0,2539510,4411940,3685507.0,5788700,11994.0,1225730,679500,129270,42647821.0,0.0,2088500,15552620,2162150,0.0,848270,742520,1753520.0,557950,335300,741380,2436430,0.0,1767430
2020-03-04,5047583.0,658350,1678305.0,4587660,1660790,307460,1656538.0,1566000,2946050,7176240.0,3856070,8200.0,909830,680740,30310,50027154.0,0.0,2852970,12163500,1936620,0.0,581530,901070,717445.0,443810,401940,612800,2990200,0.0,966120
2020-03-05,5965022.0,872610,2911743.0,5997630,1296450,262610,1055157.0,1184690,2594810,5784282.0,4512210,15600.0,1780900,673150,65380,65589848.0,0.0,3298460,17517480,2022250,0.0,833710,361110,1430847.0,352300,413440,438020,4983410,0.0,859920
2020-03-06,3959935.0,555990,1852717.0,5353340,1305030,208460,1305340.0,720180,3035470,3136749.0,3822460,4812.0,2794380,827890,38170,22246933.0,0.0,1362870,12062750,2247920,0.0,884750,339740,878862.0,750830,299570,664920,2153680,0.0,805500
2020-03-09,16776046.0,944020,6939472.0,10773760,4735140,226330,0.0,1611800,16567350,6014031.0,12282460,27466.0,4205130,1051190,107570,4400928.0,0.0,3576610,17015340,4584600,0.0,1209500,973190,5896152.0,966890,340670,2356790,3853010,0.0,2164550
2020-03-10,7582331.0,1366220,2521792.0,11071330,2030340,1377350,0.0,2498670,8137980,4247181.0,7083800,6575.0,2386840,1429660,39620,14000432.0,0.0,3374030,15319250,3161970,0.0,1433230,1050110,2161508.0,825490,346960,1761300,4663130,0.0,3031510
2020-03-11,7841324.0,1522030,4072814.0,8522410,2753310,1022830,0.0,1355180,8527920,3315439.0,7990830,3050.0,2637580,1584730,73120,28794377.0,0.0,3614130,18789590,5626550,0.0,1806190,932900,2299550.0,1049580,683340,2292410,6458650,0.0,4211430
2020-03-12,11082125.0,1531140,5065041.0,11314020,3981670,832050,0.0,2178450,13041040,3955543.0,15483860,30300.0,4072710,527930,38400,16970413.0,0.0,4606030,21362410,4054760,0.0,1582400,1161120,2366087.0,1896270,791610,2431600,3085820,0.0,2976280
2020-03-13,9020091.0,2330290,2004446.0,10540670,2919140,975880,0.0,3270420,12836580,4100928.0,11673000,8100.0,3783330,3610700,54560,28882992.0,0.0,4484960,16337900,4332700,0.0,1859750,1337180,2739933.0,1226880,488260,2159130,5358840,0.0,4742820
2020-03-16,4614344.0,2191590,2839903.0,7506240,1898960,664400,0.0,2497160,9283920,2630457.0,4256130,21044.0,3216820,1526810,46800,8688136.0,0.0,2897920,9159620,3645430,0.0,1022550,968810,1053796.0,971340,397240,1087080,5035890,0.0,1752440
2020-03-17,6568088.0,1774340,1249700.0,7946050,2474650,531530,1626550.0,3084830,6053400,1784834.0,9350190,10904.0,3877150,1252010,25320,12201261.0,0.0,4834780,8611390,3112070,0.0,1364590,1095460,1369993.0,681330,439950,1788240,6240600,0.0,2066890
2020-03-18,4944595.0,1743970,5270301.0,6424470,1642800,1111270,1432550.0,1712110,10396530,3207888.0,5287310,17650.0,2170340,1406630,49230,7407963.0,0.0,3190370,8306390,1908520,0.0,1099800,1707750,609580.0,785390,383680,1322150,3264600,0.0,1935850
2020-03-19,4083896.0,906470,3181479.0,4724410,1296590,897780,858400.0,2289340,7773200,1521993.0,3879280,4500.0,3350310,1132320,40740,4986718.0,0.0,2568540,7516500,2214980,0.0,1191150,1482170,764288.0,1103680,540170,2774560,3825580,0.0,2175340
2020-03-20,3341564.0,771320,5539323.0,6426820,1291360,563530,1380930.0,1539210,13401260,1231949.0,4348520,18687.0,4120820,1095330,51940,6011812.0,0.0,2868770,4889230,1878140,0.0,2763360,1351550,324349.0,1083480,467800,2316660,2835760,0.0,2758320
2020-03-23,10024177.0,2728710,7326967.0,6448830,2826690,779860,1698240.0,695880,12947170,8131405.0,9616920,33828.0,5025020,1361560,38230,13749681.0,0.0,3296350,10633200,3265510,0.0,1875070,198200,1989844.0,678160,400260,2187710,3494590,0.0,401880
2020-03-24,4315784.0,1227020,1470085.0,6361270,2191500,769350,683830.0,1649110,13831390,2590936.0,7412520,34940.0,3558350,1567590,24520,8322806.0,0.0,3009990,7815200,3209920,0.0,1498070,2036510,807017.0,1474050,331440,1739530,5084480,0.0,6890560
2020-03-25,4115341.0,1611980,2703274.0,7041040,2131790,1074610,1559590.0,2066330,7758210,3116157.0,6925670,3909.0,2857290,1417730,137910,4967554.0,0.0,2376040,9894240,2952270,0.0,1835730,1832290,1192400.0,1401570,310640,2993020,2774030,0.0,4747820
2020-03-26,3631529.0,1148580,1517984.0,5121770,2358310,564130,811930.0,3422990,8514960,2564185.0,4627510,17602.0,2763490,2123850,188080,4013630.0,0.0,1256940,7221630,1487540,0.0,1484590,2020820,648007.0,1242250,208360,2556450,3019180,0.0,4553180
2020-03-27,3980631.0,1128210,990510.0,6261510,2633750,484150,612810.0,1966000,13442640,2121890.0,5378700,22627.0,2587920,2498890,145570,3671541.0,0.0,2469460,11651840,2746330,0.0,1569620,710770,310649.0,1149310,222210,2755950,4778990,0.0,5480540
2020-03-30,5925098.0,1369430,2159515.0,7331160,2157690,556090,1792710.0,1797420,10870540,2334334.0,7287180,7978.0,1378940,1861200,24210,4326720.0,0.0,2427550,16130350,3360230,0.0,1637330,929820,900039.0,881240,131550,1559900,853200,0.0,2275750
2020-03-31,4532153.0,1018770,2202715.0,6102570,1663050,414540,572600.0,1498980,11163440,2241165.0,5690150,12700.0,3667100,1868280,19220,3548092.0,0.0,1680730,12191270,1578850,0.0,957500,661010,925612.0,1296450,153980,1293290,4500760,0.0,3565970
2020-04-01,2761168.0,1190960,2092997.0,5514550,1453030,577930,262480.0,752190,4859650,3814282.0,6406330,21030.0,1725880,1604700,33750,3776573.0,0.0,3715270,8807420,1316380,0.0,1229320,553900,294770.0,437820,250950,1155730,3686810,0.0,930870
2020-04-03,3574343.0,1547020,4006383.0,4625590,2072000,1147360,356910.0,1133750,6503290,3154772.0,5151710,38697.0,1841480,1653030,67800,4185700.0,0.0,4544530,10672810,1433510,0.0,1726690,940470,795050.0,1184500,377340,1934430,3237360,0.0,2522290
2020-04-06,5757259.0,1881640,4762754.0,10557010,2718990,1513290,591020.0,2020520,10207240,4070248.0,7996310,67160.0,2556830,486160,85700,9067705.0,0.0,5473010,12901110,2966040,0.0,2111200,534020,1020978.0,2698260,466290,1840550,5262310,0.0,4515950
2020-04-07,4467621.0,1793050,4013139.0,7256090,2463810,945030,277730.0,1134650,7655220,1605253.0,12576310,96337.0,2099700,5818790,67530,5730224.0,0.0,6377610,17284520,2424610,0.0,1773570,902670,650240.0,2855700,264000,2273090,4306110,0.0,3715760
2020-04-08,2331536.0,1456160,2956727.0,4637260,1576670,869540,212500.0,1080520,5106690,2262367.0,4976890,38513.0,1338040,2044140,86700,6052955.0,0.0,4091610,8761230,1408000,0.0,1778380,950920,592808.0,760120,272420,904920,3738500,0.0,3361700
2020-04-09,4068966.0,1349000,3914822.0,7265280,2142370,1506780,574950.0,2083860,7134720,4539160.0,7173300,37462.0,2047890,1610080,236310,3893860.0,0.0,5507100,9821780,2199830,0.0,1795170,854470,1074312.0,1560610,359760,1220550,5977360,0.0,4761190
2020-04-10,2517477.0,1198580,4935592.0,5700980,1882020,944260,934920.0,1576090,5558450,1626554.0,8220670,27862.0,1914340,1235340,33310,4915216.0,0.0,3233820,10709980,1495400,0.0,1599380,513310,612012.0,983120,268880,1111470,3400010,0.0,2027970
2020-04-13,1926793.0,1056950,3111240.0,4183300,1255360,1048800,2160110.0,1621270,9039420,2775624.0,6297620,24330.0,2106950,2206590,40030,3262672.0,0.0,3573400,7684370,2564400,0.0,1046830,449470,551333.0,1411550,241950,1127670,4611900,0.0,2382640
2020-04-14,3167293.0,1220360,3486419.0,7389910,4072050,1273310,957110.0,1069550,8744760,1755932.0,7022430,11335.0,1449880,1035610,54340,5084359.0,0.0,3902110,8530630,1446850,0.0,1944570,642490,576043.0,631630,300930,1059560,8107960,0.0,3054710
2020-04-15,3686239.0,1107070,2500874.0,6758040,2205200,645240,788140.0,1176120,5960450,5284718.0,10310960,25658.0,1106350,1555700,210030,5145129.0,0.0,3075990,14857170,2536130,0.0,1017740,533620,2079760.0,1176850,244450,886130,4994760,0.0,2686900
2020-04-16,1895213.0,1210270,3552453.0,3710320,1508480,717400,634220.0,1764670,6665670,4387633.0,4540410,7368.0,981480,1460130,158280,2606662.0,0.0,2603060,7634020,1858330,0.0,1057050,670940,488261.0,845580,304040,1155660,3778190,0.0,2924260
2020-04-17,4809341.0,1151710,14305861.0,8578720,2631630,811680,649460.0,2464460,8818780,2625533.0,7574590,46814.0,1417150,2474360,128300,4932621.0,0.0,3936040,8375490,2252420,0.0,1473140,734070,1244355.0,1191510,391890,1767310,5009510,0.0,4348970
2020-04-20,3064104.0,1371830,9751302.0,6291720,2239780,1227520,1221230.0,1505740,9422860,3597729.0,10896580,25708.0,1843690,2181870,108760,4937658.0,0.0,3326260,11284390,1847520,0.0,1026030,512370,1312060.0,1055020,380240,1471680,3363240,0.0,2326300
2020-04-21,6015799.0,2238980,7437718.0,9299890,3737050,1557070,1336580.0,2215800,11934810,4379322.0,10667070,29820.0,1855040,2583970,204650,5584359.0,0.0,4437860,16193310,3045020,0.0,2159110,1213590,1196775.0,892270,270040,2129360,5653730,0.0,2804830
2020-04-22,2637424.0,1413800,4836352.0,6363800,2445860,760590,867890.0,1488030,11038450,2899672.0,5228620,13729.0,1062970,1796100,103890,3305313.0,0.0,3435210,8168410,1742290,0.0,1612290,1303590,928810.0,884070,422410,1085950,5779550,0.0,5280770
2020-04-23,2076603.0,789930,3418414.0,2950110,1363410,620260,653970.0,2254760,8345940,2012076.0,3568320,15164.0,842920,1345230,119240,1785925.0,0.0,2594810,5414960,1401680,0.0,1201610,1093030,353550.0,347420,417880,1443180,3739790,0.0,3095130
2020-04-24,1264729.0,592910,4107975.0,2871100,1411380,583010,837180.0,2076040,8301090,1878442.0,2664100,19548.0,1218690,1028080,77880,1236565.0,0.0,1507530,4794810,851770,0.0,972170,2147870,363171.0,300240,220300,3624460,3362450,0.0,1639110
2020-04-27,1806851.0,1205680,2424175.0,4305890,1419750,476510,1663520.0,1764890,6636160,3097311.0,4853010,9334.0,1122520,1120700,81050,1674463.0,0.0,2112890,8059440,962880,0.0,2547060,1235530,466516.0,453720,279920,1950560,8928000,0.0,3418720
2020-04-28,1246915.0,589490,2040923.0,3942840,974310,775610,1444690.0,1656080,7687010,1848906.0,2897820,13292.0,1095230,899940,73210,1814591.0,0.0,2587110,7077710,921180,0.0,2052860,3631100,385960.0,222920,211570,1401520,2453910,0.0,3988030
2020-04-29,1196049.0,595490,2205788.0,9337270,1349230,623860,1497360.0,2104730,7447050,1750041.0,2734790,10756.0,830530,1175430,146240,1362714.0,0.0,1454150,3844890,2860010,0.0,1523750,2701200,418833.0,314400,500000,1769090,4670320,0.0,2661700
2020-05-04,1193939.0,655630,1785660.0,7526760,895530,410240,951850.0,1813200,4834580,2502254.0,2266940,5731.0,1148810,917320,198030,1922976.0,0.0,2180310,4402500,2018840,0.0,852260,1577040,350874.0,259550,265270,1235970,3624730,0.0,1757720
2020-05-05,1126770.0,427650,1753835.0,2976380,677990,652830,1071460.0,1177050,5894530,678458.0,2512680,6465.0,1098980,522280,117620,2449848.0,0.0,1667710,4803310,546010,0.0,1007640,2397120,207333.0,274700,257530,1163800,2323990,0.0,2480820
2020-05-06,4453036.0,739320,4971490.0,6890670,3470150,1540630,2682000.0,393860,7620940,1348002.0,3827470,20110.0,1019980,846520,86530,2734983.0,0.0,1675700,8419490,1175100,0.0,855770,4286630,527580.0,773570,411930,1105020,2650480,0.0,5201410
2020-05-07,2973997.0,2524450,1699157.0,7523830,2030720,705710,2699550.0,1204160,14733250,2083412.0,6237880,2248.0,780600,1207270,63680,2012928.0,0.0,2332040,12175430,2409540,0.0,1936540,1474450,339828.0,617800,413820,1583260,3376550,0.0,2518450
2020-05-08,5995918.0,2563570,4944384.0,12666220,3585320,1700680,1499440.0,2216860,12484610,8446632.0,12648540,23536.0,3319850,2361840,245530,3808903.0,0.0,7919390,15592700,7260470,0.0,3865590,3635800,1165615.0,1683960,922100,3184170,14723540,0.0,4038610
2020-05-11,4108808.0,1209730,7933781.0,7654090,2119430,1084850,1857810.0,1469200,7220240,4334388.0,13871460,21030.0,1838950,1257030,111670,2107280.0,0.0,6209600,10595020,4765680,0.0,1696160,2792640,1287559.0,1358920,404180,1792200,8508370,0.0,3515430
2020-05-12,4057939.0,1645960,5117555.0,6576780,2828190,1145720,1423970.0,1016600,10527620,2067185.0,11943010,7486.0,1028270,1938080,59110,1544029.0,0.0,3956090,11311610,3555810,0.0,2199500,1769100,980524.0,770030,448580,2944650,6834010,0.0,3654270
2020-05-13,3453900.0,2725900,5364068.0,6959000,6853810,991060,3516310.0,2269340,9608210,4240561.0,10535970,9070.0,1598740,1673920,115740,1176130.0,0.0,5490540,19002960,4746350,0.0,1851970,3373310,619390.0,2652530,709770,2507730,7305760,0.0,4037060
2020-05-14,3827622.0,1994890,6662670.0,5828440,2597400,688000,1400950.0,860840,6517150,2562010.0,7371050,50586.0,2573510,1040460,45790,2680578.0,0.0,5857120,12577730,3351270,0.0,2121750,2268270,822910.0,1002810,529830,1397750,5055950,0.0,3952220
2020-05-15,6937907.0,1909780,6803277.0,7303040,2430890,904360,1116140.0,561390,7931980,2311012.0,8051150,15045.0,1305890,1106330,58620,4373756.0,0.0,3732360,9211120,2995800,0.0,1596240,1556450,572365.0,327650,396390,2320230,5062250,0.0,2262600
2020-05-18,2771622.0,1864370,2899270.0,5204650,2000950,1071380,680550.0,880590,13491620,1762092.0,4693050,9221.0,840070,2183740,111480,6367453.0,0.0,2313840,9965320,3017660,0.0,1002690,1656080,501442.0,229440,403230,898370,11745840,0.0,2597120
2020-05-19,5561531.0,1686240,5607514.0,11023040,2879030,1144660,2001060.0,1318090,18842950,3790231.0,9169410,24807.0,1923440,1674810,181100,4170990.0,0.0,6873020,15436660,4135900,0.0,1129270,3688710,1086727.0,729850,565860,1432400,7262590,0.0,8313560
2020-05-20,3116422.0,900670,2200890.0,5342980,1245380,548540,1345440.0,435170,11584470,2565542.0,4064620,9048.0,998400,1101050,60740,6287217.0,0.0,2577550,24361810,1911850,0.0,710200,4298310,783043.0,254730,290200,1199680,4798130,0.0,6793800
2020-05-21,4622625.0,2474770,3042092.0,10616250,2007060,952810,2381570.0,1123550,11213810,1888265.0,8733490,17345.0,1513470,1539610,128710,26292100.0,0.0,3314490,10196270,3539410,0.0,1425500,2266430,887025.0,674380,452160,1582090,6693720,0.0,5046470
2020-05-22,4841440.0,1140830,5814350.0,7637850,1731720,982700,1401180.0,1046640,16252810,3827220.0,7705210,9220.0,1310850,1475820,45220,13863233.0,0.0,7455010,14870140,3322040,0.0,805710,2154460,1648500.0,292930,397860,1083060,4840870,0.0,5938130
2020-05-25,3519682.0,888300,3993591.0,6731270,2033000,554990,3891580.0,942600,11168880,2056484.0,4244600,5756.0,1354620,1135520,59220,8898341.0,0.0,6022830,9448390,1962970,0.0,708710,4664450,1546574.0,216400,331260,1581860,5174030,0.0,3774990
2020-05-26,5267006.0,2954120,4077920.0,6282980,1615680,615970,2026130.0,755080,11503490,1559011.0,9158970,36140.0,1053240,1175440,97860,9933431.0,0.0,8120570,9396730,2220450,0.0,740930,2996560,949626.0,360000,464120,983170,5056700,0.0,3969390
2020-05-27,6389497.0,2293240,4015031.0,8420990,2098580,1141480,2320830.0,850800,19779140,8083646.0,10811090,17301.0,2189080,1320900,72140,9628207.0,0.0,7938010,15368550,2673490,0.0,817770,3769070,2058493.0,591440,496870,1108350,7919070,0.0,7074630
2020-05-28,3568932.0,1913890,2428988.0,5936110,1194380,551210,1925610.0,510180,14486370,1471180.0,3439560,27412.0,797480,950520,73990,9248948.0,0.0,4876490,16769210,1584390,0.0,1849310,4347270,912036.0,314790,436060,1004500,6455000,0.0,6481940
2020-05-29,2394358.0,1669730,1665329.0,3561630,1346170,372610,1380440.0,937900,12580390,984369.0,4370270,40951.0,698100,849500,61380,6773051.0,0.0,3573780,6856490,1101170,0.0,1161180,3942120,654976.0,493500,449840,1203680,3696450,0.0,7822570
2020-06-01,13859688.0,1104330,4336806.0,7120400,1298150,596060,1375080.0,890790,8022890,6377627.0,17148300,53894.0,1076880,819630,86810,9478349.0,0.0,4455460,18020090,2341100,0.0,725310,3254070,2093625.0,481490,406510,1047020,8948760,0.0,3992550
2020-06-02,10935462.0,1496600,12354255.0,9588410,1456730,1452270,1401600.0,2242700,11489000,18040091.0,14019730,27747.0,4190080,1110350,144460,4778747.0,0.0,6106810,13896530,2469400,0.0,1009040,2635920,992502.0,501700,593950,891910,5977010,0.0,2909480
2020-06-03,3758964.0,896130,12099175.0,6901900,1893060,633960,1682780.0,1999730,12018120,2630169.0,4396970,14890.0,749700,861720,54700,12214182.0,0.0,3251400,8714660,2064360,0.0,462750,2655470,2254645.0,466430,311360,1322080,3922100,0.0,3342330
2020-06-04,5159832.0,2013380,13822636.0,8945730,1260060,848030,1429580.0,943650,13488200,4788944.0,8631510,16355.0,1528010,1014100,51660,6320457.0,0.0,9360040,13972710,2216760,0.0,450240,3127800,1346102.0,550740,687650,735420,5967540,0.0,2839030
2020-06-05,4025847.0,1216160,7515624.0,5424300,1236200,881330,1368660.0,931870,13532060,4415904.0,6864850,25782.0,1826680,744280,26270,5735946.0,0.0,5731890,16799980,2251740,0.0,810570,2191420,1715045.0,525870,368780,1076470,5507250,0.0,2162490
2020-06-08,6087882.0,2487930,9701119.0,7059480,4113250,659450,3376560.0,1490380,17144920,10915143.0,8114180,23924.0,1758860,3691120,98910,7691861.0,0.0,5993130,17094920,3484860,0.0,802240,2663380,1170012.0,482180,688020,1419750,8059810,0.0,2826530
2020-06-09,3531851.0,1119590,10117125.0,6702380,1491540,481610,4848970.0,1001390,18693450,5781602.0,5953860,23812.0,1614250,1115180,54360,4048463.0,0.0,6435790,14170310,1702620,0.0,417690,2837400,1939347.0,318400,727700,1704320,4906760,0.0,2864250
2020-06-10,6494275.0,1297400,5805248.0,8248360,1307540,426400,2746460.0,719230,9871400,7693618.0,10294970,37186.0,1210600,1009890,44990,4871557.0,0.0,6544090,30775990,2295880,0.0,793590,3218980,1027828.0,488490,544330,1242180,5601590,0.0,2119900
2020-06-11,9172138.0,2386670,8882886.0,9257760,4278060,1251510,3535100.0,1803480,22873160,13622102.0,9855080,64637.0,2635700,2775660,61230,11068056.0,0.0,9349070,38094150,3478310,0.0,1163900,5714800,2450732.0,761540,697580,1098260,7897200,0.0,4725660
2020-06-12,6648375.0,1913590,7068864.0,7094300,3145450,878600,3343630.0,926890,18881260,5185301.0,10033880,19257.0,3042060,2515300,95400,3997346.0,0.0,7587730,31670570,3715000,0.0,1612920,3152190,1346718.0,875940,657920,2394330,6053520,0.0,2529890
2020-06-15,5885937.0,1503480,4731448.0,7929180,1207500,554870,3865010.0,2666010,11332840,14299534.0,9023320,4836.0,2603230,1132400,39640,7107827.0,0.0,7253720,31268310,2302220,0.0,1218540,3356780,894516.0,791710,629650,2058870,5816080,0.0,2056490
2020-06-16,4198360.0,958780,3224145.0,4034460,1100730,454210,1094900.0,1728880,9024610,6169634.0,5876970,26300.0,1492420,704020,62570,8303243.0,0.0,5005720,18761140,1487150,0.0,802980,3077090,910998.0,658480,612480,844740,3095910,0.0,3097330
2020-06-17,1599340.0,817560,2330853.0,2469120,788630,330300,1329740.0,589790,7066110,4600149.0,2160720,13064.0,1155980,770150,37500,5295572.0,0.0,2911920,15663170,1416900,0.0,737830,2173040,508649.0,380880,479940,513570,2786240,0.0,3148000
2020-06-18,1301526.0,629450,1669010.0,1954210,822980,317660,1281740.0,683790,9055090,2877300.0,2294180,33658.0,928290,360010,24530,4087187.0,0.0,1838500,13243590,625890,0.0,1809780,1636400,216642.0,312850,345560,523160,1526680,0.0,1681240
2020-06-19,2334941.0,720420,6588753.0,2865250,745470,303720,1155640.0,456590,10532760,4116862.0,3111870,27370.0,2419830,859830,26650,1899304.0,0.0,4986110,15350170,632650,0.0,723970,1688070,379358.0,1840100,418810,1251600,2450770,0.0,3677760
2020-06-22,2256643.0,622920,3344782.0,2986770,787180,227680,1125510.0,644540,9729970,6715862.0,2622880,22480.0,1621780,941430,52660,1547627.0,0.0,3766890,10790120,1166650,0.0,1308600,2797780,452918.0,508020,276620,867620,2070530,0.0,1559410
2020-06-23,3282364.0,1110100,2997559.0,2896760,1693730,349770,1512990.0,616470,11382760,3643448.0,3682810,26415.0,1453290,801600,38700,3125484.0,0.0,14025040,12607230,1173850,0.0,917230,2146280,497628.0,432630,277520,1063470,2034230,0.0,1019600
2020-06-24,3013466.0,692090,3923621.0,3055390,607000,240120,967980.0,463340,6516760,3219226.0,5739200,112326.0,935890,715470,82380,3058217.0,0.0,5975970,11843150,860730,0.0,710160,2004540,613284.0,214320,267910,750960,2522610,0.0,1391660
2020-06-25,2500893.0,791820,2346097.0,2550180,730810,335210,1042720.0,730410,24410040,3199133.0,2709130,24210.0,1540010,783410,56510,1218440.0,0.0,3914840,10662480,1162400,0.0,506650,1241690,795653.0,169470,258530,572770,2302810,0.0,2133290
2020-06-26,1400341.0,717380,2225134.0,2337220,602880,322890,1459690.0,929440,9363870,3708467.0,1999300,20100.0,574970,449460,78810,1661000.0,0.0,4919890,6481490,668030,0.0,355930,753970,444060.0,222240,248260,495750,1451880,0.0,1867820
2020-06-29,4353272.0,1334210,5452663.0,4603180,1281220,571650,2278110.0,1592010,12378070,5609866.0,5960860,3930.0,1720440,1096590,59040,1810313.0,0.0,7502050,13159470,1752070,0.0,594140,1068990,695034.0,359370,328140,1519040,4380250,0.0,2156880
2020-06-30,3585625.0,862060,2253069.0,2812450,1594210,459150,1132600.0,1007010,14826230,5392704.0,3399510,17220.0,1378930,744080,62530,3048688.0,0.0,3781930,10862380,1290510,0.0,709990,2302620,505813.0,350550,289590,797960,2998040,0.0,1700630
2020-07-01,1676001.0,769310,2022535.0,2104360,866660,387430,736830.0,926460,10843030,2438857.0,2067570,19696.0,965870,311490,58620,1490369.0,0.0,3435740,9138780,751460,0.0,404440,936450,504327.0,92060,313260,450020,2251530,0.0,1469010
2020-07-02,1070089.0,501500,1881751.0,1743240,539160,210850,878030.0,707210,13000820,1957884.0,1628160,24215.0,1094380,327720,46960,1258750.0,0.0,2325600,4903810,820250,0.0,469040,893400,1319895.0,420700,244570,720480,1662300,0.0,951820
2020-07-03,1271360.0,547350,1134101.0,2149960,529760,310040,1155100.0,1696380,8111500,887057.0,1241470,11225.0,699930,356420,200340,1079047.0,0.0,2288480,3885370,593390,0.0,370340,1382270,440727.0,163320,284360,729290,938470,0.0,2328550
2020-07-06,3204367.0,757690,1825917.0,4849180,1089910,485000,575100.0,776970,9764620,4032779.0,2970930,34191.0,855780,620180,146350,1669494.0,0.0,3984350,16285280,1220550,0.0,1218830,4330280,725536.0,284020,318520,1319980,2037820,0.0,3101080
2020-07-07,2389942.0,1097570,1483794.0,6656300,2739150,819010,1010980.0,674050,28048770,2855108.0,3562940,62320.0,959250,621630,244640,2588555.0,0.0,4850680,8914970,895150,0.0,1336830,1414070,700953.0,336860,350630,1024960,2029580,0.0,4346450
2020-07-08,1647694.0,768660,1353161.0,5304630,1472610,534040,833270.0,514700,9155900,1793158.0,1816440,22833.0,467170,285150,357430,1322431.0,0.0,2493090,9193690,676840,0.0,485190,800360,1859618.0,187450,289450,551310,1670440,0.0,939580
2020-07-09,2248695.0,1531780,5091477.0,6047940,2298900,1179910,988260.0,1668270,7588480,5805693.0,3777860,23612.0,1097650,521490,285960,2207065.0,0.0,4876340,14045940,3146430,0.0,962170,1220730,1546175.0,399710,519710,1560410,4798980,0.0,1903220
2020-07-10,2284971.0,1030790,2412481.0,4645000,1164310,461690,657210.0,1022700,14457460,2967223.0,2151820,52296.0,564900,564660,190990,1245647.0,0.0,9082870,8382730,1398740,0.0,918560,1706520,1130622.0,193330,401690,677180,2240110,0.0,947980
2020-07-13,1840084.0,1039520,1915346.0,6127280,2662490,592380,1994010.0,799240,14702360,2288164.0,2322950,18444.0,557920,403750,150810,1939520.0,0.0,5298630,6095670,1725580,0.0,371630,988800,609791.0,349810,369240,943850,2564770,0.0,2291640
2020-07-14,1406915.0,990800,1530826.0,4016980,1549540,631990,1279860.0,1155520,5757320,2090593.0,3552800,41920.0,929240,365780,180690,2109415.0,0.0,9138070,6750550,1809120,0.0,427110,1461550,366626.0,340990,327810,731170,3437110,0.0,1938730
2020-07-15,1570073.0,690440,1690706.0,2637330,1516540,507920,503920.0,726130,6561150,1659817.0,2941050,19430.0,1250200,1049820,258700,2220375.0,0.0,4340580,5535210,1697190,0.0,1198530,2351560,2018401.0,384240,210730,1015000,2201940,0.0,1502410
2020-07-16,903322.0,473290,1748817.0,3780830,1060530,534310,751420.0,828530,17916710,801727.0,3783960,27025.0,978700,495500,358550,1813339.0,0.0,3531900,5104280,1662150,0.0,1091190,922350,1977932.0,328050,280190,1112460,1943770,0.0,1270920
2020-07-17,7890281.0,1343600,957910.0,3452100,1313100,382400,900470.0,600150,6759400,7165100.0,3957050,15730.0,759610,379820,89590,2633880.0,0.0,6824380,9198320,1180670,0.0,628000,835720,960045.0,214530,319230,583510,5084760,0.0,720820
2020-07-20,2622350.0,832370,1732905.0,2923970,2049680,492500,1427490.0,735140,11602590,1876129.0,3056310,13565.0,944440,253640,129850,2219626.0,0.0,6438130,8089560,1164560,0.0,696830,1361250,1786914.0,222400,218370,474700,2940660,0.0,1258900
2020-07-21,2194410.0,374580,5247422.0,2745180,940230,264440,755830.0,658420,11724470,2486789.0,3066900,12717.0,1670960,413460,73700,2286887.0,0.0,6953920,7047320,818210,0.0,681740,2108040,1561773.0,220660,232510,1618780,1824020,0.0,1725630
2020-07-22,1726317.0,750600,1522529.0,2698500,817890,343540,730770.0,681160,7461530,13594079.0,2724680,28020.0,833760,363710,106850,2032985.0,0.0,3959010,8504960,1224170,0.0,625320,1707150,1767643.0,202110,247420,1051320,2218260,0.0,2251420
2020-07-23,1955757.0,764300,1446620.0,2989960,918630,629750,1064300.0,567900,10177170,3484035.0,3208620,11549.0,762030,420560,137160,2364132.0,0.0,4378660,8264440,861140,0.0,1350870,882880,1273565.0,181680,252960,766500,2381770,0.0,7249850
2020-07-24,5532575.0,1807770,4781245.0,8461420,3170540,1173440,2730370.0,1302970,21288480,7881436.0,8288120,130585.0,2045780,1796300,235580,3027363.0,0.0,9774930,20162440,2951240,0.0,1341540,2649390,3268484.0,674430,351710,2313270,6808310,0.0,4730110
2020-07-27,6240477.0,1545430,6828638.0,7535580,3274350,1319680,2885330.0,1665640,18389440,14601528.0,9988390,94672.0,2819250,2981180,236260,5271344.0,0.0,8310880,26014460,2677650,0.0,1274570,2662390,3379143.0,825080,362790,2553780,6466340,0.0,3211440
2020-07-28,2598740.0,1193550,2888612.0,4278520,1953510,683540,1756390.0,1964660,14119250,5707558.0,6476500,60560.0,1318770,1280900,237000,1999471.0,0.0,6648230,13933220,2883870,0.0,910690,2561800,1486515.0,534300,334050,1390810,4735520,0.0,4480940
2020-07-29,4929532.0,725660,3248282.0,4708610,1554200,777530,1869490.0,960200,18544880,7018959.0,4891540,66960.0,1352670,1436620,219800,3203580.0,0.0,6325100,14831390,1841250,0.0,833570,1809000,1347306.0,379370,229700,1497450,3449970,0.0,2635930
2020-07-30,1914488.0,419920,1357431.0,2574820,612240,417700,1120870.0,500710,11357060,5515794.0,2740330,68331.0,821650,603300,81480,2219651.0,0.0,2699550,6312810,974910,0.0,937680,1637120,1069882.0,242030,208710,1028620,2303200,0.0,1069550
2020-07-31,2220749.0,479890,1855750.0,2928540,1106250,314230,998760.0,691900,7656240,6758575.0,2822800,57722.0,2195060,799400,201570,2249182.0,0.0,2832300,5740090,2304460,0.0,672940,2417730,955484.0,939040,266790,839830,2482510,0.0,2333650
2020-08-03,3044620.0,646640,1781208.0,2692490,1392200,536220,820600.0,575950,16896050,4466500.0,4195230,66080.0,1395440,655840,163920,2448825.0,0.0,5017010,9792690,1247760,0.0,422820,1482350,1716060.0,164310,297320,860190,2830540,0.0,1872110
2020-08-04,2907562.0,494030,2710027.0,3115850,1051310,387300,995960.0,477290,11086090,4718516.0,2557000,277368.0,1681090,841660,242370,4077299.0,0.0,4642760,6786090,1210770,0.0,616840,1382760,1205530.0,229230,323790,765170,3447430,0.0,1602220
2020-08-05,5472736.0,911970,1121315.0,4575550,1328520,566050,1450080.0,803780,25912970,8051717.0,2939150,154470.0,1810780,734940,298550,2609136.0,0.0,4672060,8289610,1917290,0.0,778840,1303680,772175.0,434490,413720,888080,3364040,0.0,2154970
2020-08-06,1874899.0,597260,2889638.0,2859860,1153660,640610,608120.0,960720,13744810,4177490.0,3050260,132517.0,1178020,554590,213840,2234716.0,0.0,4168520,5678190,1860660,0.0,802350,1072220,1657359.0,332340,362410,1360570,3045480,0.0,2096050
2020-08-07,2150978.0,532060,1246570.0,3870640,1283690,571770,631730.0,619710,12162410,3033424.0,2043440,141900.0,959230,607040,160550,2302905.0,0.0,2562160,7123120,951190,0.0,518660,1199110,700448.0,182500,255020,1148200,2371520,0.0,1257020
2020-08-10,2576760.0,534820,1193526.0,4070190,1160370,469290,2894230.0,1042010,14144220,4700583.0,3695170,65264.0,953690,629890,151620,2303126.0,0.0,3288010,11949300,2743500,0.0,576570,1688770,1232135.0,542550,339710,1412680,3389710,0.0,1680830
2020-08-11,15333430.0,780760,1679028.0,3873130,1209690,550870,737560.0,932030,9675910,10802059.0,3279300,80070.0,658760,394720,147070,1533420.0,0.0,5313900,7719420,1334060,0.0,312920,905140,1816914.0,215330,240830,852250,2037520,0.0,1512750
2020-08-12,6091725.0,963310,3078629.0,4361920,1233230,973330,597590.0,543490,8827420,3965726.0,5592880,45067.0,981320,451860,138750,1479341.0,0.0,2877790,8772530,1634530,0.0,310430,1497320,2908268.0,302330,298910,1451960,3717070,0.0,1764760
2020-08-13,3803166.0,673490,1989347.0,5131270,1709100,951630,1959970.0,999550,7562850,3893016.0,2730880,38950.0,953060,915350,72580,2493483.0,0.0,3734680,6495400,1584180,0.0,385320,2025090,1569494.0,458680,421970,1238980,2332480,0.0,2594130
2020-08-14,6682494.0,985710,1740840.0,5238720,1633770,870730,974910.0,1990240,15356070,4218937.0,5684510,46745.0,1796510,992180,242070,3428998.0,0.0,4301340,8807480,2588850,0.0,820270,1189750,1288597.0,654070,362250,1623690,3519020,0.0,3089240
2020-08-17,6222301.0,631010,1343937.0,2898140,1048820,460890,750960.0,1633730,8428450,5291654.0,3857910,47870.0,1099660,824290,91080,1279175.0,0.0,3811840,5192680,2732690,0.0,389480,1107050,480014.0,376200,265010,906890,2622220,0.0,1724700
2020-08-18,4710796.0,663290,1381005.0,2681950,625200,297780,1218730.0,848890,5130610,6386540.0,2714080,53324.0,771290,554060,67930,1662460.0,0.0,1931160,5212200,1410740,0.0,331690,1425980,1520983.0,772670,267090,604570,1946050,0.0,1947050
2020-08-19,9263369.0,346360,1584788.0,2560050,877190,224530,2352360.0,736570,9266940,1927291.0,3899030,15710.0,867050,382850,76720,8288650.0,0.0,2670190,4210320,1132620,0.0,586790,1155260,930177.0,347140,245440,981840,1674410,0.0,1699080
2020-08-20,19475136.0,859310,1414046.0,4210180,1824430,444340,2233930.0,1319990,9685120,4106909.0,4196330,34658.0,1419940,1018420,117630,1569654.0,0.0,2703510,6059540,3659990,0.0,1093620,2428430,1394638.0,990220,481250,1254280,3565530,0.0,2174600
2020-08-21,7392791.0,1098410,784278.0,9577820,1260210,494700,1617030.0,485010,8930990,11612065.0,5135520,57950.0,968870,690220,110610,2665504.0,0.0,3758250,12934020,2817550,0.0,1281740,1074330,927842.0,376790,270450,884990,6115290,0.0,1798160
2020-08-24,6821518.0,940780,2618441.0,4407840,3540210,638880,1577760.0,1508410,13933710,7331529.0,8344270,95755.0,1713810,1064730,96690,3605438.0,0.0,7044900,14295580,2749740,0.0,1530010,1475240,1997809.0,1052840,537630,1526860,7218650,0.0,5011510
2020-08-25,7801079.0,886570,2700855.0,5203350,3304670,722600,1301610.0,1061180,10722520,4949837.0,12351760,145877.0,1698780,2247120,134910,3263808.0,0.0,4611300,9624650,3775640,0.0,1748400,1907340,4105763.0,1074660,560970,1693030,6281220,0.0,2680420
2020-08-26,6018699.0,831700,2368065.0,6796160,1328990,431210,1924850.0,661770,16327190,6326148.0,5231990,73840.0,883720,883390,88320,2974127.0,0.0,5419820,9988740,2116830,0.0,1585740,2249680,1749787.0,547280,460680,1922780,4447250,0.0,2204070
2020-08-27,4863627.0,1095260,1398243.0,3085280,3724990,501290,2316970.0,555190,8801320,3354994.0,3597610,84217.0,816320,955520,76590,2860231.0,0.0,3711300,6803050,1792750,0.0,1003280,2357000,1062067.0,437950,276490,799570,3895810,0.0,2077020
2020-08-28,6947593.0,3032570,1648672.0,9589990,4009380,1011700,1574520.0,739830,11603550,4033620.0,6040590,42540.0,2380000,1994640,97130,7182491.0,0.0,5869960,10087760,5154230,0.0,1645430,1742840,1382505.0,636020,480460,1341270,7066080,0.0,2457850
2020-08-31,7008237.0,2006450,2104814.0,7359810,1940640,549950,1824490.0,730390,13334160,5371176.0,3916140,21244.0,1294650,954930,271460,3840833.0,0.0,3994730,8672820,1793790,0.0,971310,1682380,2777800.0,276580,489880,1634090,3366690,0.0,4262760
2020-09-01,7822064.0,2124220,1269897.0,4773840,1757410,844110,1998840.0,912390,16754410,2448458.0,5064400,50658.0,1624840,996140,131710,2901069.0,0.0,3449300,4572030,2171350,0.0,1625600,1565620,572944.0,675310,686820,1448060,5219730,0.0,1944470
2020-09-03,6080561.0,2666170,1435911.0,8343610,2281510,587250,1000990.0,2106380,14553930,5321528.0,4950930,78794.0,1754030,1060240,148770,3325319.0,0.0,4876180,11143030,3326470,0.0,2503810,2913590,1877480.0,1037080,607480,2016680,4243550,0.0,5266810
2020-09-04,4665691.0,2001840,1809142.0,6578630,1538510,937330,1132370.0,1737350,18820560,3511267.0,5064490,30445.0,2640190,1015720,140040,2911562.0,0.0,9713580,9881990,2276910,0.0,2425360,2171010,1152863.0,825960,663890,1711980,4108490,0.0,6098320
2020-09-07,6067374.0,2246440,1738882.0,8021370,2270970,1336130,1491100.0,1500260,14336100,4384393.0,7654310,57056.0,2265500,1491040,188280,4914333.0,0.0,9582630,6937040,2350940,0.0,1181750,2013250,1154881.0,465400,485630,2178380,5894450,0.0,3909430
2020-09-08,12273484.0,1261510,730749.0,5505960,1628870,663940,4063740.0,979100,12260110,4529048.0,3480610,69130.0,1460040,1000020,106590,2420180.0,0.0,6831470,6011590,1935300,0.0,1985560,1816120,711262.0,622290,404020,1809570,4753470,0.0,3048220
2020-09-09,5021412.0,804160,1549786.0,3872280,1490820,740970,2240400.0,967490,19632380,5216650.0,3715080,32033.0,1082410,631980,123070,2020868.0,0.0,7044490,8875270,2762390,0.0,1472680,1956880,880072.0,865880,527620,1621920,4942330,0.0,2278700
2020-09-10,3249267.0,846810,1630197.0,2655550,1005950,620770,2360230.0,510410,12106250,2050839.0,3129160,22642.0,735560,744120,79060,2441284.0,0.0,8787650,5248510,1524900,0.0,689700,4229990,511931.0,421160,460670,848330,3480600,0.0,1690620
2020-09-11,2350091.0,773230,2179209.0,3472470,872160,264100,1349140.0,2980530,11672440,2014398.0,2230940,13185.0,539780,436320,62980,7119274.0,0.0,4402790,5393090,1236940,0.0,665690,2344930,303811.0,411350,409590,956670,2477680,0.0,1804860
2020-09-14,5275848.0,931340,3063680.0,2823060,1127400,557430,2150970.0,1657830,12723310,16604438.0,4580680,52685.0,944590,546560,49050,3928684.0,0.0,4644580,6799070,1578270,0.0,594680,1824670,592291.0,608930,551420,1194170,3269680,0.0,2698460
2020-09-15,4632880.0,1109810,1775835.0,3265100,1906730,727700,2087430.0,1578100,8859250,10108064.0,3695340,51414.0,794620,786060,36360,3327918.0,0.0,7005050,24122170,1835310,0.0,998970,4717630,1962694.0,983560,415560,882030,4132960,0.0,3075490
2020-09-16,2194115.0,546300,1936711.0,3970480,1918130,353430,1136120.0,1270990,6887240,4798971.0,2613980,6855.0,908870,1100860,43570,2044800.0,0.0,3807390,10179630,1258880,0.0,628030,1379550,586193.0,544300,443260,724510,2661850,0.0,2160180
2020-09-17,12323866.0,1520660,1080850.0,3996280,1563010,398140,1206290.0,1138420,26759480,12331748.0,7410540,25459.0,1241490,592380,101220,3230366.0,0.0,6000380,11363380,3654030,0.0,1043250,1809830,713588.0,833870,566330,1376570,3498770,0.0,2612410
2020-09-18,3280690.0,1401990,886246.0,4213030,3306720,373220,959790.0,1007690,12475700,7918265.0,11784520,30999.0,1122350,615740,45640,2645106.0,0.0,7903190,8721320,5334940,0.0,1188400,1791160,2411775.0,1089310,356340,1224030,3514770,0.0,4092340
2020-09-21,7244851.0,1006520,2416577.0,5072680,1530250,939720,1928720.0,2060410,11631470,16941965.0,10816030,34865.0,879920,2152280,99530,6373333.0,0.0,8122870,17853730,5874890,0.0,1671360,1677550,1260312.0,571860,416780,2614310,4397490,0.0,3737470
2020-09-22,8818518.0,1160730,1875710.0,4239110,1630570,821590,1392490.0,1851750,15285880,15163068.0,9969810,30800.0,760350,1503000,149610,6059487.0,0.0,6821140,45707880,3669840,0.0,1746960,1612500,648599.0,505230,641230,1244610,3202400,0.0,1850880
2020-09-23,6511427.0,2105880,1542991.0,6418220,1797680,823090,1441290.0,1057680,12589480,7112540.0,6764910,31651.0,1284870,1053980,35640,3871713.0,0.0,5699700,24791380,2941250,0.0,1395190,1398940,2685712.0,111830,370730,1042800,8698840,0.0,3321440
2020-09-24,5599785.0,1523780,1977470.0,3582600,1728380,820660,1267760.0,875340,12435190,6878745.0,12357250,22800.0,881030,1230990,70830,3043715.0,0.0,4564860,17728750,3988170,0.0,1628730,1704250,1733246.0,388940,353690,1506610,4039760,0.0,1520670
2020-09-25,6416344.0,1334760,958920.0,4630970,1205550,459680,615730.0,1459450,10094210,16958500.0,6504900,8980.0,708340,1038360,143900,4512426.0,0.0,7290520,39321600,3497970,0.0,1107270,919900,1326769.0,412210,314150,1011140,3183400,0.0,1575590
2020-09-28,8207740.0,1952000,6476461.0,12014920,1312300,417070,1059040.0,1091890,17573130,9448762.0,8664740,8247.0,623360,634880,80960,2913564.0,0.0,5215260,28883470,2811640,0.0,1254760,2015680,1345184.0,202840,331270,2169790,8487830,0.0,5930960
2020-09-29,5923046.0,2022020,5556870.0,5950290,1900490,1073200,3437390.0,2066420,18456820,8009506.0,7980230,44476.0,1283100,1230990,132450,3785398.0,0.0,6122220,22791400,2973020,0.0,1609090,3772160,2287410.0,394490,374370,5191680,11580400,0.0,2615690
2020-09-30,3624221.0,933550,1606542.0,4764680,2500310,615450,1047030.0,2597730,12985480,10445074.0,4772210,2110.0,843740,1088450,149060,2039515.0,0.0,4432160,28314430,2357980,0.0,584450,1677150,846611.0,417360,413700,1432380,5209330,0.0,1592150
2020-10-01,6510267.0,1157830,2880530.0,5391110,905510,252570,1186560.0,2899450,17161730,16953172.0,7966350,38800.0,964220,779470,22330,2220008.0,0.0,10321030,13285440,3497290,0.0,367030,1359510,2157149.0,212510,445300,1702500,5282040,0.0,2154130
2020-10-02,23518516.0,1758990,5288948.0,13241830,1947940,612860,2204010.0,1937670,20213120,14972341.0,10888220,32870.0,1483120,1326080,45510,5375873.0,0.0,10961430,23206500,4381810,0.0,890840,1730820,3403611.0,400770,384660,2864220,7817380,0.0,2548820
2020-10-05,12891936.0,1567920,3661297.0,5939210,1498360,704400,5306360.0,1003200,12791350,6089300.0,10749710,84615.0,3268020,588560,74270,2327247.0,0.0,6672820,22603020,5363760,0.0,811740,1080840,9261755.0,90450,306570,1427600,7056130,0.0,2015400
2020-10-06,10977492.0,1507790,3911969.0,5909080,1520290,763230,2550590.0,1594250,23609700,9322306.0,7113210,114487.0,4400570,1075760,55370,2906371.0,0.0,5228170,27112100,6850730,0.0,1105060,1505510,4105332.0,521190,408750,2044710,6138720,0.0,2135800
2020-10-07,17695173.0,1177720,1799739.0,8357770,1493710,2294270,1706390.0,1388290,14752610,6106403.0,7245090,131803.0,6435850,959640,64920,3642188.0,0.0,5770720,19465920,12159210,0.0,988270,2596060,5216785.0,381520,356210,2153700,6265650,0.0,3198050
2020-10-08,13901830.0,1893390,1195617.0,6514330,3062690,774540,5940910.0,1506280,18239670,9429522.0,6874020,131663.0,4846470,871660,46140,2374324.0,0.0,4663470,21328780,14366760,0.0,549140,1043430,3414269.0,216990,405290,1325810,7614850,0.0,1434220
2020-10-09,8725441.0,849330,3381946.0,10113630,1173500,438960,5300430.0,1414530,9464850,4780157.0,3873190,104688.0,5339660,575370,120760,3679946.0,0.0,3870610,12474800,13523760,0.0,366200,1456580,1151915.0,309580,380200,980970,3496030,0.0,2199660
2020-10-12,8648083.0,3533550,3501240.0,16827340,1550680,1917010,5012600.0,1352010,12258740,6407201.0,4828180,38905.0,5818700,941210,237110,2901515.0,0.0,4849320,17962060,14203730,0.0,1574610,4265300,2466531.0,326290,496670,1209250,3568850,0.0,3884690
2020-10-13,5325101.0,1980740,1499084.0,10920290,1222200,596720,4789720.0,1414340,10665790,3945715.0,4053540,59337.0,4664240,815720,234100,2182126.0,0.0,4374250,12669050,14215200,0.0,814530,1233860,2046090.0,271990,338730,858550,2640580,0.0,3015800
2020-10-14,20294474.0,6821050,1989040.0,8338720,2409760,1263470,4932320.0,1323940,14240330,16287048.0,4923620,43140.0,5066890,1081330,119830,3878529.0,0.0,5379490,12364650,48630920,0.0,1206380,2030870,2081025.0,389260,297820,1299160,10165900,0.0,2100870
2020-10-15,16349453.0,2957800,3974140.0,10107170,1925370,1377170,5368820.0,1323190,30525160,33250662.0,4262410,71210.0,5698130,880570,168860,7867141.0,0.0,4732880,20799860,25323170,0.0,1424740,2689830,574261.0,1358580,500370,1854560,8354960,0.0,4181580
2020-10-16,8719031.0,2411650,1893018.0,12956750,5769540,1091120,5393350.0,1495300,17319070,10605815.0,9150340,119464.0,6539150,546060,129690,2619180.0,0.0,4444100,13048220,27075400,0.0,668850,1811510,1800897.0,596590,417480,1637740,11567220,0.0,3583650
2020-10-19,14160428.0,2690250,1062730.0,9648680,2333670,1196620,6244920.0,1258750,10939140,10101207.0,10589820,17209.0,3072960,480220,125140,3040412.0,0.0,9462400,20547610,28506770,0.0,1052250,2467450,878039.0,370590,334870,1617740,7119110,0.0,1906100
2020-10-20,11362976.0,1923390,5258420.0,9963500,1886160,1119350,3392500.0,2366670,13319200,14763211.0,10529370,9115.0,4875310,977350,153360,2970848.0,0.0,4191320,17698150,34662420,0.0,1075780,2257630,691169.0,511250,439430,2150990,12978810,0.0,1879310
2020-10-21,8869815.0,3019940,2048777.0,9191450,3305010,950020,5007720.0,2268450,10669590,13085487.0,9500440,28415.0,1756450,766740,86940,2207565.0,0.0,7065620,25828950,20951070,0.0,1452050,1862630,1099607.0,172010,467800,805550,16059760,0.0,8229920
2020-10-22,9447256.0,1733020,2105458.0,8715860,2346540,796300,4576950.0,1653550,13072020,6918227.0,7256230,14764.0,5130670,607760,34260,1747171.0,0.0,6686080,18152400,24408740,0.0,1320610,1591870,349886.0,621610,506260,2422540,8544500,0.0,3669560
2020-10-23,8028985.0,1940000,1623195.0,6636530,2646310,606780,3363120.0,1969110,29534980,11020702.0,6605720,45411.0,3419860,1218320,179100,5922666.0,0.0,4370330,13634620,28288440,0.0,657830,5830890,1470198.0,1761080,677260,2946790,7225270,0.0,12351650
2020-10-26,11665717.0,3379510,3131161.0,8904630,3852510,649920,3825590.0,1907620,20357350,0.0,8875780,17964.0,4666520,1054600,88480,3341535.0,0.0,4731880,26821200,24707670,0.0,911390,3668950,1199940.0,974720,607970,2313520,9920290,0.0,6877050
2020-10-27,11726997.0,2635960,2025436.0,11228060,3188810,653240,2472800.0,1834730,25281540,0.0,9536450,25663.0,4042910,606700,40620,2653094.0,0.0,5449930,37138550,30805330,0.0,1169320,2422480,969133.0,804020,618430,1721090,10193930,0.0,3868780
2020-10-28,14916975.0,2899500,4756468.0,7936180,3596230,776140,5397380.0,3275210,25663180,0.0,6840230,165444.0,4631980,1452750,106000,4077089.0,0.0,5918990,22628960,32092220,0.0,866330,3139990,1639048.0,1184890,729460,2609180,9590780,0.0,10448220
2020-10-29,8515433.0,2823190,1464157.0,11708930,2719690,779650,4416080.0,2158770,20778840,0.0,6240080,89353.0,6707870,1564150,98050,2798096.0,0.0,4799470,13046030,36149460,0.0,764720,2088330,945188.0,1327780,588780,1723240,6042720,0.0,6800730
2020-10-30,4395888.0,1678270,1930559.0,9099270,1469970,786390,3448190.0,1919800,19039190,0.0,5736540,45688.0,4060060,1426480,64260,1458723.0,0.0,3028990,8184700,28887760,0.0,1090610,3013800,0.0,972400,519620,2683620,6047360,0.0,4960340
2020-11-02,3777582.0,1084730,863102.0,5194990,866110,926540,5148980.0,1431070,10385290,0.0,3692210,75649.0,3845900,439540,83850,1636433.0,0.0,1678320,5463810,22943680,0.0,366300,1162890,0.0,691110,507940,867340,2448770,0.0,2991300
2020-11-03,7708705.0,1035230,495815.0,4957760,2562890,975380,11245530.0,1538860,17521020,0.0,3590520,36847.0,3178300,486030,79990,2058712.0,0.0,3118820,12021500,27962010,0.0,308550,2067320,0.0,751070,582490,870230,5180160,0.0,3819800
2020-11-04,12607096.0,1077740,1126430.0,7152600,1369690,577270,4661700.0,5034090,18293400,0.0,4685210,98605.0,2008660,531610,59300,2195894.0,0.0,4575940,9734960,21927670,0.0,394660,1825770,0.0,495340,566300,1342780,4114660,0.0,6336210
2020-11-05,8550742.0,1280230,565391.0,5810810,1305860,432170,6436840.0,3137940,11598310,0.0,6789020,42763.0,1794890,671040,45060,2194902.0,0.0,2486250,8295550,19766660,0.0,507960,1779570,0.0,789860,542890,1891270,4159850,0.0,3486910
2020-11-06,3672492.0,646660,343543.0,5382100,987260,474350,3208490.0,1300350,13410500,0.0,3992580,75820.0,1218300,805140,71100,3304476.0,0.0,1527160,6207220,15368880,0.0,323160,1695290,0.0,592830,560540,1011020,3498930,0.0,4216020
2020-11-09,5900784.0,1187610,1310802.0,7890820,2011650,717480,4668100.0,1689360,18314360,11604700.0,3710450,132758.0,2470010,886500,98730,7667962.0,0.0,3963600,7874430,17624180,0.0,1007000,3746870,0.0,803680,485200,1066640,4137770,0.0,3348800
2020-11-10,8857665.0,1361190,3801896.0,8706210,1739340,1271490,6147770.0,3570080,20645160,11107830.0,6776330,124036.0,3489650,902230,113900,3548253.0,0.0,8816320,9473760,21221910,0.0,1511520,3627750,1745460.0,781980,694840,2297200,5001930,0.0,11450730
2020-11-11,4528033.0,723840,1570100.0,6063870,1668230,1594170,5176010.0,3470730,14564290,7614050.0,9353320,58885.0,2025450,1514900,93800,2426740.0,0.0,4848370,7954210,14433190,0.0,1032520,2717770,834380.0,1032780,690230,2429710,5356460,0.0,6068410
2020-11-12,18955350.0,1126040,1310114.0,5609690,1234540,547590,5971020.0,1765850,9803730,7167760.0,10547260,43329.0,484080,1682560,36230,3560797.0,0.0,3643040,6757380,10771120,0.0,405350,1464300,908760.0,682660,440800,1074590,2895350,0.0,4053560
2020-11-13,6230740.0,1833350,892833.0,10712410,1318170,896800,5142170.0,3920880,12161630,7041560.0,16110590,36740.0,1094470,678270,42160,3705768.0,0.0,4197980,15076240,22376970,0.0,417840,2425260,1097190.0,535350,491700,1089500,7198130,0.0,3342520
2020-11-16,8984187.0,1939610,2962290.0,15774840,3713690,1255550,6529880.0,6750870,25538500,7407110.0,20068100,55489.0,2454980,1692540,203680,2902673.0,0.0,6268580,12294300,25236270,0.0,1250340,4096110,866930.0,1781800,673890,2571160,9138440,0.0,7499050
2020-11-17,16779929.0,1455550,8674213.0,8707180,2515530,2192600,6667140.0,8312310,16228900,4317120.0,9945750,174363.0,813710,966390,185660,3653250.0,0.0,8582800,9076100,17457030,0.0,548250,2250180,1185510.0,862320,633100,1648330,7777280,0.0,3123270
2020-11-18,7925873.0,1572210,2984935.0,7298690,1757160,3450740,5218420.0,5909160,22115200,5542510.0,11311450,191465.0,985490,778050,167810,3217101.0,0.0,7510860,22974320,22760740,0.0,906810,2008090,963360.0,751270,761020,3396750,7668540,0.0,4157080
2020-11-19,6416782.0,1787480,5252775.0,13599610,4980430,2283360,5577100.0,4863700,26533130,5461410.0,13407160,123012.0,1205410,1434630,224980,3476660.0,0.0,5201760,12623080,16935520,0.0,2584440,2451380,1224460.0,1192700,666610,3140680,11858880,0.0,5850430
2020-11-20,9596358.0,2522690,3019325.0,7237750,1837360,1207780,2787350.0,3751000,18141040,6447420.0,7118600,94625.0,1166780,599730,152640,2413135.0,0.0,6053890,9539770,13546080,0.0,1231960,2692820,422520.0,533840,829730,2801420,5233610,0.0,4545570
2020-11-23,10893510.0,1315280,8121022.0,7136380,2824640,1796080,4154160.0,4563820,23681540,4513270.0,9013500,91043.0,871370,1506160,114550,2739689.0,0.0,9362300,27268530,17857230,0.0,648830,5107110,493780.0,735650,447160,2104330,6795490,0.0,3107690
2020-11-24,10360554.0,1958510,4229615.0,8848310,3003940,1824250,5685550.0,5290640,48936510,6562520.0,8564990,109493.0,679550,1303450,110210,4970441.0,0.0,10946270,16805930,22530770,0.0,996580,5458900,601450.0,812220,403970,1937130,8744090,0.0,5644640
2020-11-25,6488827.0,2775000,9083886.0,10715800,1835630,1428530,3225870.0,4575840,55697460,8214750.0,6517830,59875.0,686650,824020,194220,8716895.0,0.0,8630730,12055730,13655890,0.0,1088020,3544000,497760.0,1222490,617760,2190900,12314880,0.0,7359970
2020-11-26,10037160.0,4356380,10002358.0,11623080,1635130,1099520,5644050.0,4176820,33163400,3867500.0,12419270,111206.0,510660,826280,252940,3815440.0,0.0,5344370,21860890,13091570,0.0,698350,2313600,518170.0,545450,599050,1490270,7724470,0.0,3159210
2020-11-27,5465478.0,2323620,4693479.0,6224220,1986420,947930,2977160.0,10500540,16027210,7737230.0,15975030,159511.0,420570,1680140,62480,2582349.0,0.0,4608770,11455070,12261190,0.0,1210580,2024240,356110.0,720830,406570,2823860,6241440,0.0,5764680
2020-11-30,8943902.0,1708190,4074703.0,11002280,2761700,1332670,3181380.0,7093650,17459270,13267960.0,18510250,101913.0,964680,1427120,189880,3500455.0,0.0,6728330,18682960,24645230,0.0,1448340,3533370,313150.0,1596840,636680,2687040,9088440,0.0,7187400
2020-12-01,9249711.0,2913470,5688963.0,9713470,3427370,1332900,3758590.0,5994270,21802760,10367050.0,20421100,104926.0,1051590,1358430,107090,20348126.0,0.0,8794040,37839250,22797760,0.0,1162270,2597660,3254230.0,953230,558190,2493230,10951390,0.0,5323260
2020-12-02,0.0,1833120,2232331.0,8657370,2108200,983710,3181530.0,5158140,14643640,13659030.0,18071190,98706.0,741130,1707050,179880,9787558.0,0.0,7098230,21124570,27463650,0.0,746710,4703540,1697450.0,497910,612480,1332460,7549440,0.0,8746400
2020-12-03,0.0,1836790,6252340.0,6256350,1627980,978850,2618260.0,4923230,22511210,13241160.0,22447130,54243.0,542070,1224080,96410,4729010.0,0.0,8053380,20877740,17490250,0.0,736760,1673260,1280960.0,731750,448840,1108730,8445590,0.0,4665780
2020-12-04,0.0,2563040,7960116.0,18959210,1380920,1502870,6208970.0,3959250,17767110,8481830.0,18416060,52547.0,1978040,768070,159810,7673945.0,0.0,6343360,24514030,16507860,0.0,860900,2190950,1539490.0,797060,496960,1571130,7675980,0.0,3862410
2020-12-07,0.0,4120830,7180209.0,7312770,1455180,1390120,4335970.0,2691150,24400300,7669350.0,8253270,32756.0,825210,671610,76500,7557828.0,0.0,7082510,14994850,13044510,0.0,945460,1479390,734790.0,678660,483840,1970400,4444700,0.0,3617660
2020-12-08,0.0,2151740,8878659.0,8604990,2297110,1140540,3509780.0,2911860,20333880,6677910.0,16402560,47906.0,855880,959210,122260,18041591.0,0.0,11532900,19849710,14341140,0.0,702820,1532530,897840.0,747280,522530,1468350,4733470,0.0,3897220
2020-12-09,24200930.0,3679830,17235475.0,8148750,3001820,1135190,5111400.0,5148570,15264400,10123510.0,12895210,99830.0,840910,984430,102350,6355602.0,0.0,13762100,18897260,19001670,0.0,1198160,2136700,821210.0,789790,683020,1701940,5329840,0.0,6858420
2020-12-10,9233750.0,3830860,7131723.0,10188750,2112490,1085890,3775710.0,4914350,30402770,9261130.0,13602560,46373.0,1432910,1122020,61250,5319840.0,0.0,9858070,21848500,18133060,0.0,1299820,2406160,789190.0,979550,655870,6077770,6090320,0.0,8047670
2020-12-11,4459820.0,4566950,4038169.0,8093800,1750270,914520,4719070.0,3316850,16641080,4937270.0,8637130,20462.0,791100,813340,48840,6168645.0,0.0,9023250,15443500,14116670,0.0,776190,2406180,968860.0,569360,721710,2297940,4421030,0.0,4662730
2020-12-14,7325960.0,2935490,10783932.0,10847590,1443760,860080,5534040.0,3219050,14483540,8880680.0,14023310,22110.0,1079350,989600,53970,9006160.0,0.0,11829490,15678170,15694300,0.0,931080,2974170,778310.0,1122380,722460,2535300,5650800,0.0,17930230
2020-12-15,7305490.0,3422380,9902449.0,10988240,2666900,1095430,4905500.0,4717840,19581910,7906930.0,13083510,35774.0,935010,1455570,116620,6976311.0,0.0,15342550,17651510,13700860,0.0,1433260,4050090,720170.0,1205700,948860,4572910,6064100,0.0,13985630
2020-12-16,10461450.0,3093050,4972727.0,7708110,1995530,773810,3528920.0,4559460,17322370,18583680.0,19503010,25366.0,648540,910670,29800,6660662.0,0.0,14443400,23929920,29092450,0.0,740700,1812470,794690.0,756200,530890,2106480,7373790,0.0,7472860
2020-12-17,13567290.0,3894580,8479552.0,14327750,3594500,1844030,4909320.0,6299430,30645570,6939090.0,16719990,48255.0,1179730,1496400,206620,8406219.0,0.0,13209050,23515290,29802380,0.0,2305960,4870320,2055240.0,1352580,590300,2951870,9755270,0.0,10318500
2020-12-18,11693630.0,2432540,6193985.0,5660480,1532820,590630,3881450.0,9509510,19956910,8621850.0,17502170,68751.0,1417470,1086810,105530,5043178.0,0.0,14808270,25115670,15252570,0.0,1053200,3038890,585030.0,1350780,832310,3342900,9700790,0.0,11949250
2020-12-21,22481640.0,2476240,13838077.0,7880530,2307390,1296520,3351680.0,6290050,15789770,13474080.0,26924800,17510.0,827020,1158010,47370,12695804.0,0.0,14052330,25779000,22777010,0.0,697030,3322250,639870.0,587100,652430,2341080,5858030,0.0,9988310
2020-12-22,7573290.0,2735230,9212372.0,6431410,2576390,909760,1853210.0,4163730,26050910,14620100.0,22805050,58056.0,805250,2236430,81000,14807237.0,0.0,12607350,34461030,17109090,0.0,748840,2163130,678900.0,518320,517670,2266760,5859550,0.0,6311760
2020-12-23,11216860.0,2105620,10337045.0,5748780,1391420,551200,3522880.0,6361130,28097610,8754160.0,13833600,30606.0,910150,995990,94860,10941030.0,0.0,13975960,26091720,19453550,0.0,666390,3220800,845870.0,701430,529610,2432590,5132140,0.0,11225570
2020-12-24,15831250.0,3135180,13122063.0,8307780,2386210,1253120,9525620.0,6630420,18507480,10547250.0,16011380,13140.0,638900,1132960,71760,9255014.0,0.0,15882040,29370800,26106600,0.0,815730,2687430,789260.0,831440,523500,2511360,6840970,0.0,8896890
2020-12-25,9194080.0,1562900,6838210.0,8006910,1625110,617310,5589590.0,5078510,22667520,9593780.0,12807670,8549.0,598590,1008790,44010,8822774.0,0.0,16010740,20824680,17113750,0.0,314960,1584940,446980.0,370300,874910,1755510,6106960,0.0,5682560
2020-12-28,6223680.0,3156280,14331021.0,6379650,2197090,2377030,4610970.0,5670670,21024800,7639610.0,16589830,62400.0,553150,933380,111170,6970712.0,0.0,12578470,23669440,14471300,0.0,836090,1905670,871930.0,711710,611380,2305300,4538820,0.0,8216210
2020-12-29,6501920.0,3031270,9118460.0,5009810,2172950,490820,7712850.0,3524870,13443950,6375260.0,10912210,34767.0,1440210,702300,80630,7765160.0,0.0,11912020,13078710,12909770,0.0,696510,3451160,360210.0,612360,637610,1299700,5984160,0.0,11628180
2020-12-30,6741290.0,1442160,5232078.0,5580940,1204180,672840,5020230.0,3005990,21907500,5619740.0,12801190,23871.0,959720,860030,97540,10063435.0,0.0,10530310,35805500,16579440,0.0,509510,2027680,860320.0,1528950,564770,1856600,5655530,0.0,5264090
2020-12-31,6774680.0,1342380,6573192.0,4513160,2036370,957350,4707730.0,2587530,11867640,6396760.0,14034660,70147.0,3806160,891550,146100,6346863.0,0.0,9645420,14969830,16486510,0.0,367140,1272810,1390750.0,656040,628120,993810,7292340,0.0,4650930
2021-01-04,10776300.0,1993800,7327963.0,14041500,2151300,1362600,7353500.0,6829000,15832600,8814700.0,42370800,18997.0,1915700,1147400,159700,12479042.0,0.0,9011500,46809600,18607800,0.0,855900,3077500,946800.0,991100,792100,2299600,8385500,0.0,9299700
2021-01-05,18693900.0,2155700,7046670.0,9215200,2332200,1262700,5766300.0,7231800,18634100,24349300.0,34044900,61167.0,1274800,967500,123300,22063855.0,0.0,8624800,23399500,14280100,0.0,739200,2853200,2145100.0,1192200,653500,4013900,5658200,0.0,11968500
2021-01-06,15883900.0,3674500,11445066.0,15419900,1796000,1161900,6482500.0,11331100,17948600,16644800.0,22063300,55989.0,2344400,995500,164600,19359438.0,0.0,10370000,31193600,20222300,0.0,2080400,2838200,711000.0,1283000,635000,2823100,6159400,0.0,9706700
2021-01-07,11636100.0,1678500,14177972.0,10679600,2150200,1446600,6324200.0,8328800,21780700,9246000.0,18918200,8732.0,3028500,1118100,129900,43454672.0,0.0,13783700,39683500,16387200,0.0,889000,2926400,1036700.0,862300,616000,2453000,4691100,0.0,8942200
2021-01-08,15519300.0,2034900,9549600.0,8380100,2720400,934700,6681900.0,6924700,19978500,19580100.0,25861800,165427.0,2639600,1277600,152900,28633638.0,0.0,11401100,34889200,16947900,0.0,963900,2187200,1291700.0,1348700,739800,3323000,4558600,0.0,11122400
2021-01-11,9821800.0,2758800,12659475.0,10911700,1972800,743600,5430200.0,6768300,16645100,23446200.0,23381600,78851.0,2553900,1504500,170700,23357720.0,0.0,13473300,33493100,13980300,0.0,847400,4512700,1011300.0,1536700,786900,4603900,4430300,0.0,8820500
2021-01-12,9277600.0,2189300,13531973.0,9154200,2435200,949100,3876400.0,5101900,22738800,13021500.0,16552100,45070.0,1830900,1352600,192900,34680454.0,0.0,16390400,27236800,16418200,0.0,634900,2862600,605200.0,981100,633500,2344900,4612500,0.0,8633100
2021-01-13,9915300.0,1650200,10981725.0,9063900,2612000,1091600,15851200.0,6388800,16131800,14249500.0,18649800,63996.0,2553600,1101300,226400,65766878.0,0.0,9755200,26650000,11399600,0.0,1064200,2972500,1052400.0,1237900,623100,2521600,5529300,0.0,7540500
2021-01-14,8491200.0,1904800,7764465.0,8275700,1777500,775000,7396400.0,3675000,17527000,14964800.0,20138800,33163.0,1447400,1433000,155100,24754125.0,0.0,22844000,27462300,11995200,0.0,832200,3274800,818400.0,1439100,749700,3680400,6531000,0.0,7599400
2021-01-15,8184100.0,2404700,8071271.0,11321800,1540400,1767000,5477800.0,7103500,14788300,16530300.0,19922700,34900.0,2144900,845000,229500,59202831.0,0.0,14649600,51692600,17357400,0.0,1099800,2078100,824200.0,1238000,752000,2125700,4658200,0.0,3366600
2021-01-18,8419100.0,1685100,9417963.0,7197000,1209000,972000,7199300.0,5150200,18112900,13224100.0,13838300,39455.0,3740700,768800,136900,37508242.0,0.0,11612500,59659200,13377400,0.0,1060400,2291200,661800.0,826900,850100,2624000,5121400,0.0,5151900
2021-01-19,13077400.0,2701100,16635014.0,14466500,3505600,1158400,5926700.0,5782200,25778200,17853400.0,22184900,32445.0,2416600,1659900,134700,53114820.0,0.0,19694000,45045700,22796500,0.0,1130300,3552500,1032900.0,1367600,700700,3668300,7415600,0.0,7316800
2021-01-20,12323000.0,2306500,11321449.0,11184000,3663800,1022600,5355900.0,6660300,37915600,15018300.0,23198100,25256.0,2314800,1682900,226800,43360480.0,0.0,14483300,34426700,25772300,0.0,2093000,3457300,850500.0,1875500,634500,3363700,8073200,0.0,6873100
2021-01-21,6535000.0,1347000,6412479.0,7568900,2313100,966400,5031100.0,4714900,20829700,8957600.0,14714600,25109.0,2180900,1034000,165200,22062662.0,0.0,13084500,34477100,14253300,0.0,1283700,3018300,606100.0,1564600,755200,2531200,6882400,0.0,6989100
2021-01-22,5438100.0,2211800,7802673.0,11333200,2090300,1062200,6470800.0,2937200,14798600,15290300.0,12400500,36380.0,3060300,1422700,131000,22669983.0,0.0,11501200,29967400,12347400,0.0,1268500,2262800,646900.0,1094200,878700,2429000,4065000,0.0,7256800
2021-01-25,7683600.0,1371900,7422897.0,6580500,3111900,1225400,4896700.0,2373100,33091200,9574400.0,10924900,22530.0,3869900,2134100,144200,24078933.0,0.0,12151400,28071700,15639600,0.0,725900,2142000,411700.0,827300,824300,2554800,3524100,0.0,6559800
2021-01-26,8096200.0,1836800,11771731.0,8285900,2597500,1329100,5595300.0,3770100,24099500,10126700.0,19797100,39294.0,2475200,1356200,227400,44996014.0,0.0,10631800,32302200,18111400,0.0,970500,2105700,500000.0,1028600,469900,2596900,6629100,0.0,3655500
2021-01-27,6387700.0,2102100,9153198.0,9544300,2226800,940900,5670400.0,4373100,28056100,9796200.0,22798000,31110.0,2243700,2106900,227600,23195032.0,0.0,14058600,32158500,18775400,0.0,1566800,3312000,842600.0,1488900,683300,3153800,8073900,0.0,6401900
2021-01-28,15154800.0,2692000,10026116.0,13297400,5092400,1569900,501600.0,4508900,49934800,12732500.0,20362200,78435.0,3816800,1843300,284400,24833988.0,0.0,18067700,45050900,27121100,0.0,1205500,3197600,1079800.0,1742900,437200,4565600,8709000,0.0,3181000
2021-01-29,7621200.0,2008200,9888607.0,14819400,3211900,902600,12775800.0,5395400,40248000,11086300.0,19607700,19650.0,2838500,2812400,508600,32327338.0,0.0,14006900,31230400,27420900,0.0,1359000,5469400,457900.0,1692900,682500,4140500,7679900,0.0,13579200
2021-02-01,7528200.0,1545000,5935717.0,12315100,2017400,670300,5967800.0,3380300,21323900,8298100.0,16163000,32020.0,1792200,2508200,109000,19798552.0,0.0,15664500,23123900,15146700,0.0,1309600,2634200,284300.0,1340000,593900,2934800,8096300,0.0,7498800
2021-02-02,6544600.0,2497300,5362720.0,7767300,3264600,934100,6277200.0,3057100,28541100,7866100.0,14396700,16056.0,1927500,1400700,459900,31635547.0,0.0,11603300,20756400,13498900,0.0,1064500,2756900,387700.0,1771200,606400,3350900,4539500,0.0,8546600
2021-02-03,7054500.0,1851900,10952394.0,10075600,4173500,874500,3765800.0,4470000,34839600,9285600.0,19837900,23800.0,1539300,1798800,240500,26159418.0,0.0,14370500,27109800,18238700,0.0,1454600,3365900,541300.0,1698900,600400,3056500,7212700,0.0,5472800
2021-02-04,4250800.0,1378500,9136085.0,9413200,4398700,790800,4257800.0,3323600,22252900,6158100.0,11089600,19210.0,1415200,1597800,296100,15714340.0,0.0,12070400,18651000,14141400,0.0,967300,2498900,314600.0,1022400,604900,1896800,8271100,0.0,4110300
2021-02-05,5610600.0,1279600,6674009.0,8496700,2084900,799000,3434800.0,3084000,23371200,8748700.0,11885000,21592.0,1209500,1479700,112500,29418304.0,0.0,12415200,18060300,14358200,0.0,897400,2245800,1534500.0,922900,496400,2231200,5609800,0.0,3746700
2021-02-08,5755400.0,1874900,13854621.0,12845300,4035600,1695100,5368300.0,3918400,32918400,17862700.0,22263700,55800.0,2260800,1952500,141100,25766919.0,0.0,21430000,24037300,21272800,0.0,2902200,4803100,1354400.0,3422500,1310700,4331600,8585000,0.0,10110300
2021-02-09,5954800.0,1448500,8729550.0,8069900,4224300,1216500,3756400.0,3156000,26164800,11482300.0,15933800,18387.0,1448200,1326800,129900,12574612.0,0.0,15890800,18229600,16738000,0.0,2978900,2668600,1091900.0,1758000,660800,1931700,11427300,0.0,6417300
2021-02-17,6855800.0,1439000,18919893.0,9896400,3139100,1923100,1392600.0,4203900,24253200,11925100.0,18470000,15515.0,1142900,2121400,162000,19511714.0,0.0,11244000,21031200,21134000,0.0,1054100,3701700,1141900.0,1253600,618600,2872300,6880800,0.0,5097100
2021-02-18,5547900.0,2339700,23100408.0,10032300,2243100,2259700,3278500.0,4632300,21343800,8353900.0,23346000,28163.0,2207200,1550600,195500,19041857.0,0.0,14644800,22503900,15791300,0.0,1688900,4499400,787100.0,1434400,608400,2847400,5151300,0.0,7076500
2021-02-19,31184200.0,2027200,17605273.0,12154600,3722700,1134700,8269200.0,4034000,17007500,12657400.0,30003300,20841.0,1419300,727200,150200,21635265.0,0.0,11921100,22590900,12801300,0.0,1851200,1911800,531800.0,1433200,536500,2696500,5478300,0.0,4599200
2021-02-22,12587300.0,1523800,10700535.0,11349900,2319300,1156500,4211000.0,6535800,21362500,15463000.0,19791100,15816.0,1186200,996100,101100,16462663.0,0.0,13412000,25991000,14466800,0.0,1388700,4390500,1128900.0,1481000,577000,3006200,4886200,0.0,4038700
2021-02-23,13951000.0,1533100,16061241.0,8347300,3369500,1546200,8396300.0,4611000,17921700,14798200.0,31587900,22626.0,1592900,1867800,224000,31073880.0,0.0,15568700,24897200,26384200,0.0,1441400,2039100,1401200.0,1393900,1228400,3048400,8992000,0.0,4783700
2021-02-24,18685200.0,1640000,16698138.0,14250600,2225200,820100,4418300.0,4438700,27282600,13175700.0,19888900,24648.0,1478100,1009200,58100,23352954.0,0.0,14635500,24698800,14395400,0.0,1265300,3720700,903200.0,950100,545400,2801000,4924100,0.0,5262900
2021-02-25,15014200.0,1733200,10129231.0,8490300,1927500,1366000,3505700.0,4931000,21931700,10131400.0,17887600,17924.0,1571600,659600,92700,24986950.0,0.0,11141000,18339100,16440500,0.0,896100,2300900,975600.0,1013500,839300,4282900,7600300,0.0,4225800
2021-02-26,13071400.0,1379500,10974313.0,8851000,1936000,872900,4192500.0,4328500,40928500,9315300.0,22352200,19500.0,1485300,1163300,62100,28661982.0,0.0,13946600,17421100,15265000,0.0,1070700,2385600,1099700.0,926800,772100,3357800,5846800,0.0,5168300
2021-03-01,8464900.0,2251400,36722839.0,13954000,2078100,1661100,3977200.0,3271800,21998200,36421300.0,22065400,16415.0,859200,1200200,111500,25488809.0,0.0,19294900,35781100,12622200,0.0,911200,2302000,991400.0,777700,663800,2179000,3352500,0.0,5383600
2021-03-02,9574100.0,2124000,18355410.0,7320600,1821700,1386700,5624500.0,8274900,23670800,13665000.0,14005100,25070.0,1027600,571000,105500,23396396.0,0.0,12530900,21137900,8576800,0.0,1189600,2460000,1116000.0,926300,802800,3050100,5150400,0.0,6292000
2021-03-03,9072300.0,1583800,11209504.0,13074300,1599400,696900,2908600.0,5701400,22262900,9087400.0,16468900,23300.0,803200,755600,103200,18926418.0,0.0,9827100,16624600,8441900,0.0,915600,2148400,687500.0,1075300,704400,2551300,6067500,0.0,6916300
2021-03-04,9814000.0,2089500,36627073.0,10315800,2901500,1325100,4337000.0,4433800,27962100,17022800.0,23153000,22811.0,1647600,893000,219900,26952009.0,0.0,15631000,23543500,16228300,0.0,1118100,2714300,1035500.0,1671400,353700,2755100,7501300,0.0,3774600
2021-03-05,10157000.0,1857200,21472009.0,10156400,2507500,1469200,3738100.0,5045400,21396800,11077600.0,19035300,49110.0,1141200,844200,178600,20150449.0,0.0,14142300,24861800,11169600,0.0,1661600,2865300,509000.0,1294800,490100,4187600,3581200,0.0,4886800
2021-03-08,16047000.0,1595300,19098050.0,7574900,1656600,1649000,3627300.0,2950800,17777700,8146600.0,14809500,59154.0,1612700,750000,203100,16097297.0,0.0,10821800,13653100,10807100,0.0,1501800,3046500,486000.0,1390100,493900,3208200,3558200,0.0,4501400
2021-03-09,8819900.0,2430700,27603028.0,10113900,2182400,696100,2056200.0,2548600,16289800,8925400.0,12179900,75324.0,1166700,1485600,167500,15176186.0,0.0,10483300,14770300,10594100,0.0,1344300,2196300,321700.0,1587600,476800,4141900,5754000,0.0,3258000
2021-03-10,12152700.0,2056500,14478519.0,7468500,2602400,995600,2563700.0,2806700,15772500,12470100.0,21590100,16003.0,817400,724600,182100,28895282.0,0.0,10935600,18970000,9050000,0.0,1063900,2406700,319900.0,576300,767100,3391300,3655900,0.0,3109000
2021-03-11,7124300.0,1672400,11431367.0,7639300,1477800,337200,5317600.0,3621700,15569400,8092200.0,16459200,29347.0,878000,513500,193500,58166354.0,0.0,10817400,34594300,15369300,0.0,1009800,1726900,338700.0,1108700,633000,2417000,7863700,0.0,2683500
2021-03-12,5195500.0,2536400,10640691.0,6997500,2062800,398400,8710200.0,4051500,12153700,19801800.0,16339100,44305.0,872100,414300,65900,49120093.0,0.0,6189600,19941500,8046800,0.0,1259800,1733400,445400.0,1122300,528900,2704600,8652300,0.0,3713000
2021-03-15,18052500.0,2779700,9718374.0,6762100,1760900,398200,2472900.0,2840700,11905100,7894300.0,23273400,24854.0,1188500,766800,114100,41315736.0,0.0,7094400,22954100,8638500,0.0,1438400,2288400,496100.0,2632400,495700,2379400,5081100,0.0,3034700
2021-03-16,6112900.0,2223700,13177348.0,7061600,5111000,893400,4671800.0,4549400,14097300,9225100.0,12749900,33413.0,535200,605800,91200,63266470.0,0.0,12975900,23799400,11577300,0.0,655800,1317500,323100.0,1360600,477000,4121100,5495600,0.0,5860500
2021-03-17,6246400.0,4346500,11290073.0,23685900,1603200,798700,2819700.0,7798100,12191800,8451500.0,14185100,14627.0,576400,521000,93200,44962920.0,0.0,7522500,38324900,9542800,0.0,1239400,2007400,1321300.0,1260400,564100,3568400,3472100,0.0,5558500
2021-03-18,10281900.0,5666500,8308217.0,16047000,1807500,276400,3849200.0,7237000,11166600,8065800.0,13051200,34224.0,1222500,914000,66800,62469485.0,0.0,7073300,19877400,16410100,0.0,1609100,1374800,547600.0,1473900,499900,2553400,6211400,0.0,3154200
2021-03-19,7108900.0,2885400,23500478.0,8287200,2247800,966800,3339800.0,4935200,18392100,5349800.0,9917000,51390.0,1148800,376700,75100,30978861.0,0.0,11156300,24328900,7413700,0.0,1595700,2747200,657700.0,1625700,934300,2339400,2892600,0.0,9786500
2021-03-22,8706000.0,2562800,13731597.0,20682100,2084800,510900,3121400.0,3963200,11047900,13718400.0,15628700,19429.0,723300,377300,40700,24949166.0,0.0,7606900,32816300,10554500,0.0,1902000,1576700,712000.0,973900,507300,3416300,4302500,0.0,4091000
2021-03-23,10347000.0,4549300,9933405.0,14649900,2201700,563500,4188700.0,3947000,12487200,12019100.0,15105300,31653.0,1022900,625000,41900,36743175.0,0.0,8829200,25297500,12997700,0.0,940800,1319900,609600.0,1034700,356300,4554300,3984700,0.0,4290000
2021-03-24,9941600.0,3341900,19977235.0,18260600,2480100,729000,3693600.0,5338200,23653500,9246200.0,16076400,87979.0,869100,528300,50400,25709476.0,6007500.0,13279700,22973200,13792100,0.0,1422500,2103300,743900.0,1104100,415100,3192200,3766600,0.0,5717400
2021-03-25,8322000.0,2369000,9565052.0,14674100,2305400,635700,4806600.0,4130500,19929000,9473900.0,13199800,97364.0,1076400,506500,146100,12543927.0,1464100.0,13265200,28724300,10420800,0.0,1160300,2404000,949400.0,4322000,508100,3152700,2258200,0.0,5291700
2021-03-26,7931700.0,2445100,16013626.0,16252400,2672600,375100,5217700.0,4007600,28109800,9285000.0,14311100,41984.0,912800,585900,108500,79872908.0,1078500.0,10140300,23365100,10188400,0.0,1196800,2265800,629900.0,2927800,403500,3653700,3505000,0.0,6718200
2021-03-29,6981300.0,1347900,13492479.0,11589800,1997700,257900,1674300.0,3149300,13251900,12544700.0,16883500,27124.0,918800,870000,102300,55783478.0,3992200.0,5694300,36995400,8380600,0.0,1195800,1446000,249800.0,3140900,640100,2790300,2731800,0.0,4460500
2021-03-30,8053200.0,2304200,9998441.0,11152600,1512500,588000,2115700.0,4092000,13333800,21012600.0,13184900,60700.0,1443600,318600,100000,44819732.0,1896300.0,7282100,99978500,10768300,0.0,1748700,2901300,1177200.0,5179600,509900,2590400,3701300,0.0,5262800
2021-03-31,4986100.0,2170100,34894731.0,11841600,1373400,630300,2056900.0,3883700,16323700,11121800.0,10510400,33641.0,3145400,326800,168700,59684975.0,4138700.0,7641900,56674000,10304100,0.0,944600,1897500,1462600.0,2823600,456300,2815600,2875600,0.0,4520600
2021-04-01,10439300.0,3706500,16827977.0,18695800,2500900,632100,2484100.0,3531500,27681900,6056600.0,19588200,14776.0,2037400,1239000,177600,30000413.0,3793500.0,21897600,33202800,11065800,0.0,2697600,2578700,992400.0,2230900,536300,5594000,5147000,0.0,5486600
2021-04-02,13979400.0,5794100,9083120.0,12198800,1950200,951100,2241800.0,6221100,16678500,13331100.0,17890400,15810.0,2155300,796700,85600,46525842.0,2990700.0,13802300,56039200,8261300,0.0,2277500,2203200,641300.0,2255500,530900,3840000,2400100,0.0,4192100
2021-04-05,7433500.0,5969400,18835225.0,16216000,1487000,723500,2056700.0,5898700,15377800,11177200.0,26102300,16777.0,2571700,364100,285000,14666101.0,1564100.0,18659500,46163800,11025600,0.0,3592400,2653200,1321700.0,2249000,440800,2822700,3162000,0.0,6891100
2021-04-06,7565000.0,4113800,17500602.0,22526100,1505800,674800,2365500.0,5343500,14033300,9843200.0,33236600,15400.0,1808000,1035200,172400,24993925.0,1881700.0,15886800,42374000,14957000,0.0,2243200,2102600,892000.0,1979400,427200,3452600,3766400,0.0,8548000
2021-04-07,6400900.0,2609000,8862516.0,12150700,1503800,1201200,2634700.0,4333600,14407800,8942700.0,23620400,14010.0,1957200,327200,127000,12985734.0,1208100.0,13001600,51625800,7728400,0.0,1182700,2485300,621500.0,1698500,381100,3503700,4134200,0.0,6779600
2021-04-08,4687900.0,4412400,18329217.0,11652100,1609800,684700,3152300.0,5669400,11970000,10415900.0,22368700,18320.0,1205800,310500,147300,18081268.0,911300.0,10999100,26665400,7518800,0.0,1575400,1584900,1307400.0,1509200,418400,3603800,4285000,0.0,5971100
2021-04-09,5401500.0,4489700,7036024.0,14650600,3970400,379200,2944000.0,3890400,15623400,18480900.0,16904800,24050.0,1062300,464700,183000,23788408.0,955900.0,11376200,25317200,8022500,0.0,2101700,2111100,1408300.0,1755500,417900,2716700,6145000,0.0,5329800
2021-04-12,12513500.0,5149300,13360095.0,13503200,2022500,1911900,2902600.0,9500100,27010400,13377800.0,16624100,34832.0,1536200,852600,168100,13120767.0,846900.0,16962300,49313400,14990200,0.0,2670100,3269900,436400.0,3481900,621400,3632400,12507000,0.0,5452100
2021-04-13,8736000.0,3952000,26002911.0,15121500,2038100,1358600,4556700.0,5844900,26956900,12538900.0,22558600,20354.0,4864100,1232700,173200,28573210.0,433600.0,17662700,46627800,15104100,0.0,1670900,4016800,659400.0,5053200,499500,3799100,8737300,0.0,11697800
2021-04-14,5073300.0,2839300,10298424.0,14310200,2530600,741700,3282300.0,2954300,28753300,16924100.0,15096700,84527.0,6637200,472400,183300,17679769.0,579800.0,16502500,35105800,9753300,0.0,1336800,8169000,746000.0,4102600,508200,3498500,8429500,0.0,5803300
2021-04-15,9686700.0,3705100,10301929.0,13938300,2096200,1471400,3301600.0,4656800,32078100,13424200.0,18900600,69613.0,2903400,1036700,159000,20874981.0,1409400.0,18715900,36947400,14745100,0.0,2152800,7972300,708300.0,3419000,640800,3549400,8588700,0.0,6016800
2021-04-16,8403400.0,4667300,13482380.0,21441800,2194600,590300,5099800.0,4639500,28433700,21676500.0,17708300,24705.0,3077700,781400,165300,22365826.0,574400.0,18210800,41485000,15488700,0.0,1515900,6593100,367600.0,2988000,431200,4876400,7968700,0.0,6772000
2021-04-19,4291900.0,3194000,8130447.0,16032000,2380800,577300,2739500.0,3695000,34808100,13640800.0,13993700,47235.0,6460900,1203800,153600,29846414.0,886900.0,11875700,29032100,11234400,0.0,1387500,9104900,565800.0,2820300,592600,5722900,6235000,0.0,4122400
2021-04-20,7166900.0,2676100,8723713.0,23241600,4742800,1410500,2655600.0,3470400,37829300,22268200.0,12942400,11970.0,4290600,2184800,186700,30448073.0,1465400.0,14901200,29744900,11225000,0.0,6274200,15266000,1844000.0,3108200,729500,6987200,7469200,0.0,13595800
2021-04-22,7843500.0,2929700,17696796.0,21428500,2271200,1101600,4710300.0,4280300,33049800,13664200.0,13234000,61230.0,3474400,2536100,112600,29907134.0,729000.0,14783000,35450900,8352800,0.0,2981300,6647900,751500.0,3319500,772400,3166300,18528500,0.0,7978600
2021-04-23,6687700.0,3078200,10953456.0,17558700,3166400,849600,3554300.0,4256300,28493500,21139500.0,16710100,27420.0,5010500,2198500,175900,16729333.0,853900.0,14676900,45227000,10600700,0.0,2285300,8823200,934600.0,4410000,812600,3556800,17736800,0.0,8772400
2021-04-26,7119100.0,3328300,7200762.0,12681700,2551300,1072100,2796700.0,3955800,25156400,15801900.0,14253600,23723.0,3744400,1271300,184400,21031570.0,578000.0,9931300,41629500,12155400,0.0,3595400,8982600,994200.0,2434500,562600,5045600,18067600,0.0,11318300
2021-04-27,6393000.0,1978500,11163774.0,7161800,1287100,791100,1511800.0,3175700,21294400,11327000.0,10054300,15500.0,2383000,818300,88700,13579639.0,705300.0,5350000,47546500,7370000,0.0,1191800,3979800,654900.0,1631700,474700,3149400,16956600,0.0,6825200
2021-04-28,5675200.0,1379200,7262971.0,7986500,1366700,631900,3108300.0,2933300,15619100,11756400.0,17389600,9326.0,1830800,994100,141900,16572098.0,846500.0,8752800,71125700,6065200,0.0,1426900,5756900,1008500.0,1613300,517100,5027100,17660900,0.0,7556200
2021-04-29,16646300.0,1949100,9375715.0,14195400,2095500,624400,3166900.0,4836700,27877700,23814400.0,18937600,3448.0,1803600,662300,170100,14636258.0,1199900.0,9170100,38893400,17966700,0.0,1615700,5374300,1907900.0,2181100,520600,6499700,41536000,0.0,5847200
2021-05-04,9333200.0,2171900,6982006.0,25413700,2362100,930600,2156600.0,4476200,32996000,13765800.0,24397100,4605.0,2322900,730900,278200,14028858.0,1055500.0,9998200,54307900,31749800,0.0,1496300,4388500,614200.0,1732600,515300,4112800,24846500,0.0,7193500
2021-05-05,17558400.0,2692200,19535101.0,22165900,2321300,919800,3182300.0,17394400,24468200,19201000.0,25875400,30441.0,1788700,1124900,264400,18581507.0,647500.0,12386200,51677300,28214800,0.0,1826700,2850600,1127000.0,1268600,507100,3792300,21968300,0.0,9862900
2021-05-06,7783800.0,2246100,10341147.0,19927200,1969000,911300,2554200.0,5442700,21609700,17204800.0,18915500,30312.0,1529000,923300,362700,17944423.0,1078900.0,10716100,34269000,26766000,0.0,1161200,2793600,2135700.0,1064200,426600,7448600,28868100,0.0,5084700
2021-05-07,12059100.0,3706600,12270722.0,25587800,2705900,856900,2869700.0,15743900,29552700,19607200.0,24764800,14302.0,2566600,923400,199900,21936466.0,1122000.0,9370400,48458300,22027500,0.0,2284800,5114200,487500.0,1769100,439500,6744500,36308200,0.0,5678000
2021-05-10,13491300.0,3027800,10258054.0,25185800,4504300,763900,2429700.0,9105400,28160100,16359500.0,36389900,481.0,3909900,1744900,235200,14043463.0,1638300.0,22718700,41488900,19611400,0.0,1674000,3933700,731100.0,1099300,472400,8176900,36069200,0.0,8658400
2021-05-11,9777000.0,5349300,10832496.0,15717800,2078700,737800,2824000.0,5377400,29565200,20851300.0,20385100,3851.0,3396000,1382900,238100,18388718.0,942400.0,16042700,58012000,16021800,0.0,1171500,3142600,1352500.0,1164200,527700,4197000,24541400,0.0,5114700
2021-05-12,8991300.0,3331500,16830519.0,19602800,1844500,616200,6321300.0,9313400,29316300,15978100.0,21106000,22454.0,2454800,830000,91400,17572312.0,1429600.0,10131500,59475300,23553400,0.0,1218300,3510300,1042400.0,1390400,532100,3199300,33403900,0.0,3752800
2021-05-13,11724300.0,3483900,12815711.0,34020000,2558300,549200,5598900.0,9057200,24654400,22137800.0,26896800,37209.0,2424100,986800,394900,28471876.0,2069300.0,20974300,47105300,18045200,0.0,1698000,2560600,1129600.0,1723500,481000,3118400,25718500,0.0,4782600
2021-05-14,6118400.0,2724600,10333479.0,17062600,1858700,825800,2819600.0,7556800,31815400,17542000.0,21651900,6532.0,3609800,818500,242500,42055833.0,3100400.0,13050200,32742600,13905300,0.0,1403600,2990500,1461700.0,2609800,659000,4391200,44422200,0.0,4716600
2021-05-17,9278700.0,2992400,10037598.0,17025300,1744500,1039300,3533900.0,8422100,34004200,21240000.0,19181800,48370.0,2365200,535700,214200,40155841.0,3145000.0,16948500,39752100,17123600,0.0,1715100,5913000,1108700.0,2417900,485200,5001300,36478300,0.0,5595900
2021-05-18,7881100.0,3903100,13695968.0,17653600,2133500,1096100,3064400.0,7207100,39146300,20104900.0,23037800,8474.0,2952600,594800,248100,24267707.0,3096400.0,11559500,44745200,16910000,0.0,2103400,3455700,2193900.0,2452700,390900,2970100,30645700,0.0,6236900
2021-05-19,8143500.0,2872100,7008893.0,17470800,2876300,299500,2813000.0,7076700,28407500,14538700.0,29370700,35919.0,2094300,599700,180500,26023306.0,3510600.0,16376200,46484200,17467900,0.0,1678100,2871000,1798100.0,2178400,362700,3526100,41305500,0.0,12028000
2021-05-20,12263200.0,3495000,13157000.0,14056500,3523900,714400,4030800.0,9768400,21552100,13817500.0,17314900,5115.0,2826500,1409800,122100,14644144.0,4030600.0,28128900,57268100,13171300,0.0,1904100,3923100,1435100.0,2084900,475700,2800500,34350700,0.0,7526000
2021-05-21,9146500.0,13027500,18819897.0,15853000,3222700,596800,3409100.0,5745200,22951900,14550800.0,19882300,20004.0,2584400,979600,170500,27588979.0,4272700.0,15936600,45792800,18850300,0.0,1459200,6075800,1202400.0,1622400,329600,3942800,42798800,0.0,6579600
2021-05-24,7546600.0,6994100,8519629.0,30504900,2669500,504600,6726600.0,5478200,23592200,13869000.0,20486500,36115.0,2152900,539500,182600,18250774.0,2716700.0,16564900,31595200,14666700,0.0,1814700,5182000,1111800.0,1985800,523500,4349800,39712200,0.0,5061400
2021-05-25,8757400.0,6329600,15444891.0,10875800,2156300,594700,5599400.0,5954400,22689000,17869400.0,22789800,49944.0,1734000,789800,174200,17544026.0,3725900.0,14778500,24123100,10560300,0.0,3816000,2865100,859100.0,1514900,423000,2791200,31781000,0.0,7140900
2021-05-26,9976000.0,7369800,11107893.0,13860100,1992800,414400,6327300.0,4418200,15485000,27082700.0,33671000,11635.0,1459300,781800,160900,39394747.0,2720400.0,13254600,31489600,16505900,0.0,2356000,4679100,1605000.0,1677500,473000,3773300,35197100,0.0,5261200
2021-05-27,9551700.0,5862300,10566261.0,19716800,1745800,687500,6625100.0,6586700,19165200,31002700.0,28188800,18033.0,1642200,848200,229100,22301945.0,2077400.0,16156700,46751500,15941600,0.0,1455000,4530700,1727700.0,2081300,438000,2924300,38641900,0.0,4995200
2021-05-28,9416000.0,7857000,21871299.0,16908700,1874300,655400,5541400.0,6061000,30138100,35668800.0,26378900,7969.0,2045800,743300,186100,44350395.0,2006200.0,17028000,73839900,20002700,0.0,2196000,3237700,798200.0,1847400,501900,3122200,39912100,0.0,6456400
2021-05-31,16030300.0,5597900,35549063.0,17663200,3237700,853700,4910100.0,10124400,60309100,24242200.0,30395700,40013.0,1011700,1269800,169300,40919609.0,1832500.0,12192900,42128800,17054600,0.0,2621000,5075900,1273300.0,1846800,512700,3095900,33135900,0.0,8050500
2021-06-01,11159800.0,4096100,20891459.0,10726300,3495000,1013500,5077400.0,5188000,33413400,21800700.0,16331400,35550.0,2426200,1074000,127300,30575141.0,1733600.0,12399700,47063500,12358200,0.0,4533500,3869100,1593800.0,2155400,283700,2339900,46477100,0.0,6032600
2021-06-02,16009600.0,6043600,27536059.0,14835300,3053900,1981500,5018100.0,4972900,40000100,30704200.0,23682500,7203.0,1867800,579400,149300,26046838.0,1816900.0,16616900,51657300,24560900,0.0,4274100,2664100,1429100.0,3130600,518700,3672400,29367400,0.0,4443800
2021-06-03,12265700.0,6715400,25587696.0,17478700,3190800,1263100,6501800.0,8524500,36969900,20623800.0,29087000,42560.0,2624700,593700,207600,51622880.0,2794400.0,14693000,30950700,23735700,0.0,2802000,5044900,1101900.0,2488900,589000,3629000,59255200,0.0,8184300
2021-06-04,9488100.0,5939600,41879253.0,12980000,3820600,2154200,9284000.0,9321600,31679400,13580700.0,32896100,24555.0,1560500,617400,197400,36472895.0,4445100.0,15977800,37481900,13371600,0.0,2405800,3635200,1296600.0,3689200,634100,4564400,76583400,0.0,14241700
2021-06-07,18505000.0,5275100,25999830.0,17794800,3711200,1617400,10302900.0,6948800,34653300,27208600.0,30845500,26300.0,905600,684700,163500,36065428.0,1594600.0,23994300,38824700,20392100,0.0,2969900,4249400,1292800.0,3681800,684500,3736600,45648300,0.0,9584700
2021-06-08,14322800.0,5685400,35669577.0,16100500,3486000,972400,5410600.0,6496800,38486300,21449200.0,29808700,1600.0,1589500,715300,312400,53639560.0,2450000.0,19617700,47297600,25295000,0.0,2351600,7252600,1083700.0,2699600,674400,5477700,50833300,0.0,8044700
2021-06-09,12565100.0,4454300,30048456.0,14885700,3576100,866600,5540700.0,5641300,40956800,23183200.0,30626600,2098.0,1070000,739900,94900,29915625.0,2641700.0,21306400,37519500,22397000,0.0,2393900,3322600,1630400.0,1813300,642400,3013500,33409200,0.0,7480400
2021-06-10,14000300.0,4463400,14815488.0,11556800,2214900,1036100,4218400.0,4044400,29312900,10240000.0,15556800,1400.0,876600,679100,690600,18315795.0,3337900.0,14900900,23976800,10935100,0.0,2262500,3369400,1063900.0,2929000,637800,5619300,76530000,0.0,5139200
2021-06-11,9532300.0,6390300,20012447.0,17955900,2359600,390700,4200500.0,6158200,29030300,17122800.0,24998200,2529.0,1791100,830800,359400,23631733.0,2589300.0,22212500,36442200,29600800,0.0,2048000,3884300,1732100.0,1729000,801200,2940400,30016000,0.0,4273200
2021-06-14,10946100.0,3394300,27610276.0,14106200,2547600,1645200,5243000.0,4570000,28587500,9392700.0,24587000,17603.0,1488600,740900,138600,19661123.0,2782100.0,18579800,26889200,16827800,0.0,1459700,7532600,1312700.0,1933100,642700,4875100,35156100,0.0,6417700
2021-06-15,18178200.0,3257000,20854554.0,16190500,1778700,548600,9611200.0,5603100,21707700,16885200.0,24890500,31282.0,994300,437500,268600,31348272.0,2466800.0,14842900,29659500,19611800,0.0,1420700,5394500,1033400.0,1348000,667600,4534800,37834100,0.0,5436900
2021-06-16,8211200.0,4217600,31312487.0,21380600,2462000,2150100,7694800.0,3846900,28929200,14709500.0,20702200,8899.0,1031500,499600,235800,43589427.0,1489700.0,22090600,30686500,20575900,0.0,2898400,4021200,1315900.0,1180600,532500,3041200,24074100,0.0,5055400
2021-06-17,6392600.0,3579300,21339344.0,17430700,2236400,1664700,9882200.0,4396000,20215900,11374400.0,25763900,11485.0,1384400,1284500,82700,30617848.0,1823600.0,10762100,19581100,18677800,0.0,1557000,3866300,743400.0,2848500,588400,2388800,15732600,0.0,5670600
2021-06-18,9215200.0,3200200,17241045.0,13217400,1681700,753100,8776800.0,3838700,28992700,6928000.0,26023700,42712.0,1510800,384900,163800,16675785.0,2734900.0,7798000,16991300,9956600,0.0,3234900,4789800,493600.0,1788400,366100,2971800,14881900,0.0,4117900
2021-06-21,5447600.0,4237600,17878165.0,11267800,3878300,967400,6685400.0,2916200,22610800,8147000.0,18818600,2405.0,1793300,1179900,119200,18229102.0,2216300.0,12541700,24072800,14920700,0.0,2107900,3350800,930900.0,1497200,669000,4193600,15519400,0.0,4194500
2021-06-22,14872000.0,2781900,18246648.0,21910600,1760300,1273100,5910700.0,4849100,18459100,7632900.0,35453700,7200.0,1229800,736900,207400,21162101.0,2389900.0,9039100,25185700,17224200,0.0,1481900,2497800,1040400.0,2161600,528900,2242800,16227700,0.0,3411300
2021-06-23,10244600.0,2574200,22867429.0,16906300,1599900,907200,7695500.0,3058700,18559200,4347400.0,23680200,2027.0,744300,443700,186000,15808852.0,2069900.0,9637700,24112800,13102300,0.0,2248600,3874800,1426500.0,1281200,588000,3357300,30671700,0.0,3755900
2021-06-24,11494200.0,2110700,12252536.0,24594800,1657800,1357600,5819900.0,2880700,19985600,8013900.0,22472700,1900.0,766600,394400,148100,12661541.0,2276400.0,7398300,21749700,10692100,0.0,1143400,3936900,614800.0,1374300,634400,4225000,13397200,0.0,3112800
2021-06-25,7934000.0,2572300,13379643.0,14298400,1503400,1539200,3659300.0,4996600,26191200,4316100.0,18753300,5411.0,779600,717200,110700,15032564.0,2106000.0,23685000,15572700,10947700,0.0,1688800,2846300,1049500.0,1763300,470100,2079300,11060600,0.0,3583400
2021-06-28,7937700.0,6685100,13999174.0,13909500,1858800,868700,6792600.0,5338200,39158500,9861000.0,18609500,3564.0,1490000,669700,184300,34958907.0,2093400.0,9639500,19303900,25721100,0.0,1524500,7156600,2421700.0,1711000,514200,1847900,17281700,0.0,2856800
2021-06-29,6677700.0,3945700,18230381.0,18646000,4897800,790600,4640000.0,4712300,19830300,8845100.0,18304800,8335.0,990100,556700,90800,35425532.0,2099600.0,10429100,36074600,16059200,0.0,1853100,5907600,1040100.0,2339900,666900,4368100,15695100,0.0,2417000
2021-06-30,9628000.0,4001800,13852403.0,31366000,1651100,841400,3729600.0,3412100,18899100,5620300.0,25995400,14950.0,2251800,1221500,86800,17581057.0,2195300.0,11623300,16495700,11461700,0.0,2768000,5135400,429100.0,2685900,595200,2115600,15417000,0.0,6521500
2021-07-01,10393200.0,4601600,29389541.0,29241200,1700100,983500,6757400.0,5516400,39670000,5910700.0,24500700,9010.0,1706400,727200,157000,19107488.0,2349400.0,13724500,29589500,19326700,0.0,1836400,3700200,746100.0,2194700,534300,3811500,30912800,0.0,3093100
2021-07-02,6407100.0,4204700,12621285.0,16549400,3873500,1847800,3962500.0,4656100,30058700,8429500.0,17761000,58201.0,1294400,964000,104000,29496567.0,3294900.0,12668600,41478500,29377200,0.0,1727200,3152400,1492800.0,1789100,506800,2750900,31892600,0.0,2781500
2021-07-05,16668600.0,3489500,19732053.0,19600400,2934200,1553700,4525200.0,5016800,37065500,8235200.0,26337400,36728.0,2219000,1355400,64900,35829343.0,2506700.0,18789800,53687900,47547200,0.0,2049100,4553400,1295000.0,2765200,480300,2931000,23568800,0.0,6662800
2021-07-06,7653200.0,6222400,20809112.0,22943500,1967400,1053200,6778500.0,5052000,39626500,11447200.0,18361900,36694.0,1564800,790100,45100,38655555.0,2955100.0,13319200,33661900,17904900,0.0,1249600,2814500,4712400.0,2639000,567200,3993400,29560100,0.0,5397600
2021-07-07,10121600.0,3943600,20331111.0,26836900,4910200,1397500,5960900.0,6200500,40552700,10109100.0,31637800,29426.0,2469900,1457700,249800,34134483.0,3388500.0,18452600,41481100,37766000,0.0,2679800,7071300,1467100.0,2507000,839800,4738700,16762200,0.0,5457900
2021-07-08,7351900.0,2127400,10051596.0,14109100,2375400,912200,3886500.0,3761000,30632700,8467100.0,20529400,10746.0,2502500,1585700,265000,22746934.0,2656800.0,10311700,32240500,27362400,0.0,1384100,4664700,3395700.0,1480900,494800,1908900,19600100,0.0,3603700
2021-07-09,11315400.0,3587800,18088810.0,18298100,2947000,1080000,9414700.0,3486500,46892600,6966600.0,38065300,3410.0,2139100,1012200,58300,21871847.0,2824800.0,13645400,38413800,38234300,0.0,2936900,3902100,6018900.0,1787900,636700,3058100,21204600,0.0,5021600
2021-07-12,18353700.0,6021800,21145739.0,27996400,6764400,990800,7085300.0,6482700,75500300,16189900.0,34531800,16089.0,2102000,1907000,105800,41657704.0,1625200.0,23911200,62616700,58235500,0.0,2480600,8065200,2804300.0,2863900,1009700,4833100,22323700,0.0,6542100
2021-07-13,6672200.0,1982500,13615318.0,11766000,2207400,581300,3515700.0,2913100,25498600,7378500.0,12555900,4511.0,1521900,651400,83700,21975443.0,1732300.0,12467000,18442600,20072400,0.0,1865300,2562500,3357800.0,2355200,544200,2883300,17823800,0.0,2816200
2021-07-14,10810500.0,1788900,11168800.0,16349700,2433500,611500,3722500.0,2836700,27431000,7974500.0,19970400,7900.0,1433200,1384700,158200,17243900.0,1798000.0,12030700,25268600,33443400,0.0,2251700,3325300,4387400.0,2585100,1100100,4180200,22403200,0.0,4354900
2021-07-15,5095200.0,1793200,10283400.0,15109200,2714600,494000,3199000.0,2865600,28546500,4559300.0,16136300,800.0,1054500,1104100,134400,27356900.0,1725100.0,13611900,25361800,20322400,0.0,2319400,4555800,2070800.0,2584200,1035600,3284100,17772800,0.0,3686300
2021-07-16,5918700.0,1416400,10717100.0,9668400,2285700,279000,4052300.0,2882400,22253700,5247000.0,11304900,1700.0,1976800,679400,83900,30041600.0,1963600.0,10805600,19469900,13986100,0.0,1467300,2119200,794000.0,2158200,667200,1449600,15478800,0.0,2843200
2021-07-19,10019200.0,2960800,16535000.0,20727100,3288800,703200,5437700.0,3417800,39399300,9224000.0,22151000,29000.0,1431200,1868000,127000,19093500.0,1590100.0,16571300,38536400,39321800,0.0,2542200,3189800,2165100.0,1851300,575900,4111700,17012800,0.0,5381900
2021-07-20,8563400.0,2713600,11655500.0,20034800,2553700,665100,4154800.0,2367200,40965600,10192000.0,15529300,1600.0,1779800,1053200,194300,11752700.0,1740500.0,15305000,23884800,23860700,0.0,2386000,4045600,3838200.0,2130300,515500,3207300,11652900,0.0,6793100
2021-07-21,8179300.0,1157700,5266800.0,9944500,3368900,568800,2458700.0,2616400,21315700,6078300.0,12249700,8800.0,1393300,520200,110500,7657800.0,1753900.0,9502600,14144600,18598700,0.0,1463700,3042000,737300.0,2765100,514000,1696200,7778100,0.0,5555000
2021-07-22,7161900.0,1700900,10271000.0,13304000,4445600,487700,4436600.0,2413500,21494600,3985000.0,10204100,16100.0,1098700,982100,109500,8062900.0,2105800.0,10004900,16616900,13886800,0.0,1455800,3402500,1200700.0,2237300,544600,2152400,6636500,0.0,4408400
2021-07-23,7371300.0,1799400,6978100.0,16029900,6693400,345200,6288000.0,4160600,28755100,7098100.0,11795300,7200.0,1612800,1197500,243800,6828700.0,1426200.0,12157100,63098400,19991600,0.0,1668700,2592800,1383100.0,3037100,536500,4102400,11086700,0.0,4913500
2021-07-26,7527900.0,1436600,8129600.0,10149700,5772500,614200,5021800.0,1469100,23484400,4138300.0,15985300,14900.0,1257100,1139100,91000,7749400.0,1212300.0,9688700,15097400,14424400,0.0,1264200,2753500,1706700.0,1940000,618700,2791400,9337800,0.0,3122400
2021-07-27,5634700.0,1428900,24535900.0,15896500,5007000,877900,4462000.0,3511000,18206300,4485600.0,11596100,39900.0,1932300,1477400,74000,7125100.0,1412500.0,14778900,29764400,13266100,0.0,2654200,5342500,894300.0,1442800,622500,2388200,12908100,0.0,6060400
2021-07-28,4846400.0,1233300,11909700.0,7149800,3346700,322200,4193500.0,3266600,21215200,4263100.0,6161800,10800.0,839900,455700,38500,7393300.0,1308300.0,7034200,17532900,7468600,0.0,1490800,4909500,1223300.0,1192400,520600,1665500,4633700,0.0,2228600
2021-07-29,7638000.0,1179900,10698600.0,17023000,3712900,504300,4267600.0,2044800,32783300,5115200.0,15121000,17000.0,1173800,1317800,104800,9105900.0,1488300.0,12969400,16102300,12542100,0.0,1191800,3954600,753200.0,1076500,499600,2648300,8593600,0.0,4172300
2021-07-30,35156000.0,2031500,9711500.0,20779300,4525900,530200,5202800.0,3336400,23016300,15222800.0,18953900,26000.0,2654400,1779200,501300,17470700.0,2351600.0,15168400,32248600,16932500,0.0,1354600,4731600,1881100.0,2339200,531100,4405200,15637500,0.0,5044600
2021-08-02,8554700.0,3954300,14551600.0,25006000,4228500,1533300,6175400.0,3782400,24064800,6882000.0,12580000,7100.0,1246700,1630900,234200,10370700.0,1735200.0,15213200,26485300,13975600,0.0,1279800,4799700,1970600.0,1676900,499100,2543500,7532600,0.0,3205800
2021-08-03,8766300.0,2765600,17417500.0,22282600,3607200,974700,4856600.0,3680900,28297300,7998600.0,19320400,6400.0,1355500,868900,121000,10528400.0,1485000.0,18144400,26539400,22927700,0.0,1265700,9951300,1278600.0,7293100,573800,2714600,8690200,0.0,8860000
2021-08-04,8466500.0,2140000,15036400.0,15287900,2818400,538300,4157100.0,3243000,24329100,11329300.0,17409900,62900.0,1587600,829400,50200,13561000.0,1721500.0,11942000,48352900,19177300,0.0,1160300,4121600,1199200.0,2882400,501500,2873000,8030500,0.0,4037900
2021-08-05,13787200.0,2116600,9373200.0,13354900,2485600,634600,9045500.0,3369900,29704100,11393500.0,16668600,29900.0,1348900,989800,165900,36909800.0,3360800.0,12213800,30721500,12021200,0.0,1127700,5258200,2093700.0,2049200,370000,2833600,8050400,0.0,4302900
2021-08-06,8620800.0,1868300,12924300.0,18941900,3413900,1309200,5648300.0,2688800,20101800,8117500.0,13684700,35600.0,670500,1032700,100900,23976300.0,1449500.0,16432800,30921200,16084300,0.0,1114400,11226500,1293000.0,3021900,474000,3960600,11940900,0.0,6698200
2021-08-09,19240200.0,1743800,17337400.0,15498800,2934500,1055000,5093700.0,2588600,30419600,10024900.0,12853800,7800.0,1525400,638000,149100,15418700.0,1542500.0,22821200,20906000,15208100,0.0,1228900,6329000,1313300.0,3219800,612100,2731300,8858800,0.0,6773500
2021-08-10,10457700.0,1867400,28069600.0,12035700,2680700,2217800,6385800.0,3089700,23318400,11609500.0,13799700,29700.0,1011600,882000,294100,28365000.0,2707800.0,12566600,24370800,12265300,0.0,1556400,7700400,1496400.0,2830600,496900,5965600,6199800,0.0,4428600
2021-08-11,16492300.0,2739100,11299700.0,17304500,4883200,1507800,6143000.0,2101700,21895900,11208400.0,19532900,7300.0,993500,1670800,185900,15465700.0,2420300.0,17689000,26155800,20471000,0.0,1711700,8249500,1322800.0,2382000,514200,5330400,13475100,0.0,5805700
2021-08-12,12147100.0,1709400,16624600.0,13117700,8399400,727100,5683500.0,2057200,21547600,9802900.0,9741900,500.0,1946000,1172100,212000,15132400.0,1854300.0,13641400,27936600,11779000,0.0,986600,5228900,1851400.0,1833400,479400,4287800,9887800,0.0,5302100
2021-08-13,15125200.0,2309600,39598400.0,12211300,3618700,1311800,4717200.0,2666100,25809500,9822000.0,11259600,47700.0,1394600,1116800,181200,17076700.0,2626900.0,21481600,22964600,15402000,0.0,1328900,10159600,1376200.0,2119300,535200,4105500,15126300,0.0,4774700
2021-08-16,12056700.0,3286300,10664900.0,21662500,1906800,1110200,10693600.0,3287100,22222700,13133400.0,31956200,68700.0,969800,1029800,198600,26441600.0,3049600.0,16930200,24095900,30299500,0.0,1992400,18686700,1880000.0,3085800,479300,3270800,15639700,0.0,5965500
2021-08-17,8743100.0,1565300,10467500.0,11928200,2801700,1132300,7543100.0,2284000,45483400,24026000.0,18478900,3700.0,793600,1104300,558200,29767600.0,2520300.0,12968000,20325100,16002700,0.0,1688700,19975200,1469900.0,4887500,515600,2202200,11377300,0.0,3881200
2021-08-18,7096100.0,1514500,8366900.0,11145200,1951000,522300,4797600.0,1655200,20163600,10159800.0,12459700,43500.0,1302800,864600,344800,11504700.0,2351100.0,17610600,22196200,12905800,0.0,1848000,23516400,2068000.0,2297700,847700,4710100,14072500,0.0,4640800
2021-08-19,9370500.0,1803900,10600800.0,11372200,2721600,2388200,6673700.0,2429400,27506300,8124200.0,21080600,3100.0,842400,785700,473300,21806700.0,2059500.0,15710800,16698400,18765300,0.0,2576600,18153200,1031300.0,3521100,1395400,3061300,12087300,0.0,3943600
2021-08-20,20952900.0,4363500,27065100.0,23428900,4349300,2766300,12418100.0,3131500,49333500,19237900.0,31892200,17500.0,1311400,2037300,347100,32441000.0,1814400.0,26611200,42106300,31461200,0.0,1798500,20500700,2610200.0,4953900,1628900,4326800,15943000,0.0,6750800
2021-08-23,15602700.0,2742300,15013300.0,19696000,3436600,1158700,7321700.0,2670700,32825800,13607000.0,21997900,2500.0,1719900,1619300,301500,16066900.0,2285100.0,14406400,29889700,26003500,0.0,2136200,15955500,4861200.0,2161000,1568100,4356500,9160600,0.0,5284200
2021-08-24,9084200.0,2540900,8757000.0,11178500,3081500,1081800,6463100.0,2542400,21929400,7413200.0,13980800,75900.0,1302200,1060900,194300,11933900.0,2167200.0,23297300,25860800,16213400,0.0,1069100,20691400,1408500.0,1417400,1511400,2375700,8345400,0.0,4238300
2021-08-25,4865700.0,1103600,5852300.0,18206800,1344000,557300,3379900.0,3519700,16395500,3359100.0,18341200,27000.0,1163100,600100,240000,8488200.0,2703100.0,11074200,8162500,9431100,0.0,1069200,16184100,905800.0,2057000,1411700,1675500,3674100,0.0,2545700
2021-08-26,4944800.0,2045600,6926800.0,21097200,1758700,687800,4533400.0,2801300,13857800,5066300.0,12762500,2400.0,970800,616200,144900,28396900.0,3278000.0,12231000,13170400,10111900,0.0,1076900,13182400,800500.0,1766200,1114900,1896000,4178000,0.0,2511500
2021-08-27,8069600.0,1906500,7815600.0,19888900,1896200,927500,7521500.0,2571400,24491000,8801100.0,18602200,4800.0,1927000,1336200,137300,12123000.0,3167600.0,10605600,16479200,19689500,0.0,1106600,9953900,1539400.0,2485900,1411900,2346900,6435800,0.0,2874100
2021-08-30,8029600.0,1410200,3991500.0,13238800,1494800,793100,5449200.0,2054800,17004600,6599100.0,15842100,33800.0,2696800,1266900,117800,12688800.0,3405800.0,12314000,11734700,12298900,0.0,1221700,8782700,1141100.0,1414900,1228100,4306000,4085900,0.0,2372200
2021-08-31,5528600.0,1814800,8334100.0,12240800,1952500,878800,9613400.0,1949100,25872600,4951900.0,10363400,37300.0,3127300,629100,162700,15187500.0,3009500.0,9650100,11977600,7773900,0.0,747500,10567000,917400.0,1529600,1053100,2957200,5355800,0.0,2447900
2021-09-01,8715300.0,1357900,6095600.0,15294300,1353300,536100,8428800.0,3120000,15066500,5679300.0,12748600,16300.0,1024900,670400,68500,12685200.0,3849700.0,9400800,10287300,8530000,0.0,907500,21977200,625300.0,1303100,864900,3430100,6559200,0.0,3582100
2021-09-06,7381200.0,1364600,9648500.0,11552700,3124600,868100,6788200.0,2910800,48098800,7047100.0,17330200,34000.0,1518900,1121700,115800,21441300.0,3044100.0,17068900,16262200,12878500,0.0,904500,13077500,1040400.0,1926300,1004300,3212200,4629400,0.0,2869700
2021-09-07,7963700.0,1709800,7183200.0,10817600,2290600,720100,6217700.0,1952300,31246800,7120200.0,20389000,7600.0,1539300,894000,128900,15849400.0,3851000.0,24553700,13779100,11611100,0.0,1041800,11598900,1478100.0,2280200,821500,2622200,10516500,0.0,3358200
2021-09-08,4752900.0,1420900,7987800.0,8356000,1453800,550500,4272900.0,2319700,33040000,4878800.0,9354500,5800.0,1395400,684800,99900,14892200.0,3643400.0,14560700,9670400,7150900,0.0,863000,9311500,1361300.0,2505700,813400,3682200,5217900,0.0,2289400
2021-09-09,3431900.0,839800,5800200.0,7646900,1393700,444500,4012200.0,1965900,36718200,4274400.0,10496000,3000.0,1026600,2544800,79700,12385200.0,3575700.0,20144300,9342700,7854400,0.0,817200,9925000,459800.0,2696600,1226800,2452400,6166500,0.0,3537300
2021-09-10,4101100.0,793800,4722300.0,6653200,1440100,421100,3419300.0,2605000,17217900,5163100.0,8476400,11500.0,711300,922100,157900,11744300.0,2791000.0,10409900,10699600,7222000,0.0,857800,15193100,727600.0,1614600,921800,3962100,10239100,0.0,5818900
2021-09-13,5199800.0,1734700,13939400.0,8458400,1600000,613400,7507800.0,2737500,27227400,4340400.0,13797800,1100.0,1264400,2267600,950000,13113400.0,3340200.0,12043700,10646300,6802200,0.0,1043100,9821600,867700.0,1828100,1019600,2956200,7447900,0.0,4681800
2021-09-14,4511400.0,1415300,6576700.0,8996700,2523200,669100,3672700.0,2116200,22432900,5261300.0,9569500,7600.0,2566900,1073100,368000,12497000.0,2019100.0,8359100,12638800,6142500,0.0,1230500,10966200,860700.0,1419300,886300,2482900,6174200,0.0,6595600
2021-09-15,4979200.0,1055100,18401000.0,7128400,1690100,1379300,2474700.0,1936900,25908900,3810300.0,11950800,14000.0,2796100,728800,239700,10256500.0,1987900.0,7744800,10157900,5037600,0.0,798500,9287400,574500.0,1037000,688100,2425000,4153000,0.0,4857400
2021-09-16,3455500.0,1465600,7105100.0,6372600,1924700,981700,2233900.0,1698800,17982000,2924100.0,9774200,9000.0,2286500,778300,200200,10265500.0,3057900.0,4853700,5187000,5523500,0.0,570400,7925100,450000.0,15130200,713100,1825400,4700400,0.0,14831000
2021-09-17,4572300.0,1784100,7942600.0,6833300,3325700,834000,3726500.0,2214400,24548600,5029300.0,9716700,12600.0,2389800,919200,796700,14001900.0,2986100.0,14047100,16365100,8274500,0.0,1002200,6873600,730600.0,5567900,1237700,5292600,13065500,0.0,11870000
2021-09-20,6387800.0,1957000,16794100.0,8741100,2526100,1516300,4251400.0,1862600,32328300,10883800.0,16664500,5500.0,1053000,1370300,103500,14930100.0,2191000.0,7586000,17459500,13074700,0.0,1277900,5456900,4016300.0,4014800,704400,5447700,8121300,0.0,6019900
2021-09-21,3882100.0,1524100,11182600.0,8136200,2697100,1444000,6765800.0,1870000,28847000,5310000.0,9451000,5200.0,1328900,1328400,112100,16901100.0,1626800.0,9068100,14211800,10058100,0.0,862000,13434500,3518600.0,4524800,631600,3096300,6883800,0.0,8415800
2021-09-22,2681700.0,1267800,7887400.0,7714100,2027200,712000,3555500.0,1509200,13143800,3634000.0,9303300,4500.0,859600,1293000,91500,13739500.0,1903900.0,6579500,8394800,4960100,0.0,362800,8759600,1070500.0,2845500,701200,10050100,4623100,0.0,4080100
2021-09-23,4210800.0,1084600,7706400.0,8174400,1394200,1094400,3709300.0,1697000,17773400,5548900.0,11792100,4400.0,932400,2591600,81000,11953300.0,1994400.0,5774900,12776800,8627900,0.0,676000,4687300,3012400.0,2664100,697200,3941300,5168200,0.0,3152500
2021-09-24,6688700.0,964900,9217800.0,6347500,1449000,925000,2891500.0,1608800,15884400,3007700.0,29129100,8500.0,1161000,1318800,82100,20281400.0,1789800.0,5155100,13849400,7364700,0.0,454700,4577300,2162100.0,3207900,1043200,2990000,4296300,0.0,3026000
2021-09-27,4801300.0,1210800,14106900.0,7758400,1546100,1124300,3941900.0,2164500,28469400,3611300.0,9316400,2800.0,1213100,3738200,80500,17037200.0,2507100.0,10914300,10520000,6850300,0.0,465500,5151700,1536300.0,3000800,1228000,5053900,9520500,0.0,3657800
2021-09-28,2517400.0,2187700,29680600.0,6725900,1393500,4515800,4567000.0,3032800,35611100,3875200.0,7390700,2100.0,1284000,1344700,130500,13640900.0,2044000.0,6877900,9950300,5568700,0.0,484500,5298500,994900.0,2387300,842800,3757200,6959900,0.0,3401100
2021-09-29,3615100.0,1183100,10818700.0,10281500,1177400,2756300,3525300.0,2055500,34898800,3268200.0,11106600,4000.0,563500,1208800,124500,12668100.0,2031800.0,5520900,19931200,5676700,0.0,565000,2992100,1640700.0,1911200,855900,2763400,6609400,0.0,2420400
2021-09-30,4394800.0,1097300,13541300.0,6717000,996900,1244900,1718800.0,2452100,23148500,2708800.0,6644600,4600.0,754600,1044400,80000,10298700.0,2694100.0,4365600,10103000,5275100,0.0,1199900,3151100,2048800.0,3404700,761000,2799400,6847300,0.0,5663200
2021-10-01,6441900.0,1658100,22386300.0,12094000,1055400,4336000,2695300.0,2094800,30478300,7772300.0,13536400,3000.0,859300,1086600,149400,13505600.0,2032900.0,10729800,24145000,6502800,0.0,1611900,4115400,1665800.0,1734200,764200,3805400,8924700,0.0,5257400
2021-10-04,5659000.0,1055100,23409700.0,20181900,2277800,4046700,3461500.0,1978700,45357500,7818500.0,12211300,3500.0,495400,2190000,47900,27099600.0,2061000.0,10207600,15741600,9510600,0.0,913400,4104600,2270200.0,1565200,1035800,3060200,11432400,0.0,3503500
2021-10-05,2912300.0,730100,16258400.0,8712300,1392800,2090000,3010400.0,1150700,26571500,4286900.0,9463100,6500.0,599300,939300,151600,43997100.0,1861700.0,9677500,13478800,5889900,0.0,973700,4573100,1440200.0,2370600,813900,2268000,8952200,0.0,3380200
2021-10-06,3321300.0,813300,12573600.0,6885600,1571100,2420800,2934200.0,1221300,26766100,2776300.0,10037200,6400.0,540300,1692400,42300,0.0,2015100.0,7264600,11698400,8579800,0.0,691200,4488000,851600.0,1736800,740600,2498500,16536400,0.0,5674000
2021-10-07,2161800.0,1021500,19129900.0,7918400,1497000,2255400,4038000.0,1458700,26772300,4126200.0,6438000,9100.0,548300,966000,44000,0.0,2020700.0,8504400,10015400,5414900,0.0,797200,2556200,1000800.0,2290900,745200,2981800,12448200,0.0,4081600
2021-10-08,3480900.0,978100,14092000.0,6603500,8305600,1830600,3436200.0,1393200,21693600,2544300.0,8061000,13300.0,1009100,1503700,147700,0.0,2065900.0,6802700,9327300,7634900,0.0,697000,3466200,1130300.0,1298500,724900,2618600,6885300,0.0,3211900
2021-10-11,6684100.0,1760100,14632600.0,16940800,2295500,2259900,2921200.0,2705000,25548600,7261000.0,25214700,8700.0,924200,1749700,79200,50603400.0,1822000.0,8232600,16455900,23096400,0.0,1096000,5384000,1405400.0,2694300,1098600,2474800,10741700,0.0,9514300
2021-10-12,3385300.0,1985900,24714700.0,10815800,1125300,1949700,4797100.0,1745400,18107600,5343000.0,14875500,9900.0,675700,2282000,55700,38137700.0,2103300.0,7551900,11680000,14216500,0.0,761100,8096900,1387900.0,2438700,922800,3616300,6415500,0.0,7706200
2021-10-13,3709300.0,1423600,11761900.0,7013200,3232500,1789300,2503600.0,2856800,15582700,3627900.0,9776700,5400.0,1139600,1892600,157900,22517900.0,2697700.0,7219600,9597600,14188100,0.0,1426300,5259700,1082400.0,2581200,815200,3793100,5638900,0.0,4774400
2021-10-14,4521600.0,1060700,8388100.0,8529700,1824200,3003400,4981300.0,2589000,19279700,3313400.0,10690200,4500.0,1426200,1925700,132300,22235300.0,3228100.0,10561900,8760700,19788700,0.0,1784700,8587800,825400.0,2677900,817100,2006400,8081300,0.0,4094600
2021-10-15,2976800.0,1104900,13716200.0,8245800,1702500,1099600,3561500.0,2792100,18520000,6073500.0,8189500,2100.0,891600,827400,52900,29041600.0,3568300.0,6386300,18823000,11950400,0.0,731500,5269100,1249900.0,1553700,982000,3206000,11593400,0.0,2438000
2021-10-18,4543400.0,1795500,18067600.0,9758400,2264100,3109300,4123800.0,3820900,20737100,4875000.0,8332600,4200.0,634000,1467200,210800,15712800.0,2989000.0,11323100,14767900,15018000,0.0,1247900,4542000,863800.0,2039400,844300,2305800,15081500,0.0,5583000
2021-10-19,3615400.0,2212300,10398000.0,6920900,1534300,1065700,3834600.0,2329900,23720900,3879000.0,7689400,2700.0,765000,1151000,248200,12887400.0,1764900.0,8862700,8316500,14167300,0.0,836300,5568400,783300.0,1686700,1077000,5984500,10105300,0.0,3672000
2021-10-20,3846400.0,1079600,14553900.0,9264000,2248600,1708500,2719200.0,2493600,34660900,3761900.0,8937900,1800.0,987100,1333900,403600,13946900.0,1891100.0,13477800,14904000,22695300,0.0,1561000,5507700,1255700.0,3128600,938400,3480500,8407100,0.0,6908600
2021-10-21,4132200.0,632200,12020400.0,7367500,2283600,1640500,2635600.0,2785600,39192300,3715000.0,10195600,4700.0,1085600,1471700,224700,10964400.0,3226000.0,10218000,8665200,15317400,0.0,1226100,5861900,1664600.0,2847400,864500,2936500,8996800,0.0,5049000
2021-10-22,3827100.0,1054900,16945900.0,4273800,2023200,1280800,5277400.0,2476900,19849100,3726900.0,7578900,600.0,466100,925700,51800,12410400.0,2160900.0,11207400,6241800,11640600,0.0,240000,4153100,925900.0,1428000,788400,4487700,6945900,0.0,6222800
2021-10-25,5200400.0,889700,10003300.0,8168800,2938500,2117000,8643200.0,2215300,41605900,3607000.0,8955400,1400.0,575000,926200,40000,18192600.0,1899000.0,15456100,15093200,28527000,0.0,800600,6781600,660000.0,1341200,898200,2769500,8556600,0.0,4937100
2021-10-26,5259100.0,547200,8601400.0,5963000,1855700,2367100,2909900.0,2018200,27910500,4357100.0,6836900,2400.0,850200,992900,73200,19173100.0,2027000.0,8808900,10164000,20157800,0.0,632000,2940100,1187100.0,1335900,876300,1641200,5707200,0.0,7925500
2021-10-27,5828100.0,1412900,19568200.0,19607500,2326700,4182900,6284300.0,3190200,28937500,5841300.0,10268000,3200.0,2012700,2063400,120600,12450900.0,2164300.0,12399000,18102100,16750000,0.0,1428600,8780700,1824500.0,3908900,922500,3549900,6771900,0.0,10007100
2021-10-28,4649100.0,1237100,11805600.0,14396300,1644700,2341300,4757300.0,4112200,21923800,4692600.0,8781900,13700.0,1754500,1189400,205900,14163600.0,1701600.0,12968500,11057400,13859100,0.0,1772600,5310000,1146700.0,2086100,887800,4093700,10666700,0.0,7355600
2021-10-29,13597100.0,3730300,12285900.0,13017400,2382700,1159800,4719000.0,2942400,23878000,10945500.0,10694500,6000.0,1547000,1344400,222200,17139200.0,2120900.0,11708600,10004300,12744400,0.0,1263800,15578000,1051800.0,2268000,763800,3748500,7850700,0.0,10513500
2021-11-01,5293300.0,3293200,13341400.0,17976000,2855800,2076500,5673900.0,3126200,45218500,10691400.0,10652400,16700.0,1668800,1140200,135000,18044900.0,2037300.0,23755600,14694700,25398000,0.0,1057500,9723600,847700.0,2226600,991500,5083800,6479400,0.0,10261800
2021-11-02,7009200.0,1527700,12790100.0,11821700,2109100,1507400,8464100.0,4944500,25669500,10662300.0,8603100,11200.0,1021800,866800,126300,18381700.0,1937200.0,18597700,9856900,15468300,0.0,808300,5784000,1442400.0,1647800,919800,4888900,5691000,0.0,8209600
2021-11-03,13060100.0,5601700,12644700.0,20780600,2680100,1891200,6911300.0,12652600,29867100,21593500.0,27447000,16800.0,1352400,1405000,344200,19643900.0,2188300.0,18570100,41004200,39738000,0.0,1830000,11230500,3039500.0,3568200,728500,5547900,17622200,0.0,13730900
2021-11-04,4197400.0,4380200,14302300.0,11372800,1761300,1660900,4403300.0,5169100,14849100,15048200.0,10790900,6400.0,1148200,950100,106400,44180500.0,2295200.0,24896200,13509500,18683600,0.0,989400,8241100,671500.0,1879100,681700,2513000,4579500,0.0,6827500
2021-11-05,3967400.0,1940900,11857400.0,10491300,2169900,1340800,4264200.0,3229100,19377600,9898800.0,8074100,5200.0,1235600,1635800,103300,45432800.0,3310100.0,14206300,9439300,13453700,0.0,1126300,8244100,758900.0,1786600,869300,2654600,4384700,0.0,5909000
2021-11-08,5385300.0,2686800,7258700.0,11218800,1687900,1648200,4284000.0,5282700,21255400,17464200.0,13607500,45400.0,1877000,1126300,139900,18776700.0,2111600.0,31640500,22636800,21189500,0.0,1184200,8203200,1539500.0,1792000,1047900,6171800,8065600,0.0,8782700
2021-11-09,5047900.0,2541000,11835600.0,15592100,1845900,1665900,3742300.0,7774000,24717300,10643700.0,12363700,46800.0,1478500,1048900,62700,31609200.0,2362400.0,16144000,26353000,21533900,0.0,1377600,8139200,1364000.0,2373800,798700,3695000,10137900,0.0,9569900
2021-11-10,4367400.0,2138500,20416600.0,8512900,1592400,1009600,4584700.0,4761000,43376600,8271200.0,10597900,2600.0,1317500,765400,37600,45387300.0,2213700.0,19738700,16093600,19484600,0.0,857100,4154800,988300.0,1680500,716900,2666100,6277200,0.0,7357000
2021-11-11,7129400.0,2441800,11514800.0,14020000,2122200,1895800,7153900.0,5559400,54292800,12497200.0,12862000,4300.0,1740900,4441400,56300,22559100.0,2022800.0,24636000,22523900,21838500,0.0,1115600,9431300,1649900.0,2186600,823500,3380600,9202600,0.0,7440400
2021-11-12,4376100.0,1878000,11569500.0,10871900,2240300,1370200,2871700.0,4222900,20846900,7854400.0,9475500,5900.0,1456700,1184800,35800,11500300.0,1978800.0,12313600,17017200,12719800,0.0,614800,5317400,988000.0,1133100,755200,2120400,6948500,0.0,6538800
2021-11-15,4878900.0,1523300,20731300.0,9553400,1908900,2157500,6689500.0,8997600,30647000,7721600.0,12611200,16400.0,1822500,2631500,29300,8563800.0,2160600.0,28456000,12698200,11079700,0.0,766700,9673200,1746800.0,1922400,803300,3268000,10094400,0.0,7837800
2021-11-16,5211500.0,1266900,8256000.0,8840900,3506200,1545600,5337500.0,6752700,39777000,20396200.0,13885700,10200.0,1698000,1490600,47000,8287900.0,2192100.0,16351800,22035100,12519700,0.0,706300,6114200,1692400.0,1643900,798400,3251700,9094400,0.0,5663300
2021-11-17,4360500.0,2444800,11796900.0,6723600,1186200,701200,3340300.0,4405400,30002700,8433500.0,6930400,9400.0,362200,862200,44500,8082600.0,2100500.0,19988000,10324800,12113200,0.0,788300,5259600,1411100.0,2815800,746000,2514400,11946000,0.0,6727900
2021-11-18,5497600.0,3510800,23380600.0,9931800,2004700,1277500,4020600.0,7021000,58592300,8993800.0,9336200,3100.0,1057900,2132400,103400,8735900.0,1283500.0,40954800,12171100,12831900,0.0,709700,6312700,1255200.0,3871100,907700,3900000,12141200,0.0,12992900
2021-11-19,9794000.0,4055100,32111700.0,21682100,2481300,2905400,6321200.0,20848700,48471400,14696200.0,18272600,11100.0,1301600,1378000,42100,13161100.0,1794100.0,31044500,22040300,29907300,0.0,413000,7517600,5956800.0,2032500,958800,5151200,19584000,0.0,10339200
2021-11-22,9151000.0,4942900,14182900.0,27853200,1670100,1436500,5211400.0,13191900,22630400,17331500.0,23448500,10800.0,634600,1115100,155100,11320000.0,1270300.0,20365200,35710300,23613400,0.0,1017300,6326700,8375900.0,2152100,799300,3497600,17052800,0.0,5636600
2021-11-23,3839600.0,1795000,7447200.0,9854300,1150800,768400,2446700.0,5900600,15649600,6830000.0,9852000,11900.0,1864400,1926200,30600,7819700.0,1007800.0,37416800,10730300,10596400,0.0,549200,3583700,2721900.0,1382700,1315200,2198800,7528100,0.0,7276000
2021-11-24,14295800.0,4127600,8988400.0,25476800,2445600,922700,2877700.0,11827300,27126800,44928600.0,43004800,6300.0,1298500,1487500,108200,26119100.0,1789500.0,23397200,67319904,52375300,0.0,1883300,7322400,8199200.0,2045100,1180200,2124500,35983800,0.0,10222300
2021-11-25,7083400.0,2686800,7803500.0,14250500,5487400,657700,2641900.0,8648900,21763400,25034500.0,20691000,4200.0,1050400,845700,100600,14796600.0,1190600.0,25420300,28507400,17981000,0.0,1473200,8611000,3340800.0,1401800,1018500,2175400,32485400,0.0,11957400
2021-11-26,6209000.0,4132100,13383100.0,15203800,1996200,1256000,3374000.0,7905600,26729700,16928300.0,16768600,500.0,1131800,1262400,211800,13093400.0,2039200.0,30833000,29138700,21915600,0.0,879600,8576100,4182200.0,8681700,911400,3015700,44749000,0.0,12697200
2021-11-29,6095500.0,3260500,14098100.0,13763700,1993000,1292000,2720900.0,11772200,21801500,17050200.0,17093500,32200.0,1470900,2370000,184300,12502900.0,1952700.0,29749300,38634400,28236300,0.0,851000,11265700,3624500.0,8742300,873500,2835900,25498200,0.0,9488000
2021-11-30,6145400.0,2542100,10672600.0,11067800,2563100,1391100,7456800.0,8085900,22176200,18116300.0,20624000,18000.0,1488000,1089100,359300,17708900.0,1579000.0,23961600,35420000,24494700,0.0,1336500,8501600,5081000.0,4674300,669000,3177100,20488900,0.0,9891400
2021-12-01,3620400.0,1755700,6928100.0,9082700,1254900,1464900,1971900.0,6340200,13823900,8917900.0,10550600,5100.0,1261100,1496400,52000,13484400.0,1788900.0,23255800,19243000,11339500,0.0,551500,6787500,3546200.0,4082000,819000,1894500,19113100,0.0,7203300
2021-12-02,2645000.0,1367300,7570900.0,7856200,952900,591100,2665700.0,6081500,12832300,6600400.0,7310900,22800.0,1004300,615900,206600,11147000.0,2243100.0,21243400,13458600,8970600,0.0,787700,4813200,2183800.0,4428600,814300,1254100,10419400,0.0,3984100
2021-12-03,4916300.0,2199100,7297300.0,9828100,2009700,1033200,3246500.0,9937000,21682500,11216500.0,12442600,6900.0,1148800,1051700,102100,12000300.0,2103100.0,44930900,23481900,15571600,0.0,795900,5699400,3128900.0,5152400,805100,2900400,23234900,0.0,10289600
2021-12-06,6499000.0,2858100,8291900.0,12851200,2393800,1232300,2693300.0,9007300,34633900,12547300.0,16336900,10300.0,1098300,1673200,121600,13085500.0,1723500.0,31273800,26472000,22907100,0.0,1008600,6641800,3609200.0,5825100,775800,3168200,21344000,0.0,8876400
2021-12-07,2827600.0,1653500,11964600.0,6319600,1451000,964000,1453800.0,4231300,21935200,6372600.0,7763200,4200.0,569700,663600,196400,11061200.0,1701600.0,15874100,12829200,8982100,0.0,820000,4522700,1216700.0,3026300,921000,1530000,15361100,0.0,8994800
2021-12-08,2900500.0,1145000,6158000.0,6394700,1064800,1098500,1842600.0,6574700,11108800,5094700.0,7357500,4400.0,648400,688700,144500,15451800.0,1703400.0,13008700,15748100,7649900,0.0,507500,3810100,1414900.0,3539500,732800,1294500,16491700,0.0,9301000
2021-12-09,2156000.0,979700,8098300.0,5943400,993100,560300,1609600.0,3420900,10320400,3734900.0,4588800,9100.0,784400,692300,207900,8167400.0,1905600.0,16383100,11915400,5203500,0.0,805400,2766400,1473500.0,3173400,839700,1449900,12963000,0.0,9697000
2021-12-10,4730500.0,2064600,6574900.0,5905600,1160000,677400,2200700.0,4162000,19427400,5191800.0,6326300,3300.0,996400,707100,150200,8233700.0,1709200.0,13984900,9892400,7507300,0.0,1881200,4327100,2176400.0,3080600,677000,1485000,15276400,0.0,6830900
2021-12-13,3012700.0,2477500,6239000.0,8116100,900200,720800,2816800.0,6201200,14305900,6410300.0,8861000,7900.0,1458500,645900,175100,10769600.0,2039600.0,15527800,10709100,7440400,0.0,1038000,6503000,2224200.0,4075700,907500,1495700,11569700,0.0,7974300
2021-12-14,2128100.0,1711000,6366400.0,7281800,1144500,765000,2696900.0,4900600,35676800,8451200.0,6132200,3400.0,942300,664800,126400,12892000.0,1789100.0,14532300,11426600,7138200,0.0,862300,3082100,1307500.0,2629100,794800,1671200,16088600,0.0,5586400
2021-12-15,2122900.0,1426700,7168300.0,5399900,808400,473400,2614900.0,4567700,9045500,5921100.0,6405100,800.0,1227700,601100,78900,8265700.0,2063400.0,13911100,15191400,6818200,0.0,732300,3589800,2510900.0,2897300,779800,1214100,24972100,0.0,4180000
2021-12-16,2305800.0,1674500,6886800.0,6675900,1245000,956600,1839200.0,3467900,11030000,4239800.0,5655800,4800.0,957300,809500,90400,7452400.0,1833700.0,22318500,11084400,6325600,0.0,1047100,3290500,2489100.0,3095200,771600,1610300,37476500,0.0,4561100
2021-12-17,2403500.0,1851700,11632500.0,8037200,1152100,531800,2964500.0,5496100,22015600,7707100.0,7073400,3200.0,2984600,735100,189300,11440100.0,2246000.0,16143000,9269300,7903900,0.0,3475700,25185800,1372500.0,6655000,744300,2660200,27609900,0.0,14701000
2021-12-20,3296100.0,1229300,7905700.0,4919500,1019800,860700,2386600.0,4979300,9986400,4734900.0,7451700,5400.0,5033600,792900,117100,8405800.0,1916000.0,18584000,13058500,7689900,0.0,736900,4652600,4092500.0,1372800,708000,1807000,22590800,0.0,7941600
2021-12-21,2420400.0,2787700,5681300.0,6860700,1112300,1259500,2771400.0,3182800,17094400,5829800.0,6370000,26600.0,7522000,473600,122000,8089500.0,1791900.0,12291900,9480400,7255100,0.0,774100,16016300,1968700.0,1467300,680800,1192900,11683300,0.0,10867100
2021-12-22,3385200.0,2827800,6063500.0,9342300,1670500,592000,7887300.0,10243600,24665900,7641500.0,8662500,500.0,8679300,1300200,129400,15727300.0,2109400.0,22770800,12051600,12625100,0.0,1915300,8928800,3397500.0,2410600,698600,1844400,20011000,0.0,8606500
2021-12-23,4135300.0,2318800,21644900.0,8936500,1930300,1522500,4277100.0,7168600,26674000,6648200.0,10142300,3300.0,9870200,933200,142700,12232100.0,4132900.0,26281600,14265800,13503100,0.0,1489000,8897300,3019300.0,2771100,690500,2147800,18152200,0.0,8710200
2021-12-24,4372600.0,1525000,7181700.0,6638300,1186700,700000,3948200.0,3390900,19168600,4635300.0,6812300,5900.0,7727500,560900,137800,10433200.0,3663200.0,8847400,10410800,6139300,0.0,849400,6813200,1615800.0,1415500,776800,1148400,13097600,0.0,6393100
2021-12-27,2459500.0,1202100,8005200.0,8106900,793700,328900,2791600.0,4551200,10675000,3118100.0,3867300,4500.0,7115800,723100,78300,9167500.0,3680800.0,6529300,7405300,4727500,0.0,934100,4999700,994900.0,1907500,718700,1138300,7135700,0.0,4668000
2021-12-28,3477400.0,1359900,11825000.0,13587500,567300,1086700,4185300.0,8552300,12356700,6008100.0,6286100,6200.0,7688200,745000,102000,10031000.0,2819000.0,9860100,45046600,7473500,0.0,1168800,4469100,1460700.0,1737300,770700,1544400,9869300,0.0,5740600
2021-12-29,3817200.0,1581600,7579400.0,10226000,912200,458100,6193900.0,6732400,15118200,10542300.0,9231900,10200.0,6219000,637000,50300,6901500.0,2471900.0,9809600,16201800,6141700,0.0,440000,5229300,3329500.0,2291900,863100,945400,8833300,0.0,5010000
2021-12-30,1819600.0,987000,6304200.0,6289300,810800,580600,2382900.0,3794800,10285000,3523500.0,4948800,4500.0,5093400,832700,82100,8897000.0,2310800.0,16605600,26157300,5321600,0.0,920300,5845500,1449500.0,1662400,881800,893100,9529200,0.0,4061200
2021-12-31,5651800.0,4857000,7984700.0,13259300,1607400,674800,2174700.0,7209800,13781200,10177000.0,12992800,21500.0,6544000,1128900,276600,11470000.0,2256900.0,9609300,35409200,9547100,0.0,422000,4633900,9613200.0,1267000,894700,2325100,11228400,0.0,6177200
2022-01-04,4555000.0,1769200,15554700.0,12031300,1935000,1730300,2270100.0,6809800,20100700,8417500.0,9072900,31600.0,998000,1327900,395300,12284800.0,2208100.0,16445000,32861600,11334600,0.0,1133800,10190100,2311300.0,3071100,689600,1885600,14307900,0.0,8227900
2022-01-05,5934500.0,1922200,9968300.0,10443800,1193800,2082700,5612900.0,6545900,18760700,7937000.0,9114900,23500.0,1261000,1178700,322300,9735600.0,1891900.0,15701400,36939600,9569600,0.0,1603100,7373100,1966300.0,3396500,570100,3124600,13262600,0.0,10789700
2022-01-06,5673600.0,5998800,12957900.0,11753800,1192400,827700,4131600.0,6758800,17171200,11432400.0,10895000,1400.0,1650400,770900,75300,17611400.0,2666600.0,13247500,38537500,10716400,0.0,1215600,10551700,4190200.0,5061400,627100,2848200,14344800,0.0,24897800
2022-01-07,3323800.0,4367700,10552800.0,12412400,1016800,1777900,2825500.0,4097600,16335300,7848300.0,9526200,1100.0,1307500,921200,114100,10968100.0,2220900.0,13974400,28165900,7832200,0.0,966200,8240800,2216300.0,3108800,642900,2553900,11996200,0.0,16447000
2022-01-10,5171800.0,2951600,12993200.0,7180300,1640800,803600,4031100.0,4438800,15946500,5399000.0,7768900,3400.0,348800,772200,167200,6541600.0,1831100.0,14840200,25868700,7180200,0.0,941200,9110500,3086600.0,2594000,647100,1735600,8883500,0.0,9998900
2022-01-11,6395100.0,4276500,7800900.0,7061400,2509300,650100,3286400.0,4728700,12758500,5765800.0,6839700,15400.0,1345000,773400,129700,10186100.0,1542500.0,15601500,29595900,7296500,0.0,952700,6135600,1697800.0,2240600,681400,1829000,9312300,0.0,13557200
2022-01-12,7789000.0,8028300,11892700.0,12781800,1740700,1475800,4421100.0,5575800,14686700,6980000.0,15289300,1600.0,1058300,928600,163300,20379700.0,2239500.0,15464300,62422400,12044200,0.0,1801500,6533800,2888100.0,2338500,624600,2183600,12092100,0.0,17913300
2022-01-13,6511900.0,9664800,9548500.0,35122100,1811800,772800,3359600.0,10388600,24990100,14626200.0,34751600,4900.0,974500,925000,120000,18076100.0,2293800.0,11392500,43947500,14417100,0.0,2532800,6683500,4106800.0,1955700,706800,1711600,15856600,0.0,10549600
2022-01-14,1941100.0,3265400,6120700.0,9258500,686700,539400,1688300.0,2685100,7902000,3869400.0,9472300,5800.0,490800,468400,80400,13045700.0,2199400.0,6678400,26697800,5187100,0.0,1522100,3589700,1318700.0,1017400,585400,2516600,6912100,0.0,5549300
2022-01-17,7284700.0,7741100,10907500.0,27495800,1568400,1451600,4515200.0,7549400,21661200,10338300.0,29430300,2900.0,829900,817400,185000,13097300.0,1599900.0,32346300,44370800,10990600,0.0,2628500,8310500,3082400.0,2628900,644300,2100400,12758900,0.0,10933900
2022-01-18,4272600.0,4849200,9612000.0,15069400,1209900,931200,2899800.0,4770700,21441900,6827400.0,14337200,2900.0,872600,816200,269400,8178700.0,2322000.0,15992300,39676700,7885200,0.0,1696600,8073900,3248400.0,2032000,842300,2100400,6343100,0.0,9207200
2022-01-19,2104000.0,2972800,6713900.0,9741800,744900,664500,1767500.0,3126200,17705400,2855700.0,12387700,4900.0,1268700,954800,111500,7557900.0,1897600.0,11085500,20802100,4221900,0.0,914800,3344400,1232900.0,2479700,1015700,1764900,6515600,0.0,4998000
2022-01-20,3415900.0,5637900,5310500.0,13774600,1334600,717300,1480700.0,4224200,14665400,4502200.0,15630500,6100.0,874800,896900,238100,10012700.0,1889700.0,9055600,30983900,6430300,0.0,2794300,3627700,2766500.0,1689300,901800,1488400,7756800,0.0,5387000
2022-01-21,4404000.0,4570000,31995100.0,15424600,841200,1063800,1671000.0,3996600,16277300,6979200.0,50936100,6600.0,869400,655100,108700,7067000.0,2819000.0,8527900,39140700,10321600,0.0,2502300,5040100,2323300.0,3192800,515100,1576400,9127100,0.0,4567900
2022-01-24,13184600.0,4165100,11110100.0,17475400,2024200,1029200,2226300.0,4631300,29425200,8791500.0,32125900,10600.0,952700,867600,161600,10341700.0,2014100.0,18790500,30187300,16269200,0.0,2728300,5605300,1532600.0,3935300,605600,2222200,11998200,0.0,6704400
2022-01-25,4282700.0,4703200,10519400.0,18851200,1192600,1322100,1582600.0,4307300,17887600,22097300.0,19837800,13700.0,1050100,802500,155900,10558300.0,1851700.0,10236600,24092400,14466300,0.0,2396600,5762000,1454600.0,3198400,576600,3758600,11700500,0.0,6177100
2022-01-26,8494500.0,4052900,11672300.0,21981300,913600,1440600,1067300.0,8119600,15205400,34453500.0,27716900,19600.0,969400,954300,130100,15516500.0,2597300.0,8416100,48906400,15042300,0.0,2523500,3922600,4286000.0,1932000,666100,1452100,18805000,0.0,8966300
2022-01-27,6064400.0,1921100,9222400.0,11740400,719600,911500,689000.0,4975900,14700800,20330100.0,17661500,12600.0,727700,530600,157500,8719100.0,1868000.0,7544500,23697100,8044000,0.0,1732900,4446800,1798500.0,2559000,714600,2039000,16417500,0.0,6133600
2022-01-28,10258100.0,2956900,19953400.0,8727700,1552300,1656400,953700.0,4433000,14941600,15586600.0,24027200,19300.0,356900,716300,164800,10430600.0,2306100.0,7793600,22212200,10292900,0.0,2055700,3900100,3606500.0,2999600,574300,2257400,24088600,0.0,9720700
2022-02-07,4548000.0,3477200,18635200.0,14883200,518400,926300,865400.0,5636100,16609600,12113900.0,16801200,11600.0,611900,932400,75700,12971600.0,1491800.0,9690500,18652400,9809900,0.0,1620800,4868100,1529200.0,7413400,1056700,1324200,11233200,0.0,12205700
2022-02-08,32461200.0,2672600,8355400.0,9097100,845100,637800,1165800.0,5773600,26528800,12424600.0,18663100,18000.0,502000,1450000,123100,11047800.0,2174600.0,6658100,18823800,16481000,0.0,1146400,3101900,2461300.0,8010800,829100,2708900,22298900,0.0,5480400
2022-02-09,10149700.0,4562000,10014200.0,9201900,1142700,1828900,1144600.0,7762300,40297200,13806000.0,21085800,15800.0,585500,1207000,75900,29219200.0,2316500.0,8230800,32928900,17391000,0.0,1582900,4706300,2899700.0,8812500,1157100,1799300,18041900,0.0,5340100
2022-02-10,7632500.0,2741500,14872300.0,8989600,974900,859800,1461300.0,5831800,23598200,12449200.0,23693800,23000.0,1433500,902700,208500,13070400.0,1873800.0,6996200,33959900,11224900,0.0,1827200,5872800,1854100.0,11088500,1069200,1612500,15375100,0.0,11025800
2022-02-11,9575200.0,1716100,16050100.0,10407100,641600,483000,1516300.0,4089300,17343300,25982500.0,14162900,4200.0,487500,541500,223800,9905100.0,1682400.0,5557600,18450500,7847800,0.0,1158400,3480800,1582500.0,7846400,872700,1624600,11792400,0.0,7741700
2022-02-14,13153200.0,7129000,16641400.0,15118300,774100,1817900,1172600.0,15851700,18246700,17739600.0,27316300,3100.0,925700,957300,342500,19137600.0,2070900.0,10485300,37421900,18771500,0.0,3629100,5093500,3436300.0,4973500,1282800,2971800,19972100,0.0,9234200
2022-02-15,6631900.0,3694100,16438400.0,13310400,655400,1425600,828900.0,5535200,15564400,14274400.0,20740800,20000.0,1575800,572400,430400,12320200.0,1684900.0,5733800,31169300,8584300,0.0,2453500,3777500,2588200.0,3001500,908700,1465300,12555400,0.0,8107200
2022-02-16,5099500.0,2795800,19904000.0,7858400,614200,723400,760900.0,4300300,9350300,13082700.0,9311000,9500.0,823200,562000,107500,9397700.0,1671200.0,4864700,20057100,6174400,0.0,1286000,2334400,2393300.0,1986000,640900,2825100,6911100,0.0,4748300
2022-02-17,3913100.0,1790200,6490400.0,5945600,853700,1128100,1261900.0,3130000,11353300,9099200.0,9334800,5300.0,1673100,1031400,311500,4697000.0,1749400.0,5870700,15739300,7301000,0.0,1431200,2803200,1576800.0,2865600,1176900,1787700,10943800,0.0,3764700
2022-02-18,7318400.0,2995400,7395300.0,8303800,618800,732400,1587500.0,3744200,21375700,28701200.0,12480500,2600.0,1183000,467800,189100,9016600.0,1850900.0,9386200,18494900,6543700,0.0,1066200,3373300,1499000.0,2914400,1422400,1808100,9693800,0.0,6182000
2022-02-21,7285100.0,2957200,9779900.0,12018600,1386000,332600,2336200.0,6166700,12177300,11626900.0,18822600,5900.0,957200,612100,105500,10414500.0,1578100.0,10975700,21150600,8654200,0.0,1017900,3116800,1898300.0,2513700,974300,1280600,10170500,0.0,5509700
2022-02-22,8094700.0,2290300,12285000.0,9003800,1158200,721200,1517100.0,4648000,17669600,7821500.0,37458400,3500.0,559100,3272600,118400,9531900.0,1514200.0,7703800,24415700,10561000,0.0,1540200,5146700,1809200.0,2975200,799500,3204500,10692300,0.0,7445200
2022-02-23,5857600.0,2954000,23697300.0,6729000,973800,1292100,2385600.0,4830000,12981100,9124600.0,17315400,900.0,459600,1609600,150800,10010300.0,2470400.0,5632600,13866100,6188300,0.0,986300,2850000,1991300.0,1439000,1153400,2200300,13643600,0.0,6769800
2022-02-24,8892700.0,3385900,24651800.0,16477000,1349600,1890000,3123100.0,14817600,22445800,14777300.0,29813600,8900.0,989000,1174200,162700,12071800.0,1656700.0,12752500,30479000,15532800,0.0,2078700,5284300,3087200.0,6367500,731400,2723500,35730400,0.0,12182800
2022-02-25,5508400.0,2347500,14182500.0,10212900,1059900,1320300,1513200.0,4047700,12775700,6914300.0,16805000,3200.0,572500,2690300,88000,7373200.0,1951000.0,15679600,17789600,6665900,0.0,1616500,2693300,2371600.0,3385500,754400,1347700,49379700,0.0,4080500
2022-02-28,3857100.0,2699000,13517000.0,12721000,1504600,940300,1904200.0,4814300,35200100,10963900.0,12769600,2800.0,426900,1802000,70600,5275500.0,1641500.0,7527000,16458800,7106100,0.0,1322100,2837300,1375700.0,4678600,794300,2258900,21335600,0.0,5203100
2022-03-01,5610900.0,2395600,11801500.0,7737300,1101900,1037700,4755600.0,6802600,23374000,13003000.0,16319400,1200.0,360000,1210200,42900,9618000.0,2363400.0,8804700,16919600,6945900,0.0,1295400,2459200,1554800.0,3467600,808300,1273100,16869400,0.0,4021300
2022-03-02,13881600.0,3090100,14739500.0,20423400,1088900,1558200,3342300.0,11479300,19896100,16800900.0,51622400,9500.0,822900,1670200,93200,14650200.0,2107700.0,12606700,45276000,17893100,0.0,1655600,3397800,4369400.0,2401000,1116200,2037100,29095300,0.0,7563900
2022-03-03,8167100.0,2473700,15276700.0,6542200,957600,1368500,2748400.0,4099800,76236800,10765100.0,29987400,2600.0,752900,1057800,23700,6319000.0,1945800.0,8443700,19790900,7391900,0.0,1052200,3942400,2259100.0,2610400,641900,1486600,20145000,0.0,6796000
2022-03-04,6925100.0,1660800,10993100.0,5933800,1343800,1555800,3156700.0,3674300,33378900,5541300.0,11201100,10700.0,1197900,1073200,111700,6219500.0,2497600.0,20515200,13257500,7022700,0.0,1058100,4102000,963100.0,3817400,691700,2511600,47246400,0.0,12248000
2022-03-07,4687100.0,2258300,23416600.0,9834300,1687800,2253000,3237700.0,6973600,38200000,8060800.0,18840300,9100.0,938500,1139800,286000,11821300.0,1787200.0,11519800,16605100,8078600,0.0,996900,7593900,1309500.0,2427800,799700,3511900,19100400,0.0,10873500
2022-03-08,7221800.0,2585800,13648600.0,7175000,2227500,1426800,3784500.0,4817700,40509400,9385900.0,25634800,12900.0,634300,1996900,96800,13867200.0,1994100.0,24333500,16477900,8766400,0.0,2936300,6032800,2093200.0,4290200,863400,2383000,16269800,0.0,4935000
2022-03-09,4172000.0,1970700,14683500.0,5732700,2204000,1297600,2164200.0,4310900,34775200,7905600.0,24112200,9600.0,875100,1148900,178800,9773200.0,1967100.0,12310400,14911000,6957800,0.0,1325300,7395400,2100000.0,3049900,958200,3003700,13754700,0.0,6560500
2022-03-10,2199800.0,1563100,14675100.0,3810500,778700,963500,1417000.0,4006000,26828300,4360200.0,11866200,10500.0,1245100,883000,143000,6180400.0,1989600.0,8503400,12219700,4387100,0.0,1154100,3775700,900700.0,4366600,789300,2971800,10978100,0.0,14045300
2022-03-11,2714900.0,1476500,14701900.0,3733000,1139000,1619500,2598600.0,2941600,44340200,6001400.0,11264100,6700.0,1565500,653000,133700,8088200.0,1640800.0,16762700,15987700,6422600,0.0,876100,3610200,1353800.0,2222400,1010700,2322900,10846400,0.0,3607800
2022-03-14,2724900.0,1337300,23001700.0,4982400,1943000,1389300,2343200.0,2358200,33845300,5070000.0,15981400,7400.0,1649600,1226700,154500,21650700.0,1666100.0,16641300,20978200,5161200,0.0,1438200,3437200,1675300.0,2622700,1427400,1654700,14189800,0.0,5191300
2022-03-15,2750200.0,1515300,12125300.0,3683000,1872000,967000,980100.0,2024200,20864200,3407600.0,8699100,1700.0,1020500,1005300,138100,10352500.0,1705300.0,7812500,17471800,3829700,0.0,2385900,4163200,1056100.0,2733900,1413500,1482600,11626100,0.0,3266700
2022-03-16,3294200.0,1331400,5337700.0,4339000,1139600,617000,1256100.0,3690400,11418800,9728100.0,11226300,11200.0,503900,1054600,143000,5092100.0,1772000.0,7098600,11148500,4542000,0.0,1000600,4047200,1020100.0,2950000,1041100,1850400,8577500,0.0,3471300
2022-03-17,2241200.0,5819900,5253400.0,8350900,1046000,524600,1030400.0,3335700,14957700,7666600.0,9614200,2300.0,766800,691400,41700,9245200.0,1772500.0,4717000,10884800,3249200,0.0,1222400,2869600,560400.0,2565900,1006900,1354400,8245000,0.0,2487300
2022-03-18,2597000.0,2786600,7199600.0,4224200,2815100,601000,1033100.0,2331600,17727600,2982600.0,9945300,4400.0,2545700,791100,240200,10855600.0,1525400.0,7818900,26734000,2909700,0.0,1406600,7410800,621300.0,5520700,2407800,4233000,9468400,0.0,6805500
2022-03-21,3302500.0,1279000,7016800.0,3447300,1560700,830800,1452200.0,3361200,19313200,5038300.0,11691900,1800.0,890400,921700,66500,9584100.0,1812000.0,6957300,12852100,3921900,0.0,933900,4454000,1304200.0,3705300,788200,1884100,6580000,0.0,3556300
2022-03-22,3324000.0,2825000,6218800.0,6091300,2079200,788400,1610600.0,3100400,22965400,13902400.0,11007000,17500.0,969400,1046000,117300,14178100.0,1925700.0,6005800,24584000,5953800,0.0,775100,4130400,859100.0,3631800,744000,2390200,10463600,0.0,4008800
2022-03-23,2060000.0,1995900,6803900.0,4020700,1975800,620500,1848200.0,2676600,17291200,5930300.0,9099900,101400.0,1396000,794300,145400,8460700.0,1668100.0,6329400,15498400,3409900,0.0,966600,3617700,666500.0,1529200,721600,3226000,9286100,0.0,3724800
2022-03-24,2873100.0,1287000,4239900.0,4490100,1823700,596000,1861500.0,2563200,14927500,5088600.0,8114800,17500.0,760300,913200,95200,5256700.0,1654500.0,7095000,9921600,3214000,0.0,570200,4527700,1065800.0,1995200,1171100,3389800,12673000,0.0,3310600
2022-03-25,3337700.0,1969000,4410600.0,5554900,1228100,385200,1121400.0,2374000,13444600,5287700.0,8093200,3100.0,545600,3782700,122600,4405000.0,1818000.0,7921600,11342900,3175400,0.0,1137800,2713700,761900.0,2193500,807500,2699500,9599400,0.0,2087800
2022-03-28,4875800.0,3983900,7068500.0,6380700,3501600,357200,2268400.0,3373300,19505200,7528500.0,12952600,10300.0,630000,3833100,78100,8568600.0,1901000.0,10391600,36749100,6597500,0.0,725400,3712400,906700.0,2339900,738800,4038700,12230200,0.0,3672900
2022-03-29,3592800.0,1731200,6306300.0,2953200,8154300,689800,1169000.0,1814800,12684700,4206100.0,7209800,32600.0,571700,2287900,167300,6986500.0,2362400.0,4040700,12311900,4151200,0.0,1007700,2862600,1041300.0,2722800,1037400,2118000,7290900,0.0,2628200
2022-03-30,4154500.0,3512800,7107800.0,5038200,2830700,590500,1489600.0,5840700,15726700,5979800.0,30137100,12400.0,675400,1692600,159900,7597100.0,2563300.0,6997900,15931800,5598900,0.0,913900,4088400,3653000.0,3088400,721200,3413800,16622400,0.0,3398500
2022-03-31,5523400.0,1444000,4697900.0,4793800,3472300,374200,1177200.0,2562900,18892300,4306800.0,12822600,6600.0,589200,1798700,196900,5595600.0,2733800.0,4239600,9023400,5248700,0.0,492400,3394300,1278200.0,1372000,598100,9645800,9162300,0.0,5659000
2022-04-01,5865500.0,3165900,5757600.0,8660000,4317300,429800,1687200.0,7510400,19701900,5894100.0,16261600,3900.0,808700,4130400,350200,10566600.0,2517400.0,7804400,9156000,9575500,0.0,900300,4095000,2657300.0,2609900,665600,6112000,36857900,0.0,6486100
2022-04-04,4794400.0,2081900,4509900.0,6673500,2687800,610500,6226000.0,5171400,12156300,11614200.0,12192900,76000.0,1685400,1401900,221400,13831400.0,2622900.0,14810300,10191000,9775600,0.0,712000,3127700,1724400.0,2730500,988900,3808700,24503700,0.0,4018900
2022-04-05,4508400.0,2905000,7338400.0,6075100,1863900,727800,3270100.0,2532700,12124200,10617600.0,9967500,68200.0,739300,1260100,69400,8153300.0,2567700.0,7217300,8729900,5803000,0.0,526100,3785900,1416000.0,3591100,666200,2202100,15772700,0.0,3095300
2022-04-06,4156600.0,3242600,3565000.0,5774800,4179000,832600,3663300.0,4630400,29707400,4450700.0,16787300,1800.0,1374300,2980900,296600,25517500.0,1962800.0,8151700,12151500,9012200,0.0,2009600,3879900,1998700.0,5679100,609800,4306700,41068500,0.0,5411400
2022-04-07,9648900.0,3152800,8189700.0,6080300,3915200,729000,3503800.0,6900400,14512900,5003300.0,24107500,11000.0,1113200,3100900,89600,11287000.0,2743100.0,9640400,11478600,5971000,0.0,928000,4601800,1509900.0,3704800,728900,1760300,31583800,0.0,4387100
2022-04-08,8904400.0,3146100,5899700.0,5331500,4069700,617300,2763400.0,2462900,13738800,4062000.0,11429800,3700.0,1169600,2207100,145200,18300100.0,2561800.0,7310200,18745300,7030100,0.0,788200,4471900,1430500.0,5192000,661700,2738300,23996600,0.0,3245800
2022-04-12,4923200.0,3187500,7464100.0,5690000,3162100,632900,2770000.0,3126000,18233500,3655500.0,15344600,11500.0,1373600,2644500,111700,9283100.0,2092500.0,7028900,9624800,8278800,0.0,841300,4356200,991400.0,2356500,770500,1776300,25203900,0.0,4993200
2022-04-13,5053900.0,1996100,3971800.0,4187400,3322800,513600,2263400.0,3384900,12712600,4526400.0,13561000,11900.0,989500,3406000,132800,6053500.0,2628300.0,8424200,6924200,6722300,0.0,850700,3825200,885500.0,3146300,772300,2118800,25270100,0.0,2713700
2022-04-14,4900700.0,1890900,2529000.0,2929200,3529400,461700,1543100.0,3783800,12038800,2014300.0,7906600,6100.0,800000,2925900,100300,6332900.0,2506600.0,4295500,6467600,8324100,0.0,1151400,3679100,551500.0,1763700,639100,1810200,23375700,0.0,2223100
2022-04-15,5388100.0,2508700,4614300.0,5073900,3121400,1786900,4280600.0,5895200,18378500,3335300.0,15110600,6000.0,1015000,2339800,220100,5247600.0,2232600.0,9691100,10461600,18618800,0.0,894800,4040800,1150900.0,1678400,600600,1362400,29772100,0.0,3170900
2022-04-18,5946400.0,2820600,5389000.0,8403800,3356100,848000,5974700.0,3617400,23186000,6881000.0,17892400,12400.0,890800,2616900,779800,9371500.0,2373900.0,16501500,14856200,11505300,0.0,1237300,5668700,1632900.0,2984700,777600,2564300,28756000,0.0,3516800
2022-04-19,5244400.0,2322500,4969700.0,4637100,4731000,676400,2944000.0,3081000,19054800,5853400.0,12751000,4000.0,943100,3285000,319300,8090000.0,1568100.0,12058200,15852000,7232900,0.0,1003400,2732200,947100.0,1816000,1011500,1670200,24120700,0.0,3404000
2022-04-20,4490500.0,1458300,11862900.0,4259300,3295000,1409200,2849300.0,3150300,13236800,9014600.0,13037400,62400.0,1116500,1900700,322500,8241200.0,2131300.0,10151300,12024300,7909800,0.0,904600,5981000,659100.0,1713900,771600,1931100,21334600,0.0,3604800
2022-04-21,5899800.0,2094100,9744200.0,5307000,4068500,1072500,4404800.0,4749600,17812100,9642700.0,12604800,84700.0,1507800,2304500,501700,19085000.0,2152900.0,12545000,9902300,10019500,0.0,2178200,6536700,1573400.0,2684300,732600,4615600,18919400,0.0,5572100
2022-04-22,5184700.0,2624100,8564600.0,3572000,5691600,1337900,4597100.0,3343400,12663500,5253200.0,11431400,64500.0,1750500,4042700,373000,10811600.0,1985700.0,7067400,11483600,6681100,0.0,2771900,6143200,1045200.0,1844100,908300,2796700,22697900,0.0,3225100
2022-04-25,8242600.0,2945400,7869100.0,6285600,4605900,684200,3146500.0,4043700,29055100,6577400.0,16198700,33400.0,1076900,3711100,258900,9262200.0,1888400.0,11146000,14386300,12317000,0.0,2479400,6857400,1173700.0,2738000,637900,2659800,32739600,0.0,5632400
2022-04-26,6106000.0,1857800,9213000.0,5977600,5431400,669700,2034200.0,4387900,23280100,5787100.0,14781200,1700.0,2206600,2718900,440300,12450900.0,1919900.0,12730000,11114800,11120700,0.0,1912000,6323900,1082600.0,3661700,681900,3883000,22646100,0.0,6142800
2022-04-27,2831800.0,748100,4180900.0,3380800,2529700,789600,1290600.0,2477600,18780400,2605100.0,7174300,1800.0,1241700,1718600,146500,7815200.0,1921900.0,5114300,8593800,6154800,0.0,1429800,4773300,676300.0,2793500,483300,1826000,12469900,0.0,4010600
2022-04-28,1503700.0,974900,3566100.0,2072300,2530400,215400,1095000.0,2841700,13611800,3467400.0,6266100,3000.0,837600,1526100,43700,4084700.0,2046700.0,6207900,6523900,4729300,0.0,564100,6290400,494800.0,1386100,393400,1911000,11125800,0.0,3488600
2022-04-29,4640900.0,1518600,4041800.0,5947200,3991500,548300,1750200.0,2248100,12347800,7793100.0,8486800,2400.0,1098700,1739800,161500,7934600.0,2122200.0,9311700,11168500,9795500,0.0,1259200,6819600,1467600.0,2148700,547400,1630100,13253000,0.0,4185700
2022-05-04,2060200.0,1561000,4911800.0,4604700,1598400,521100,1411500.0,2188600,14901300,7518700.0,7874800,6200.0,512200,1151100,75900,8614400.0,1708500.0,7448400,8979400,6384600,0.0,892600,2511700,621500.0,1436000,488600,1763900,12017800,0.0,2433100
2022-05-05,3209000.0,1990600,7161300.0,4604600,2194900,351200,1271800.0,1473300,13817300,4181000.0,6904400,1700.0,933300,1168700,112300,5086600.0,1742000.0,10130600,13505600,4804200,0.0,1019300,7518400,702200.0,1858600,431400,1548200,10625200,0.0,2500200
2022-05-06,1920300.0,1579600,4438200.0,2335600,2430900,576300,1427000.0,2186300,15010600,6451800.0,8851900,3200.0,825300,1085500,155000,5803400.0,1626000.0,15138700,15245000,4889500,0.0,775900,5560700,616900.0,1690000,369700,2109800,12789500,0.0,7483500
2022-05-09,5176200.0,2414100,7239400.0,5432800,4499100,571900,2121400.0,4028300,26283600,9804700.0,15746400,400.0,1084200,2693800,186100,15576800.0,1360900.0,19409400,23972900,12361700,0.0,1674200,5658400,1298700.0,2428900,561000,2392100,23931200,0.0,7497200
2022-05-10,3850100.0,1727600,5691400.0,6494400,2816700,645200,1743200.0,3446700,19440000,4428600.0,10841700,1400.0,1088600,1818500,147000,10894600.0,1349500.0,15410200,18391700,10236300,0.0,926000,4352700,1148900.0,2617900,625400,3106500,15091000,0.0,4226400
2022-05-11,2319300.0,862900,1610700.0,5667100,1667700,328500,1005000.0,1473500,9559800,3412400.0,5764300,15500.0,990800,1167000,159400,5278600.0,1794600.0,6152600,13068000,4071500,0.0,931300,3072800,668700.0,1983600,532100,1793700,7613600,0.0,4343100
2022-05-12,3128000.0,1507900,4563700.0,6370800,2591500,833900,1880500.0,2914500,25252600,5456900.0,10183600,600.0,1061600,1705600,239400,11900700.0,1866600.0,15874500,24214900,7306300,0.0,972300,4117300,1511900.0,2474100,633600,3189100,17904700,0.0,3703900
2022-05-13,6142600.0,2353900,8616200.0,8034400,4103700,899400,2327900.0,4888300,42997700,11020700.0,16132200,2200.0,1761600,2746800,331600,16984900.0,1654600.0,25052800,22537200,15203300,0.0,1963600,6924300,1756000.0,3134600,687900,4590600,20466800,0.0,6901900
2022-05-16,5137600.0,1280700,4069100.0,5223400,1740900,955900,2348100.0,2452800,29389700,4510500.0,7382400,3700.0,1052900,1334500,99700,13082500.0,2204100.0,18681800,35190100,11689600,0.0,1558800,5296400,3900600.0,1994100,619700,1977800,12267800,0.0,4649600
2022-05-17,2617900.0,1116800,9360100.0,5909200,2045800,516700,2212800.0,2515100,23415100,4745800.0,8100400,3200.0,1573900,1055800,172300,11063300.0,1976300.0,19673100,30818300,9447600,0.0,2262300,4830700,1725900.0,1857400,610300,2105100,10387900,0.0,4233100
2022-05-18,3521100.0,1288800,7879000.0,6426500,1934400,909900,1896500.0,2847700,16073200,7999600.0,8675300,2000.0,1291600,805600,155400,6464200.0,2171000.0,24752200,27100600,8689300,0.0,881000,4266300,1185100.0,2964900,660900,1983200,11877200,0.0,6037800
2022-05-19,1856400.0,895100,12396700.0,4270100,1228600,1136600,1741600.0,3109400,16040000,5344400.0,6247500,900.0,1722900,839200,138600,18992600.0,1538900.0,19089300,22221600,5692200,0.0,575800,3316000,1359600.0,2650300,757000,1449400,9190800,0.0,2294100
2022-05-20,1936000.0,1128100,9878200.0,5051800,1410400,292900,2379200.0,2321500,13929400,3227100.0,5044800,1700.0,930900,869200,166700,12657800.0,2006500.0,16547700,14328800,5443200,0.0,661800,2305800,967000.0,2331100,502300,1296200,7415500,0.0,2127600
2022-05-23,1187500.0,1002800,10448600.0,4208800,1136900,541100,1286500.0,2385600,10178900,4162100.0,6270000,2400.0,700700,542100,96400,10002600.0,1869800.0,30832900,30824100,5290600,0.0,631600,2901300,877500.0,2644700,648900,2022200,11050700,0.0,2267400
2022-05-24,1574100.0,768000,14089000.0,4449100,1384700,840400,1718300.0,2350200,42201300,3754100.0,6690500,1600.0,829900,577700,178100,11817800.0,1786300.0,21835700,17952200,4270100,0.0,898700,2242000,1034000.0,1568300,608800,2033000,9892000,0.0,2611100
2022-05-25,3815600.0,1066800,10362400.0,4502000,3770800,764900,2615100.0,3348900,39418000,4975500.0,10916300,1300.0,829700,1558000,196200,12425500.0,2089500.0,17343300,20351500,6709700,0.0,817000,3077100,1084900.0,1360400,778900,2362100,12839500,0.0,4121200
2022-05-26,2690700.0,1194100,8259500.0,3780600,1426400,565300,1505000.0,1879100,16225800,3913200.0,7260800,900.0,834000,716100,227400,7210100.0,1940100.0,29090600,15266200,4687800,0.0,978900,3048600,798500.0,2076700,583700,1530800,8627400,0.0,1976300
2022-05-27,4910800.0,891000,7950000.0,3929200,3878400,404700,1573800.0,1672700,17591900,5036700.0,8373900,12400.0,771700,2550700,228700,8113500.0,2077400.0,21093000,15040300,5777300,0.0,892000,2451900,2060600.0,1575800,858700,3456900,10558700,0.0,2959400
2022-05-30,2244200.0,1088100,11407800.0,2818400,2496900,682000,1314500.0,1969700,15054500,4091800.0,7937900,5600.0,671100,1262200,140900,9099700.0,2614200.0,14626400,16390500,4224300,0.0,1327400,2593900,999300.0,1390900,1157800,2124400,11854000,0.0,2849200
2022-05-31,2348500.0,1027300,22263500.0,6057500,2157000,2358100,2363300.0,2242700,18840200,5467700.0,5285900,4700.0,1265300,739500,170900,8480500.0,2217400.0,18324500,12812300,5119800,0.0,483700,3692900,467200.0,1776600,638700,2058700,10284800,0.0,2498300
2022-06-01,3523400.0,1071100,15605700.0,4137200,2036500,1740200,1174200.0,2355800,21644600,4752700.0,3928700,8600.0,1097900,1058700,359100,4711500.0,2002500.0,14547600,14727100,3829000,0.0,798800,3704600,514600.0,1539200,662200,1229600,10029300,0.0,2301500
2022-06-02,3745600.0,905200,18680900.0,4391900,2292800,1399300,2149900.0,1996500,25380600,4977500.0,6488000,10700.0,457800,1806000,114900,5684300.0,2672500.0,19231800,15929800,3533700,0.0,641400,3115700,752700.0,2935600,822800,1487800,9005500,0.0,1947800
2022-06-03,1409500.0,570700,16941100.0,2219500,1755900,2364500,1654300.0,1109800,14709900,2777200.0,5169400,4000.0,394800,1668100,258700,4566700.0,1673400.0,17260500,12083400,3040200,0.0,527800,2752600,633800.0,1249100,631300,1052800,7124300,0.0,1491300
2022-06-06,1698800.0,918800,38286700.0,3756100,2558200,2646200,1442800.0,1590300,17769400,4142800.0,6941900,6200.0,1729500,1887900,221300,6839700.0,1898500.0,13164700,17162600,3845100,0.0,880500,3331600,1099500.0,1503500,681100,1432000,7703100,0.0,1387000
2022-06-07,2255000.0,1172500,27576100.0,2889500,3908000,2035900,1923200.0,1542300,19376400,2825000.0,5525200,6000.0,1460100,1845100,137700,9427800.0,2023400.0,18575400,16797600,4640800,0.0,933000,3568900,755400.0,1562200,607500,1322200,7824600,0.0,1839000
2022-06-08,4494800.0,982900,13749200.0,5333400,2660400,1703300,2880300.0,2656600,24841800,5601400.0,11821100,25200.0,1318800,2076800,198900,8126100.0,2242300.0,15160100,11493800,6456800,0.0,1164700,2085300,968300.0,1441700,656500,1698600,19013900,0.0,2170300
2022-06-09,3388400.0,394400,18250400.0,2574700,1706300,1293800,2461800.0,865000,26979900,4636400.0,4534900,1700.0,711400,1131100,111000,3911900.0,1794200.0,7971900,16071100,5776000,0.0,1067500,3544100,380900.0,1542100,643900,1045100,9402900,0.0,1442400
2022-06-10,2278300.0,786000,32658100.0,3096400,2972500,2455800,2505600.0,3244500,15182300,4137900.0,4691800,1500.0,632500,1940500,76800,6049400.0,1665400.0,15662200,17446000,8194200,0.0,390900,2452200,607900.0,979600,683500,1483300,9656300,0.0,1936600
2022-06-13,3830300.0,1446900,28097100.0,6906600,3393300,1737200,3143700.0,2229000,21236000,5766300.0,16114100,7400.0,1101100,3229000,151500,9650800.0,1947600.0,20886700,16680200,6673500,0.0,1105800,3373800,1897500.0,1795500,584500,2379700,20960500,0.0,3179400
2022-06-14,2049600.0,1178900,22792100.0,2866700,2308300,1357700,1736900.0,2729000,28438400,13205300.0,8736900,26100.0,1658900,1606100,196400,5758900.0,2891900.0,18121100,12472300,3740800,0.0,1066200,3015300,2198900.0,2058500,625300,1393200,11517000,0.0,2289700
2022-06-15,3633100.0,1366100,22516400.0,3205400,1762600,2223400,2010000.0,3231500,28702400,12792200.0,15590400,3400.0,997000,2560200,116800,5420200.0,2526900.0,19494300,13262200,5449100,0.0,1243600,3508000,3654500.0,2037200,691800,2680600,12843800,0.0,2498100
2022-06-16,1925600.0,1293500,26577500.0,2216700,2517500,2330800,1704900.0,2201600,33385900,13563100.0,7121300,25200.0,1394900,6038900,156700,3930400.0,1954400.0,13558700,11245300,5916100,0.0,1209600,2437800,797900.0,1597800,678700,2215500,5252400,0.0,3090500
2022-06-17,3160900.0,1218700,19989300.0,3151800,2321400,1558000,2061100.0,2041400,30237200,8831400.0,20939500,1200.0,1627200,3500500,150800,12971900.0,2014700.0,20938200,12492500,4994900,0.0,1050600,3106900,4375100.0,3725300,561700,2502800,12547400,0.0,2350300
2022-06-20,3956000.0,972600,26729400.0,4733900,2483900,1717900,2657900.0,1923600,37272900,4711900.0,9673800,1800.0,862000,4483400,52400,14402600.0,2035800.0,18264500,16894800,4004000,0.0,1089700,2701700,3203200.0,2132800,759500,2588200,9859300,0.0,2183100
2022-06-21,2676500.0,1403700,23857600.0,4588400,2460200,2345500,2340800.0,1663100,39935100,4890300.0,6250400,5400.0,954600,3368300,182900,3529600.0,2046300.0,24985100,10840400,4900200,0.0,937100,2365100,3064200.0,1956200,710600,4839300,7203800,0.0,2572900
2022-06-22,2532000.0,1532700,27406000.0,2772500,2971400,1887400,1260600.0,1570400,21442500,6676400.0,10465500,28000.0,802700,3815800,135500,5018600.0,2720500.0,11892500,9689900,6208200,0.0,1069200,3460900,4284800.0,1418900,930700,2214000,7054900,0.0,1221700
2022-06-23,2140900.0,422300,15226400.0,4669100,2022500,1113700,874200.0,997000,6926200,7136500.0,5639300,1400.0,397300,4908000,23500,3189200.0,1676800.0,13697300,15465200,4708100,0.0,590200,5534200,1731700.0,1548900,682700,1103100,4754900,0.0,801400
2022-06-24,1588100.0,1328200,8622200.0,2945000,902400,806000,1010400.0,2243200,12828800,4427300.0,3852800,3200.0,543000,2716400,84000,3883200.0,2067000.0,11929000,11596900,2969100,0.0,648600,2256500,1390100.0,1514800,621000,1684400,3607300,0.0,974300
2022-06-27,2447600.0,826300,12240500.0,3897800,1254800,903600,1050600.0,1268100,20739600,12848700.0,5586500,9300.0,882000,3160200,99100,3735300.0,1279900.0,13895600,9786600,4282300,0.0,862500,2666100,1535900.0,1822400,964000,1804300,5872800,0.0,1271000
2022-06-28,2995800.0,2412700,12310400.0,8843000,2296600,798300,874500.0,2159200,17838300,18949400.0,12393600,5800.0,1209600,4121400,69100,8319300.0,1781900.0,13211000,24887500,5342500,0.0,1095800,1455900,1753800.0,2228300,629900,3037200,12179100,0.0,1367000
2022-06-29,1960600.0,2342200,12027700.0,3769100,1182600,968700,1658400.0,1397100,20190300,5963300.0,8574900,10300.0,713400,3154200,39300,5259600.0,1722400.0,14242800,13808600,3048300,0.0,847500,1571700,2386500.0,1429300,540900,1941000,8388900,0.0,1095400
2022-06-30,2088400.0,1498400,8087100.0,2996800,1506500,1008200,1028100.0,2399900,19950600,6673600.0,7182100,4400.0,456000,2401100,24300,5105900.0,1468000.0,13242100,18789800,3566500,0.0,678400,2480200,1565500.0,1878800,561300,3582600,7880400,0.0,1605000
2022-07-01,1851900.0,3520700,19214600.0,3534400,1696500,974500,1294600.0,2049800,15200000,11487600.0,7556500,600.0,478200,3285200,61500,6059200.0,1715200.0,15527500,16869800,3473300,0.0,1383000,2974000,2331300.0,1866600,517700,2859000,7028900,0.0,1806800
2022-07-04,1823900.0,1827500,6517400.0,4009200,1005500,462800,692600.0,1048500,12443200,9278300.0,6320300,3100.0,357800,5181500,20800,4560200.0,1343700.0,19712000,22132700,3148000,0.0,746200,2256200,4232400.0,758300,585200,3139300,8848600,0.0,969000
2022-07-05,2991000.0,4933500,15092800.0,4934900,1395600,1503400,1176800.0,2225700,15093400,10476500.0,16498500,2400.0,942500,3983400,151300,8623000.0,1657200.0,14220100,30049300,10888900,0.0,1064500,3133800,2740100.0,1478700,518100,2590800,11408500,0.0,1079500
2022-07-06,2017800.0,2731600,33947200.0,4211400,2232400,1689000,1519200.0,3078000,18233600,6938600.0,7476900,600.0,1181300,2398000,60300,5692500.0,1767700.0,15164800,17725300,6055300,0.0,1548200,6722800,1675200.0,2171700,632800,2360100,5589500,0.0,3210800
2022-07-07,2496700.0,2824700,11633800.0,3333500,1286300,628400,942200.0,1007500,10828000,3853000.0,6572600,700.0,444900,1590000,52100,3100700.0,1181600.0,9823100,15935900,3567400,0.0,1258400,2098800,3123300.0,2174100,613000,3049600,7855100,0.0,2402600
2022-07-08,2016000.0,1979400,6529800.0,2655300,910400,692300,931000.0,1115300,19504900,5704500.0,5547300,11900.0,609700,2586800,91500,3333500.0,1904600.0,30285700,15739700,4058400,0.0,761000,1793900,1823700.0,1413800,450200,1704200,7340400,0.0,1037500
2022-07-11,1634700.0,2058500,9413000.0,2432300,998100,477100,876600.0,1518800,12476400,4912700.0,8268700,26100.0,565100,1370100,54500,4293000.0,1343500.0,26063700,21170600,8452700,0.0,660800,4883200,2490200.0,2385900,509500,2556900,8474400,0.0,3468900
2022-07-12,728100.0,1671000,9765200.0,3615500,602800,779400,2467200.0,770300,12146500,3665000.0,5855800,3600.0,287100,1606300,25900,3989600.0,1266400.0,11926200,12469100,3916500,0.0,811500,3602700,1057100.0,1212400,644400,976100,8383200,0.0,1087600
2022-07-13,2126200.0,2657100,8486000.0,3868900,1140700,896400,2141700.0,1282900,17855700,10205200.0,9654300,3600.0,549100,3099000,41700,36088400.0,1864500.0,17839400,17150700,3156800,0.0,1379900,2334600,1516500.0,2004600,472500,1423500,10535300,0.0,806000
2022-07-14,1429400.0,1504200,8124100.0,5262300,891300,697700,1620000.0,1603600,12520300,6453300.0,7275700,32100.0,356200,2134700,22400,11649800.0,1230600.0,23495100,12876400,2902000,0.0,329400,1906300,1213000.0,1414300,529100,982300,9794300,0.0,1161000
2022-07-15,2642300.0,1387300,8021100.0,7024300,1382300,516900,1779400.0,1566300,47697200,6349100.0,8095200,15800.0,413900,3080300,38500,12997800.0,1603500.0,16577600,16982600,4094300,0.0,597500,2301900,2594500.0,1582500,347400,1475000,8732200,0.0,1215800
2022-07-18,2425000.0,1698400,8098500.0,3476500,1264900,567900,1504400.0,787300,19929000,6399900.0,6138000,6500.0,666600,2540800,12000,15924100.0,1612000.0,18016400,14305700,2990600,0.0,391400,2023400,1385800.0,1088000,398500,1106700,7537400,0.0,508500
2022-07-19,1507000.0,976900,12555400.0,2702900,1185400,933900,1292800.0,848900,16276900,4784800.0,4745500,4000.0,367200,2118000,139000,9304100.0,1323800.0,19867100,11691000,2566900,0.0,812100,1864800,1095000.0,655400,365500,1530100,6233900,0.0,937900
2022-07-20,3039300.0,1587800,12717500.0,4316400,2848900,894600,2476900.0,1318300,16893100,4711100.0,6881800,5800.0,679400,7377800,107200,17291700.0,1788100.0,22292300,11199600,4923800,0.0,544900,1910000,2046400.0,626100,492100,1167800,9698300,0.0,1423900
2022-07-21,4313000.0,1519100,12333600.0,4824700,1804200,862900,1542500.0,2225400,23043400,12029100.0,6680900,22700.0,1032900,5004300,223300,11236500.0,1554200.0,15960000,17945400,5488700,0.0,1164600,2070700,1682200.0,930600,476500,1720500,9258800,0.0,2005900
2022-07-22,2039400.0,1247400,14887300.0,3253000,1307200,1087700,1651200.0,1149300,16642200,11043100.0,7085100,4600.0,1241500,5454700,196400,14386200.0,1660400.0,17909200,11581700,4424700,0.0,1009600,1530500,4380500.0,674700,492300,712300,7270700,0.0,1146000
2022-07-25,1850700.0,1196800,10001000.0,2220100,2245900,543700,1193500.0,793000,20722100,5452800.0,3635800,17900.0,461100,4019200,130900,8551900.0,1526400.0,18310100,6665200,2340300,0.0,962700,1229500,1358300.0,755800,581500,1242600,7813800,0.0,1173900
2022-07-26,1484900.0,885800,16867100.0,2166000,1128800,483400,1038100.0,823200,26378200,6284400.0,3588300,13500.0,487400,1808800,165100,6259700.0,1373400.0,16457400,9279700,2794900,0.0,1119800,737100,1138400.0,592700,427700,1154000,7418900,0.0,550700
2022-07-27,890000.0,725200,3757400.0,1598200,771100,374600,1715000.0,692700,28601000,13683400.0,5741100,2000.0,334400,1866300,116700,6067200.0,1729800.0,17804700,9170900,1654100,0.0,1259900,502800,817000.0,581400,439200,789500,6395800,0.0,676600
2022-07-28,3347500.0,2049800,9982600.0,9197200,1664800,508900,2558100.0,2767900,23510500,12271600.0,9334500,3900.0,619200,1950500,233300,15772000.0,2160800.0,19481100,40238200,5604300,0.0,1164800,1914300,2360800.0,1152200,556700,1219400,18936300,0.0,4379900
2022-07-29,3817300.0,4174700,10215200.0,5464700,1941800,530100,1899000.0,1777600,20587600,6330700.0,7417700,5900.0,840100,3375000,170300,11215900.0,1515200.0,20792200,17762000,5486300,0.0,1176000,3235500,6336200.0,1908500,490800,2582800,12985400,0.0,2024600
2022-08-01,4455500.0,3367400,14743800.0,8637900,1815100,424900,2618000.0,2445900,38143900,8339600.0,12000800,8100.0,730600,3256100,214600,21057000.0,1958600.0,29169900,16701100,6875400,0.0,1577300,1703800,1816300.0,1261800,438800,2527600,12729400,0.0,2238700
2022-08-02,2644800.0,1497900,6989000.0,3545900,1314800,369900,1731200.0,1942800,22699000,5635000.0,8566700,31800.0,719500,1394900,167300,12558500.0,1486200.0,27493000,13855100,3746700,0.0,1101400,3186400,1409500.0,958300,245000,2031400,8777000,0.0,1551300
2022-08-03,6081900.0,2146200,7028200.0,6140900,2249500,583600,1638900.0,1828300,58846000,6583900.0,9891300,7900.0,1452700,2660300,240200,15289900.0,1661500.0,22269900,14338500,4944700,0.0,1005700,2005800,1980300.0,1250700,412500,3134700,13033100,0.0,1940500
2022-08-04,4390100.0,2421700,9985500.0,5240900,3046800,769800,1954400.0,2244800,30031900,6406800.0,11190600,9000.0,1593800,4344000,292700,15277400.0,1997000.0,20941700,13127200,4630800,0.0,2261100,5218900,2374400.0,1146000,741300,1720600,18168400,0.0,1213600
2022-08-05,3272800.0,1029400,14661500.0,2954300,1773100,726100,1844600.0,1668400,42516600,5021500.0,7492000,1900.0,1920800,2712000,219700,12959500.0,1809400.0,28994000,12665800,3914900,0.0,1395800,2290400,2453300.0,1134900,797800,2135400,12186100,0.0,1298600
2022-08-08,3202100.0,987900,9678400.0,3121700,1586800,350600,1954300.0,2331400,30365700,4608000.0,9053800,53200.0,637400,2490100,147600,11527500.0,1852500.0,21251600,7664100,7998700,0.0,915000,2233600,1558800.0,1010300,387900,2795800,17182600,0.0,933200
2022-08-09,3553300.0,1567700,6056200.0,3507800,2320800,368600,1576700.0,3084200,48222600,8597800.0,10603300,28200.0,502900,2806100,138800,14138700.0,1950700.0,14949200,7863800,4306400,0.0,1217900,2234700,1597000.0,792000,664800,2129800,20342900,0.0,771900
2022-08-10,1987700.0,987000,9519100.0,3664500,1121400,389600,1453200.0,1973800,30124400,4916000.0,6366700,23300.0,560100,1974900,135400,8625200.0,1839100.0,14584500,8967800,3001500,0.0,507500,1594600,1361400.0,967900,762000,1544800,10950100,0.0,824100
2022-08-11,3442200.0,1739100,14998300.0,4325400,1852800,846900,2421500.0,4795700,34352700,5153700.0,11230700,11100.0,772100,2719100,198700,13812200.0,2102500.0,28045800,15664300,4920200,0.0,1171500,2236700,2342900.0,1674000,700200,3884600,15022600,0.0,2321200
2022-08-12,1460000.0,1639000,6793800.0,1821500,1243100,363800,995200.0,1486600,33797300,3455900.0,4450800,1400.0,252200,2419300,109400,7233900.0,1773500.0,17178600,8391200,2817400,0.0,1251800,1423400,1485300.0,811200,660300,1796100,8700500,0.0,979100
2022-08-15,3154600.0,3772200,6840400.0,6225200,3085000,404300,1074300.0,4823100,31513400,9557400.0,8106400,1300.0,554600,4433600,242900,46250900.0,1710000.0,14575600,13671000,4366600,0.0,1259500,2189500,2349900.0,802100,668200,2525800,11208300,0.0,1207700
2022-08-16,3234500.0,981400,12500000.0,3835600,1382800,326200,1150900.0,2330800,65490300,3208800.0,7037900,2500.0,619600,3910700,192800,12612400.0,1678300.0,11764700,9490900,3042300,0.0,687100,1107300,3397300.0,862200,676900,1688300,10232300,0.0,1098200
2022-08-17,3350600.0,1394900,13207300.0,3662100,1506200,879200,1710800.0,4696900,27443900,4075700.0,15404600,2000.0,1170500,2518800,200800,12712500.0,1849200.0,21210600,11130300,4459300,0.0,764000,2505800,2337400.0,2201000,769800,1316400,10393600,0.0,1633100
2022-08-18,5981500.0,1480900,5713200.0,3643900,2552900,987400,1408000.0,5013300,23215100,4386400.0,9052200,3300.0,1715300,4073800,330000,13770400.0,2069300.0,28626400,12921000,5337200,0.0,1568600,3350200,2759000.0,2769100,1042800,4230600,11851100,0.0,2271900
2022-08-19,1909000.0,1451800,7566400.0,4899700,1957600,536800,1157600.0,3826300,31457200,3367700.0,9125100,4300.0,458300,2276400,104300,10229100.0,1679800.0,15752800,7722200,2566900,0.0,1148000,2780700,1839700.0,1221600,555000,5225600,31776400,0.0,2504000
2022-08-22,2239300.0,1761800,5984300.0,5539300,1634000,370200,1947200.0,2751700,23798700,3173300.0,10635300,3800.0,460700,5855600,87800,11640000.0,2008500.0,16747900,9667900,3086100,0.0,525800,2116900,2423500.0,1469100,259100,2071700,13398800,0.0,1382200
2022-08-23,2385000.0,1732500,16435400.0,4282500,1085700,446500,1179400.0,2488600,16687400,3989700.0,5629900,2000.0,649500,4014500,89400,10067700.0,1854400.0,32424700,9877300,3339900,0.0,648000,1353300,1122200.0,1437800,613900,4551200,8849600,0.0,1847800
2022-08-24,2704900.0,969800,15985800.0,3127900,1008000,358100,1156200.0,1560000,12125400,3332700.0,7255700,2200.0,556200,2219300,123100,13081600.0,1735300.0,13465300,13326500,3993200,0.0,1083700,1049900,1099400.0,787500,508000,5443600,12754800,0.0,1569100
2022-08-25,3631800.0,1272100,7617400.0,4170600,1143900,424500,5087500.0,2176200,18259100,6804900.0,11501700,14300.0,564700,5153200,61400,14522100.0,1450200.0,14782800,8891300,3706900,0.0,538800,2025800,2116600.0,483000,370700,2182100,17456000,0.0,1130400
2022-08-26,3878700.0,2006200,9986500.0,3915700,1936600,491500,1739300.0,2083700,16469800,4268100.0,10033100,17500.0,359700,10847500,91500,13321900.0,1774000.0,23266700,10738200,4353000,0.0,1559500,851200,1537900.0,861300,662500,2463000,15131200,0.0,954300
2022-08-29,3218300.0,1345400,17647200.0,4119900,2228000,669800,2556000.0,2814100,32468000,4576300.0,11961500,5100.0,572700,7689600,106300,19244800.0,1543700.0,28608300,15059400,4474600,0.0,951500,2035600,1847200.0,1337500,445400,3311500,17970200,0.0,1941200
2022-08-30,2016400.0,2329700,9482900.0,3595400,1153200,725100,7996000.0,1632200,15309700,4242100.0,9244300,25600.0,574200,4227200,57400,7713600.0,1097700.0,12094600,8084200,3807500,0.0,2502800,1770500,1672800.0,868400,261100,2234900,9111400,0.0,885800
2022-08-31,1967000.0,1622100,9186400.0,2075300,1173700,429300,1892400.0,2386100,14977400,2707500.0,6925400,600.0,786700,4620000,126000,9715900.0,2146600.0,10846400,7673100,2265500,0.0,1055900,2837300,1229800.0,1236800,526400,1657100,8456400,0.0,2062000
2022-09-05,2307700.0,803800,6875700.0,1755800,1020900,325500,2623300.0,1320000,26282100,3499100.0,6379400,8100.0,556800,2694200,105900,5291800.0,1158600.0,10158000,5292400,2788600,0.0,1547800,1529500,1545900.0,1310100,554600,3169400,11936400,0.0,1465000
2022-09-06,2405200.0,1779600,4879900.0,3020400,1171600,247300,2683600.0,2019300,15332900,4900600.0,6889300,2700.0,337200,2599300,103500,9125500.0,1543100.0,11026900,6307900,2340700,0.0,1027300,1285200,2007100.0,1335600,513000,2649000,11575500,0.0,1803100
2022-09-07,3214400.0,3012000,19706900.0,4257500,2236400,846100,5221400.0,4550200,25025500,5347300.0,17408600,3400.0,836300,5672100,128400,17594300.0,1611500.0,23212800,22424200,4269000,0.0,2293300,1847100,3009400.0,1347400,940300,2916400,18602000,0.0,1875900
2022-09-08,2080700.0,2190400,9956300.0,3659100,1135600,315200,2272500.0,1921700,20365500,5839600.0,7960500,800.0,484100,3748300,168200,15133300.0,1273500.0,15977000,10363500,2473200,0.0,1074300,1642000,1882400.0,841200,560100,1351100,10654300,0.0,1027300
2022-09-09,2227900.0,1111000,6491300.0,1820400,1145400,332700,3553600.0,1653200,26048100,5568800.0,8649500,1700.0,539300,2784800,226800,8023800.0,1419400.0,33441100,21144800,2951100,0.0,1029200,1443100,4168400.0,1193800,381000,1188500,17656800,0.0,1270000
2022-09-12,1390800.0,937800,5112100.0,1601900,1145400,364100,1444100.0,1065300,26167100,1759200.0,3013100,600.0,326100,7345700,227400,5490400.0,1265500.0,11997400,5734000,1017200,0.0,699800,3854700,1533800.0,551100,393900,1386100,7759400,0.0,1871600
2022-09-13,1469500.0,840200,4333700.0,2408900,1046400,246500,1514500.0,743300,14681300,1550300.0,5164700,49100.0,542200,1957900,163100,6135800.0,1291300.0,18972100,6532800,1687000,0.0,1187900,2252100,1088700.0,1059100,475000,1556500,6754100,0.0,1872600
2022-09-14,2102100.0,933100,8103000.0,2113200,1309200,317100,1835500.0,1933100,27029100,2648500.0,6826100,8000.0,554500,3704500,237400,8398700.0,1346700.0,25849700,10170600,2794500,0.0,1085800,1784500,1347100.0,711000,480200,2037900,15232600,0.0,1332600
2022-09-15,1579800.0,1929500,3099400.0,1275100,780500,566200,2665600.0,1009300,13683900,1247200.0,3587600,12500.0,537300,3178000,199800,5055400.0,1445500.0,9382000,8391800,1611900,0.0,611900,1904900,680500.0,851300,677300,1207200,9264900,0.0,1090300
2022-09-16,2120100.0,974900,7381800.0,1983400,1360100,498800,1709100.0,987900,27510700,3046800.0,7015700,4100.0,1709700,4279700,189100,8206300.0,1389700.0,19466700,16349600,2188200,0.0,1519200,2368800,1448000.0,1684400,2146600,2308600,16945700,0.0,2870500
2022-09-19,2558900.0,1276000,9431000.0,2347600,1783700,501200,3152800.0,1335900,27479100,2755700.0,8312000,2800.0,548800,4171600,147300,11693800.0,1444100.0,22693700,10742400,3777300,0.0,938500,1944900,2560300.0,786000,330500,1418000,14967200,0.0,1602700
2022-09-20,1908000.0,1116600,5779000.0,2001200,575000,403400,1307700.0,672700,11511000,2627300.0,5166100,2300.0,302800,3380900,81800,7566200.0,1179700.0,14145700,6368400,1989200,0.0,521200,1539400,1654000.0,800100,324500,1139700,12528400,0.0,1480700
2022-09-21,1292200.0,495400,3538400.0,1250900,775400,216700,846600.0,818200,9916300,1222800.0,4024600,400.0,332400,3106200,46700,4196900.0,1119800.0,8382000,3707700,2073000,0.0,499200,1732700,959900.0,482700,353900,2477500,12579500,0.0,494100
2022-09-22,1826800.0,977300,5914200.0,3206900,1172400,232400,1418900.0,664200,11594200,2030800.0,5328700,10900.0,435200,4254200,102800,6574500.0,1304600.0,17206400,5220700,2922800,0.0,1183000,2370700,1412400.0,1238700,547600,1033500,8541400,0.0,778800
2022-09-23,1465600.0,785400,8658900.0,1588100,840600,361700,1000300.0,833900,14593100,1901700.0,3718800,2700.0,353900,2717600,140200,6004000.0,1115600.0,10814000,6962300,2265200,0.0,1034100,630900,919300.0,324200,375400,1398600,9847300,0.0,515200
2022-09-26,4546500.0,2016400,8053100.0,6442500,1863600,666700,1974000.0,2621100,25875600,3117800.0,10186800,8300.0,658100,5240200,130700,12156200.0,1075900.0,22906700,16606500,5217000,0.0,1255900,2734600,2790900.0,1195900,504100,3386000,17753300,0.0,1764700
2022-09-27,1468900.0,607200,4738500.0,2446800,932900,215200,878700.0,1594200,9010600,1617400.0,3977700,2100.0,343300,1536300,90500,7972000.0,1316100.0,10953800,5440900,2336300,0.0,653400,1238200,3852400.0,639100,280600,2415500,12957000,0.0,1271100
2022-09-28,2513100.0,777900,8244200.0,2714800,2048400,662800,1053100.0,866700,14067800,1673500.0,3502300,600.0,415600,2724500,78800,5241200.0,1300000.0,14119800,6498700,2069900,0.0,587700,2624400,1211300.0,1138100,409900,2145700,10527500,0.0,1118100
2022-09-29,3855500.0,1000100,5253800.0,3417400,1303900,307600,1117200.0,1383700,10331300,2636600.0,4316000,1900.0,443000,2545200,63300,5441100.0,1160100.0,11341000,7927300,2640300,0.0,587800,1967400,1563400.0,1701100,245700,2033200,5605100,0.0,1584800
2022-09-30,4219300.0,1817900,7401600.0,5377300,2109900,719100,1585200.0,2310500,23369500,5090100.0,7530200,7900.0,893200,4371100,95200,6963700.0,1152000.0,20628400,16490500,5240200,0.0,1262400,4399000,2095300.0,1724300,409900,2345100,15853300,0.0,1800300
2022-10-03,3657900.0,1573400,5642100.0,5690400,1245600,367400,1141300.0,1385800,33572400,4576600.0,9067500,10400.0,752700,4026100,77400,8923400.0,1122900.0,15843300,14937100,6076000,0.0,894900,4216600,2311800.0,1452700,285900,2039100,24720900,0.0,1364000
2022-10-04,3472500.0,1195400,6898900.0,5635700,2040000,260400,1664400.0,2228800,30510400,6107200.0,8395600,6300.0,991500,4024500,206200,6492400.0,1157100.0,15613300,15971100,5966900,0.0,1280900,2981600,2047800.0,1296700,350600,1631300,17447600,0.0,1744700
2022-10-05,3255800.0,516100,6792300.0,4275300,971900,402300,1016100.0,1523000,25316500,4941900.0,5029100,0.0,559600,2124200,265100,6745700.0,1161400.0,13616200,10610300,3986800,0.0,835000,3926300,1321000.0,1328100,637600,1493400,13912600,0.0,922900
2022-10-06,2848400.0,915800,8085500.0,4256200,1266700,447800,1505600.0,1398600,37464800,4695500.0,7524400,3500.0,948300,3170300,54100,6647600.0,1104500.0,12072300,18656100,5573700,0.0,751500,2715500,2044800.0,1011900,309600,1503000,13937100,0.0,1262900
2022-10-07,8485400.0,1716300,7880600.0,8381600,2061000,334000,2272400.0,3189500,36474800,12457300.0,41168300,37400.0,1461300,5573700,178100,15297700.0,1052500.0,24130800,40976500,14349900,0.0,2113700,4053800,2375700.0,2987900,824500,2685300,19180300,0.0,2464400
2022-10-10,6473000.0,1000800,6653500.0,4923200,1625600,431000,1889000.0,3301800,25059200,15292300.0,11369000,39700.0,1089700,3911600,211500,12949100.0,924400.0,17618200,34119100,18275400,0.0,1317000,2162500,1627900.0,1238400,538600,1661900,14888700,0.0,1759700
2022-10-11,6434000.0,907900,9803600.0,5492200,1593600,508200,1989600.0,4543200,26448700,9726000.0,19396700,36700.0,1971900,2333500,158300,14325600.0,777800.0,16403900,24976900,21188700,0.0,1161700,4080700,2499700.0,2186800,618200,1718400,19258200,0.0,2576300
2022-10-12,3365500.0,1476600,4826900.0,4719200,1463100,169800,1459700.0,2042400,28996700,8597100.0,12285200,94000.0,2400700,2886100,60200,19543100.0,1376900.0,18582200,15160800,9605400,0.0,1517400,2058600,2003400.0,1709700,418700,1274000,10409800,0.0,2281600
2022-10-13,3901800.0,1413700,4903100.0,6243400,829200,544600,799200.0,1504700,24198100,6626200.0,6810300,51900.0,1014100,1531100,195600,10303200.0,1112000.0,12486200,16491000,9386700,0.0,1596800,2128800,1455300.0,1246400,322000,3171000,11415600,0.0,1584500
2022-10-14,3138200.0,1720800,7295500.0,5662200,844200,387800,1897700.0,1021900,22588500,10345600.0,12143100,89400.0,1554200,2989900,99100,14546300.0,1147800.0,22035600,25064100,6333400,0.0,1599300,1696600,2742400.0,779400,345500,1436500,8932700,0.0,670600
2022-10-17,3755100.0,1089500,6164800.0,4713300,706800,300100,1247100.0,1405000,17053000,7477000.0,9748400,111900.0,1478600,2670100,66700,14331500.0,1142400.0,13659200,12838800,7740800,0.0,1241000,2933000,1224700.0,738200,238300,1671300,7409400,0.0,1036700
2022-10-18,2767600.0,882400,4796700.0,3895400,879000,448500,1253400.0,1121300,24387600,7601300.0,9558200,38300.0,1767000,2054300,180300,9331000.0,1103000.0,18797300,14148300,5030200,0.0,885000,2552900,1502400.0,606100,306800,3137000,7378800,0.0,855200
2022-10-19,1445700.0,753300,10421900.0,4115800,1023700,423200,1134100.0,658800,20235600,7024500.0,5589900,17900.0,1401200,1407400,113900,6804900.0,986200.0,12345400,17992600,4571000,0.0,627400,1240200,1568000.0,826400,170600,1038000,9833500,0.0,661800
2022-10-20,4023500.0,1476300,3677400.0,3878500,1730300,165200,1037800.0,2614200,26033000,5524400.0,6782800,10500.0,1683100,1811200,114400,7302300.0,965600.0,11211900,13245100,5210100,0.0,1517200,2747900,1552600.0,1099200,221800,2290400,8684100,0.0,1365000
2022-10-21,3385500.0,1657300,12776800.0,6658600,1564900,468300,2124300.0,1821700,45155900,10964000.0,13740600,38600.0,1651200,4238200,177500,12312500.0,1030000.0,28076400,22530300,9633400,0.0,1283700,5383900,2151700.0,1414600,206800,2097600,13706600,0.0,720600
2022-10-24,2797800.0,1374200,9825700.0,4945000,1426100,503600,1694700.0,2220500,27973100,11520500.0,17418100,15200.0,1295700,4828000,279300,11779800.0,855600.0,23354200,27147400,11800600,0.0,670100,1834000,1919100.0,1606100,207800,1578600,10493200,0.0,1778100
2022-10-25,4926800.0,1464500,9027900.0,8645300,1564600,367300,2838300.0,1694800,31109500,15065600.0,16036100,26600.0,1850400,4400700,252100,14197100.0,998100.0,22999400,22832700,9593300,0.0,1535500,6293600,1845500.0,1446700,179000,1657600,15262300,0.0,1369200
2022-10-26,2169100.0,684000,2642900.0,3449600,625100,181800,1293100.0,920400,11243700,9289600.0,7264900,11900.0,1006000,1528200,150600,5840800.0,752800.0,9014400,7624800,3153400,0.0,591400,3700300,787200.0,1054100,129500,824700,7060400,0.0,667200
2022-10-27,4846000.0,2034500,4761300.0,8005600,935900,468600,1512300.0,2175400,21366800,13895900.0,13098100,20300.0,1607900,2990400,222000,12665000.0,1261500.0,21710300,21985200,5222800,0.0,1297800,4869100,2130200.0,1974800,114400,2283600,20959900,0.0,1960900
2022-10-28,3551700.0,2106200,5709200.0,7631500,875800,194100,1431500.0,1395000,31204100,14674500.0,13950700,15200.0,1768700,1802000,85800,10813500.0,1230400.0,16262500,18824600,12484200,0.0,1561000,3076200,2309700.0,1281000,136800,1438800,8111200,0.0,1603500
2022-10-31,3747300.0,2663400,4470200.0,10121500,1084700,156300,1102500.0,1557600,66298200,15043200.0,12195900,11100.0,1329900,3903900,105700,12022200.0,979200.0,20501900,16782900,7284700,0.0,659400,2523900,1229300.0,1052800,154700,1572200,11070200,0.0,1343000
2022-11-01,3355400.0,1615200,2924300.0,8831500,561500,451300,1259100.0,3493500,81552304,9141900.0,20853600,1800.0,1128600,1999200,170700,12823500.0,1047300.0,22328100,29458400,8603400,0.0,826100,2622800,5002300.0,1419100,111300,3180100,25628600,0.0,2023900
2022-11-02,3538200.0,1325200,5102900.0,5390300,978200,584100,1167900.0,1795400,40121700,10188100.0,10212800,2000.0,893000,4317000,165000,9205800.0,1005100.0,15911800,19123400,5442300,0.0,1255100,2263100,9637500.0,1352500,289600,1830500,21507900,0.0,1209300
2022-11-03,3279300.0,1125400,2635800.0,7489200,622400,162300,1203000.0,1892200,20629700,9681400.0,8904700,1800.0,737800,2600000,63000,10527400.0,1032000.0,11302200,19534000,6663000,0.0,726600,2099800,4351300.0,909700,167300,1278300,11402300,0.0,524600
2022-11-04,12616400.0,2376600,6743800.0,13957000,1646800,329600,1633200.0,7049900,43889600,17050100.0,24980500,8200.0,952900,5742900,117500,16288600.0,1042500.0,25310800,32100600,12626400,0.0,1538000,4338400,6769700.0,1617900,236200,2909200,32346400,0.0,1786100
2022-11-07,4908600.0,1582200,4348700.0,7033100,1572400,404900,1556600.0,4888900,38263100,10423000.0,11584700,10100.0,1266700,5344200,196800,9617100.0,1088200.0,21167600,20698900,6326200,0.0,1232000,3020500,5978300.0,1702500,230000,2638300,23171500,0.0,1575200
2022-11-08,4065900.0,3079100,4584200.0,6274600,945000,381600,1174200.0,6443500,46273800,10231200.0,8719400,28400.0,1180600,4117000,169200,10182200.0,1043400.0,16380300,22034700,5353800,0.0,1659900,5521100,3446300.0,2476100,284900,2301400,22335400,0.0,1798400
2022-11-09,3278700.0,4501700,3334000.0,10208700,697700,404800,963600.0,4329300,32786100,8156300.0,8437500,4000.0,1227900,2156900,145300,7941000.0,1005000.0,8615900,35899100,3645200,0.0,1214800,4933400,2685200.0,1573900,210400,2701100,16395500,0.0,1916000
2022-11-10,5464700.0,2499700,10477300.0,9623300,1595200,276200,1906000.0,3820600,79749504,14743400.0,20036100,17000.0,1015300,3670600,167600,14382800.0,1187500.0,18406100,37391500,7580100,0.0,958500,4020400,5652800.0,1558000,218200,2637600,23021600,0.0,1447000
2022-11-11,4325500.0,2165600,5997100.0,9790500,1002900,170100,1724700.0,2205600,60716100,9660700.0,11973100,31000.0,1055100,3565100,162000,7229400.0,1206700.0,19859900,39517200,5479500,0.0,1314200,4084100,4915500.0,938500,157100,1564400,17937800,0.0,1940400
2022-11-14,5257100.0,1326800,11557600.0,9034900,1639000,350400,1914200.0,6647100,60270100,12370800.0,12028900,32800.0,1292200,3514300,240000,12225200.0,1124900.0,20560100,36929800,5828500,0.0,1536500,2665000,4054300.0,1394600,376200,2596800,16001400,0.0,1701700
2022-11-15,6563300.0,1888700,9251300.0,10692800,3114900,421000,2906500.0,3659800,40416800,15689600.0,23481100,38100.0,1067100,2983600,159000,14542300.0,952000.0,24236100,27646400,10943000,0.0,1581800,3093200,4764800.0,1583400,324900,2089600,18164400,0.0,1663100
2022-11-16,7397800.0,1603000,23020400.0,13029200,3050400,314700,2331500.0,3977400,34902600,20073200.0,26090000,54900.0,1308900,8555200,271400,19573100.0,1260900.0,26998600,29344400,18062800,0.0,2349800,3370900,3635900.0,2249500,396900,3542600,29662500,0.0,2283400
2022-11-17,4304700.0,1492200,6348400.0,11677400,1546300,442400,1830900.0,3941100,21514200,7471900.0,14823700,15400.0,1525000,2857700,282600,10122400.0,1137700.0,23384900,35148700,5977300,0.0,1645700,4303600,3260100.0,4785400,333500,2599500,13169500,0.0,3241400
2022-11-18,3536700.0,1383600,14686700.0,11616200,1261700,398600,3215600.0,2423900,99658800,10384000.0,12899700,7100.0,1016400,4367700,295400,14928000.0,1006000.0,34596600,32563700,6390000,0.0,1564800,3641700,2573700.0,1693400,317800,2229300,16315900,0.0,1936700
2022-11-21,2279000.0,1285300,5533600.0,5680300,840500,172200,2820100.0,1269200,31604900,7818400.0,10728100,7800.0,633400,1762800,73300,11613300.0,879500.0,12527900,17502900,4508400,0.0,1106900,2712700,2445900.0,1198200,109600,1787400,11391400,0.0,1750000
2022-11-22,4427400.0,2109100,12731200.0,7649900,1176300,314100,3396800.0,1480900,43246700,13606700.0,13394200,37200.0,1395000,3707900,103100,15178300.0,1269400.0,29655000,30775500,7548800,0.0,1936000,1851800,4852700.0,1466300,331800,2281200,16566500,0.0,1870400
2022-11-23,2552100.0,2415200,5409800.0,5920300,465900,227700,1361100.0,939500,30303500,9124800.0,7371600,3700.0,834200,1510200,53900,9593600.0,947500.0,13126800,25665600,3771800,0.0,794200,1111300,1916000.0,998800,113300,773100,6000000,0.0,661300
2022-11-24,2306700.0,1789300,8425800.0,4141700,788400,474500,2150000.0,912700,31115600,8952400.0,6351200,18200.0,1043500,7862600,152600,8071000.0,940600.0,16226000,18314400,3471500,0.0,1082000,1182600,2192100.0,1141700,303300,2881100,10247900,0.0,1209600
2022-11-25,2830000.0,2564400,5034100.0,14164700,1267400,398800,2076300.0,945600,26533900,16497200.0,9855300,5300.0,923100,2595300,144400,8582800.0,1077900.0,22569200,24962000,5208100,0.0,1675100,3344500,3619400.0,2290900,277600,2596100,9694700,0.0,900300
2022-11-28,5240700.0,2605800,7798600.0,11090400,1146800,370200,3057200.0,1754000,58844900,14405500.0,15454800,22000.0,2126900,4322000,297700,14842500.0,1394700.0,32638900,28234200,9058600,0.0,1341900,7815000,6155300.0,3249900,220400,2299200,16558000,0.0,4231400
2022-11-29,3942700.0,2549200,10538300.0,9674400,1143800,405200,3884700.0,1844100,64305500,19154000.0,15129300,13200.0,2170100,5268600,310700,18841800.0,1092000.0,32279800,26282100,7876400,0.0,1707400,7431800,5562500.0,3559000,530200,2404200,16820500,0.0,3972000
2022-11-30,4118400.0,2054900,6998500.0,6374800,911500,282900,3120500.0,2034700,57721500,13386800.0,13189800,33000.0,1501800,3777700,288300,24228300.0,1240800.0,29645300,25462700,8860700,0.0,1322600,6191900,11706100.0,3225000,590000,1995600,23312200,0.0,2894300
2022-12-01,6812100.0,1935500,12541500.0,10765700,1776500,514400,4151500.0,3183800,66587500,22054500.0,27681100,61800.0,1543500,5855800,377600,54015600.0,1183700.0,37109400,39125200,16532500,0.0,1178900,5868300,10026300.0,3204600,745100,2216800,31045800,0.0,2812500
2022-12-02,4791400.0,1503000,19332300.0,8942500,2901400,572000,2296800.0,2276600,45683100,24433600.0,16329100,14200.0,1435000,6464800,307500,27208700.0,1444800.0,29326500,27685300,9001200,0.0,1241300,6364400,8818700.0,3591400,768700,2521800,25887700,0.0,2864300
2022-12-05,4715700.0,1665800,7815300.0,7687500,1216400,500600,2983300.0,3911000,46513800,22381300.0,19932400,16400.0,1024200,4146000,167200,52088700.0,1430100.0,35813500,38505100,8445100,0.0,1664000,4597300,8779600.0,2301900,681200,2066000,43389200,0.0,2356100
2022-12-06,5158400.0,2673000,16528000.0,7661900,1537700,494500,3836500.0,5460300,62775400,36460600.0,22074300,35000.0,1097400,4093900,250500,44839100.0,1417400.0,41336800,49350900,14489700,0.0,1308000,4261600,11257500.0,1803300,682600,1395300,34482600,0.0,2883400
2022-12-07,3295000.0,1797900,10521900.0,4099300,1029400,336900,1976000.0,1569900,34619700,13838000.0,12155000,20700.0,734100,2930100,214100,23958800.0,1091900.0,21179900,27772200,7114400,0.0,1455800,3601000,4991800.0,9421500,461600,1839600,26221800,0.0,2217500
2022-12-08,4795900.0,2731500,7773400.0,5282700,1267300,465900,1562700.0,4564600,29943600,19040900.0,13815500,50900.0,903000,2626500,188000,24590500.0,1276200.0,34618000,20042500,10144300,0.0,2109700,4142000,6289200.0,5602500,658000,1597100,29415300,0.0,2497400
2022-12-09,3319800.0,1624100,6305400.0,4989800,987500,374700,1872400.0,2828900,34549800,25654200.0,9428700,48700.0,1175300,1675300,217600,20269000.0,1219900.0,18581200,26467900,4407800,0.0,1684100,3329100,5121700.0,2660700,491700,2408500,13749900,0.0,3690300
2022-12-12,3181800.0,1983700,8166800.0,3851100,1213500,350200,2607000.0,3855500,35832500,18530200.0,12469800,53000.0,913300,3474400,235700,33161800.0,1222500.0,26511100,20770500,6189600,0.0,2105700,3867300,4647500.0,2851200,465800,3142700,23202300,0.0,3231300
2022-12-13,2693700.0,1706400,6206000.0,3912200,899700,400900,2309500.0,3731900,24343000,8380200.0,7967900,56500.0,1493100,1956200,361900,21200200.0,1208000.0,25352700,25986500,7316900,0.0,2232500,4250600,5059500.0,2861100,481700,3610400,18048300,0.0,2178600
2022-12-14,3293000.0,659400,11034100.0,2422900,1158000,277500,3425400.0,2416000,34285300,7290300.0,10436100,53300.0,1028300,2187800,252200,21525300.0,1184500.0,20741200,21018800,7999600,0.0,1083500,3218700,5267900.0,2897500,416800,3522100,18923500,0.0,2533600
2022-12-15,4113600.0,1459900,8774300.0,3529300,1170500,504800,2767900.0,5372600,20983100,6432100.0,24163100,21000.0,687600,2539400,139600,20481300.0,1212100.0,15553300,20332000,7681000,0.0,1250400,2949400,5964300.0,2311900,267800,2595300,66731500,0.0,2131800
2022-12-16,2220500.0,1000200,7004500.0,3220100,910900,256100,3947600.0,6009700,55383800,10185000.0,11673800,25000.0,2672500,3003400,425900,30794900.0,1197700.0,21449000,25278700,6469000,0.0,3158100,3490900,4733700.0,3284600,575000,3002000,27564100,0.0,9287700
2022-12-19,3382600.0,1917400,8663300.0,5166900,1026200,449500,2375300.0,4321600,48039600,7733700.0,14375300,21600.0,1257100,3782800,162100,35923300.0,1228100.0,41725400,23175600,9319200,0.0,757500,2140200,5531100.0,2873600,322000,2422700,29429800,0.0,2643000
2022-12-20,2566900.0,1651500,14509400.0,6578800,785800,218300,3357800.0,6344800,45551300,11499800.0,18204000,48700.0,568100,3352500,306400,30996400.0,1341500.0,26808800,28918700,11750600,0.0,1424400,3290300,5751300.0,2088300,374800,3030300,26419500,0.0,3321300
2022-12-21,1887300.0,1432800,9066100.0,3061700,544100,198400,2086700.0,2288900,27702200,7034600.0,8645000,24000.0,582500,2052300,173000,19529300.0,1097800.0,26446400,35449400,6560300,0.0,962000,1880900,3331700.0,2477400,351400,2305500,20499300,0.0,3216500
2022-12-22,1958400.0,1335700,3591900.0,3346000,657800,254000,885000.0,1303400,18965200,11938900.0,7706500,6200.0,371000,1519800,123200,12398300.0,1231900.0,13108700,17470200,3604900,0.0,1073500,2170900,2194100.0,2433400,222000,1587300,52431700,0.0,2054700
2022-12-23,1735100.0,690600,10295500.0,2821500,1221000,261500,1189600.0,1302300,24810700,11357700.0,4508000,50400.0,552900,1584400,75300,8580000.0,767100.0,11363200,13227800,2878800,0.0,1079200,1348100,1624300.0,1866300,258800,1561800,16849000,0.0,1835700
2022-12-26,1778000.0,1255700,5137000.0,2958900,832500,332400,1934200.0,2065400,31370000,12469200.0,9429800,52600.0,613800,2559500,220800,21548900.0,877400.0,18630300,20485300,7542600,0.0,1203600,2139600,3330600.0,2367800,151200,1657600,26485700,0.0,2460400
2022-12-27,2040100.0,1496000,4789000.0,2592900,805200,154700,1260800.0,2151200,23655000,6945600.0,5626400,7300.0,617300,2324700,138400,12936000.0,973100.0,14748000,20842100,4426300,0.0,1058000,2872500,1879500.0,1844000,249200,1586800,14921400,0.0,1897200
2022-12-28,1826400.0,3692800,3509700.0,1890200,589200,221800,656600.0,1180400,14311200,16704100.0,4608400,12700.0,661400,1389600,157000,8899500.0,1042500.0,10979500,15196800,3298700,0.0,1173500,1485500,1704100.0,2089000,225600,1188500,17482100,0.0,1813400
2022-12-29,1809100.0,1265700,2825100.0,1718100,655300,97600,664900.0,1361200,17422800,11530700.0,4182700,7100.0,629600,1212100,103400,8182100.0,953300.0,8747600,9448000,2934700,0.0,1237400,1258100,1375100.0,2135400,400000,1329700,20198000,0.0,1545900
2022-12-30,1339500.0,2618200,2966000.0,1394100,628600,141500,576400.0,1525800,14452800,11217100.0,4128900,1000.0,453200,1652400,167300,5531200.0,1301500.0,6422100,10618600,2181900,0.0,1510900,1197100,1426000.0,2461700,132900,1199300,10035400,0.0,1792900
2023-01-03,1547700.0,1732900,9926300.0,3477200,1535200,287800,2167100.0,946300,27990600,9006500.0,7538000,7100.0,740400,1998900,121700,14685300.0,1011200.0,18046200,16251000,3786800,0.0,1089800,1622300,2386500.0,2009300,395900,1496000,20274800,0.0,3875900
2023-01-04,1641400.0,2070300,9389000.0,5783700,794300,225000,1944700.0,1634700,20230000,8833900.0,7750200,7000.0,549400,1872700,116900,10146900.0,1114600.0,10680500,18036600,3185500,0.0,837900,1176400,2527100.0,1928400,195200,1089800,42535900,0.0,2624200
2023-01-05,2104500.0,1175100,7182400.0,2113300,1012600,270100,3014500.0,2027600,21502200,5516900.0,7746900,7700.0,684600,1102800,255300,8999100.0,915000.0,13309500,19217000,2716900,0.0,1078600,1951700,1760900.0,1641900,388800,2469800,15385600,0.0,4076200
2023-01-06,3403100.0,3400900,14042300.0,6735200,719400,138800,2608700.0,1712400,19630100,46242900.0,10917100,23000.0,541300,1507500,130100,33967000.0,1102400.0,13143700,25666300,4803900,0.0,1125500,1171800,5142600.0,1951000,367500,1269700,31406400,0.0,1696300
2023-01-09,1746700.0,1326400,4826100.0,4251600,518900,153500,1739400.0,1219200,16185000,7179800.0,5950900,20700.0,398200,2663500,46900,12621500.0,1007100.0,9711500,13239000,2387700,0.0,1667100,1196400,4565900.0,1204200,387400,948300,18731600,0.0,1193700
2023-01-10,3061100.0,924000,6998600.0,3055300,752700,256300,1555100.0,1018300,26852100,8606300.0,6400600,10700.0,613400,1424300,101200,11619000.0,974500.0,11623700,14761200,2613300,0.0,2112500,894100,3781600.0,1742900,407800,1196000,13485000,0.0,914500
2023-01-11,5336500.0,1531300,4516200.0,3425200,1076900,108100,1965700.0,2548800,25709300,11001900.0,6466400,4700.0,556800,1461200,155000,13230100.0,1129100.0,13973900,10080600,3136500,0.0,983000,1186100,4154100.0,1085600,414600,1534700,17427300,0.0,989900
2023-01-12,2879600.0,708200,12390800.0,2471500,542500,236800,2004300.0,752000,20172900,8380800.0,7333700,10900.0,537400,986100,30200,12488700.0,947700.0,6542800,7154600,2124100,0.0,1879000,1238700,4931600.0,1067000,258600,684900,15245400,0.0,1037700
2023-01-13,2154400.0,1630000,7587000.0,2974400,628300,193100,2035700.0,1976100,19174700,11181500.0,7999500,54700.0,319700,1087500,218100,22142300.0,1061200.0,14327200,13353500,2810200,0.0,822000,1047000,6249900.0,1223800,236100,1449000,25700900,0.0,770200
2023-01-16,3538100.0,4737900,5529600.0,5345500,574500,244900,3508200.0,2329200,22319700,7914500.0,6246800,162100.0,339600,1408900,105300,11133400.0,1010000.0,7329600,7925000,2492900,0.0,735200,1118900,2579100.0,1687100,146000,654700,17941500,0.0,1010000
2023-01-17,3983900.0,1499200,6169700.0,3475900,978200,290300,3919900.0,1924400,41584700,11376200.0,18897600,22200.0,600000,2760600,88600,30800100.0,1042400.0,21992300,14388000,6179200,0.0,644600,1453600,3424600.0,1371200,467400,1671400,32912200,0.0,2138800
2023-01-18,5435900.0,1832900,17575900.0,3204700,954600,151800,2818100.0,2425400,25850200,6692400.0,9911300,28700.0,620900,3686900,75200,16363600.0,1117200.0,19367400,8512500,3241200,0.0,834000,1264300,3544300.0,1647300,467600,1297900,19675400,0.0,1473600
2023-01-19,5521600.0,1656800,10460700.0,5008400,1327200,249800,2760600.0,2909600,43940400,8759900.0,11064200,4500.0,1021900,3493900,201700,22832200.0,1073700.0,26454500,12060500,4742400,0.0,1716800,2235700,4654000.0,2343100,541200,2627700,18347800,0.0,3043500
2023-01-27,3756000.0,1729800,13978500.0,3426200,1140700,535400,2606700.0,1546900,26524400,11516300.0,9203700,6200.0,741600,2479800,133600,19046100.0,1099200.0,19460600,8531800,5539200,0.0,1552000,1282700,3768100.0,2197800,230300,2331800,24443100,0.0,1974800
2023-01-30,5399000.0,1210300,12305600.0,3739500,891000,267500,3337600.0,3766500,42341300,13824600.0,12664300,29400.0,330200,3206700,177800,28975300.0,1121600.0,19239700,18539200,5917000,0.0,1045000,1349500,4444500.0,1124500,337000,1614000,23819000,0.0,1610100
2023-01-31,3480500.0,1643500,10483400.0,3448000,1529100,283700,3559700.0,3538500,28105900,9960300.0,14967100,45800.0,354700,2723800,55500,24929700.0,1231300.0,17924900,25362500,6148400,0.0,1447700,1312000,7272500.0,1377800,296100,4817500,25095200,0.0,1095200
2023-02-01,3482800.0,2510500,13585200.0,4346000,1048300,732800,2983500.0,5421700,51905400,14495000.0,15740700,51800.0,958200,7835500,170700,24695300.0,1032000.0,26556600,16199300,5944500,0.0,1136400,3648300,8391300.0,1851600,351500,1810400,32198300,0.0,1893600
2023-02-02,2884400.0,2864500,11032500.0,3143700,1325200,293900,2191000.0,2459300,25388600,11112300.0,12208800,68500.0,736900,4860800,88700,17532800.0,1002500.0,11997700,18433700,3795200,0.0,984600,2156100,4362300.0,1328600,315700,1494400,25931700,0.0,1699200
2023-02-03,9532100.0,1377900,4730100.0,3617300,1729000,258900,1556300.0,2494000,20956300,7651200.0,10022600,16400.0,567900,6219600,105300,10096500.0,1200000.0,13217100,30634000,6448000,0.0,893400,1246200,4288000.0,1199400,166100,1855200,20039600,0.0,1095800
2023-02-06,2395700.0,1747200,5413000.0,2629900,943400,242000,1201800.0,1709800,22269800,5601600.0,6636100,15500.0,685600,2653000,78800,7036000.0,1005000.0,11552300,19359900,3181900,0.0,1151200,1693000,3213800.0,1416100,238100,1910700,16961400,0.0,940200
2023-02-07,2469300.0,1568300,8163400.0,3254700,750800,287400,2466000.0,1096800,43379400,8553500.0,7675200,15700.0,857100,2018900,28900,15619200.0,1033800.0,17388300,19755100,3288400,0.0,1195400,2542100,3715300.0,1645000,137700,1274400,15658900,0.0,1347600
2023-02-08,1922400.0,1796700,4948700.0,3158400,669700,273500,1594700.0,1806900,33812500,9302200.0,5590000,8600.0,446700,1647000,109700,10445500.0,1024800.0,12539800,28192600,2709000,0.0,884800,4744700,2420800.0,2145800,137400,1550000,11578100,0.0,1375500
2023-02-09,3226100.0,1184800,18074300.0,2699300,743000,314600,1330900.0,1714800,16343900,7058800.0,6332800,8200.0,773600,1472800,49900,5341900.0,1000800.0,7434300,37343600,2757300,0.0,759400,3121100,1773800.0,3006800,217800,1593600,15157900,0.0,1205500
2023-02-10,2007500.0,1398000,5213300.0,2103300,725000,202400,1425300.0,1596100,15828700,11922900.0,5991700,10200.0,680900,2032500,70900,7295300.0,931300.0,9538000,16166300,2626000,0.0,647700,1602200,3334000.0,1696000,151600,1236100,13102800,0.0,726000
2023-02-13,2591600.0,1589700,12696400.0,2133600,613200,201400,2727000.0,1903400,18741800,8703500.0,9869700,8000.0,468600,1726000,87900,16373000.0,909300.0,11360100,17392800,2897200,0.0,872700,2467600,3844100.0,1405200,137800,1569000,25784300,0.0,1031800
2023-02-14,1438600.0,1325100,4989600.0,1752200,619700,108200,1157100.0,1486800,17294600,4852300.0,6596300,3800.0,392700,803200,51400,5816000.0,901300.0,6180800,9246400,2949800,0.0,1143100,3875000,1270100.0,3116200,186100,1073500,16873000,0.0,1441900
2023-02-15,3330400.0,604600,4234300.0,1473700,645200,181700,1371600.0,1811500,20076200,6237400.0,6518300,10100.0,617800,1084700,77000,8905200.0,968400.0,10344500,33356400,2633000,0.0,899300,4288300,3332100.0,3345700,183900,1443500,12674000,0.0,969600
2023-02-16,1623500.0,1068100,11288900.0,2901100,424200,261100,1167900.0,2971500,23914900,6530900.0,4742200,9800.0,379900,944200,27700,6448000.0,918300.0,9828100,15366000,2247700,0.0,776600,2366000,2126100.0,3240500,137800,691300,14454300,0.0,978700
2023-02-17,1716200.0,1493700,4482400.0,2237100,467600,186300,1149100.0,1997300,12287900,18982900.0,4793200,13000.0,279500,959100,45300,10178200.0,893900.0,8056100,17975900,1784300,0.0,918900,2064500,3786200.0,1871500,214200,777000,10770300,0.0,1280800
2023-02-20,4901500.0,1508300,12289200.0,4573900,1275100,200100,2360700.0,2806900,24741700,10621600.0,8602000,14800.0,685100,1874700,69800,14633500.0,938300.0,23655300,20147300,2743200,0.0,1095000,4177000,3972500.0,1515200,229000,1385300,20553100,0.0,3128000
2023-02-21,1717400.0,996600,10977900.0,2955300,840000,216200,1979400.0,3492800,20643100,8629600.0,6951800,28800.0,258400,1405600,84500,12474000.0,1018000.0,14060300,16561800,2590900,0.0,675500,1571200,3183000.0,1502600,298700,888300,18376200,0.0,1309700
2023-02-22,2652600.0,994100,21077800.0,3944800,747200,240700,2357700.0,1912300,32634400,9985800.0,9875600,12000.0,784400,1644500,82100,13266300.0,964900.0,24069100,18524900,2373000,0.0,1025500,3712300,3325600.0,2557800,382400,1295600,16999300,0.0,1360100
2023-02-23,3860600.0,1279900,11372600.0,4083200,1160500,174700,2486700.0,2996200,33590000,9337000.0,16330000,7700.0,672900,1313900,77700,13939500.0,1094700.0,17946400,14252800,3597400,0.0,1025700,4588000,3097500.0,2387100,590400,2327900,12980300,0.0,4737800
2023-02-24,2227600.0,497900,6972800.0,2188200,559200,127400,956300.0,1578400,14597600,7628200.0,10072300,24900.0,716200,1625600,98800,5692700.0,973100.0,7726100,8464100,1972500,0.0,631400,3013500,1443600.0,2206500,600600,1681000,10418800,0.0,2243300
2023-02-27,3107700.0,939200,8113100.0,1748800,1015400,245200,1275700.0,1971100,31316100,5801300.0,8046000,41500.0,900500,1974700,57600,9317200.0,886900.0,14834700,13398600,2377000,0.0,501000,5325900,2071000.0,1389900,166100,1112500,10311400,0.0,1513400
2023-02-28,6149000.0,257600,3606000.0,1275600,524300,73500,898900.0,1218400,15217600,5336700.0,6163100,20100.0,585400,1567900,96900,5847000.0,877100.0,11908000,6462100,2104000,0.0,565800,1631900,1348100.0,912500,317800,1034300,8629400,0.0,2998000
2023-03-01,2535900.0,740900,5415900.0,2168600,1376400,113000,980800.0,1535500,18619900,9759700.0,6320200,23300.0,1083200,1520500,41400,13440000.0,900500.0,11380400,21605400,2204200,0.0,729700,3325100,2472900.0,794700,194400,1635500,9654500,0.0,2068500
2023-03-02,3337600.0,976200,3000200.0,1829900,430800,115100,969300.0,1843400,8867400,8285400.0,3836100,39200.0,540200,868900,38300,3511100.0,918300.0,5341200,11122900,1549900,0.0,984700,1947400,1234800.0,769300,296000,1088800,4287200,0.0,1980400
2023-03-03,2396000.0,735400,7450000.0,1748100,740800,184400,1054400.0,1240100,13608400,6948200.0,4741300,98800.0,581000,1857500,92400,5558700.0,869300.0,7382600,11814300,1875800,0.0,798600,1387200,1333600.0,785900,270600,704200,8977500,0.0,2078400
2023-03-06,5224700.0,864900,4215400.0,3193600,817200,91900,931100.0,3111700,11366800,8653100.0,6831800,108300.0,850800,1474200,76300,6356700.0,934700.0,10340100,18558000,2568900,0.0,711900,2996100,1985300.0,1569800,324600,891800,13129000,0.0,2736300
2023-03-07,4641800.0,1634600,4998900.0,2882600,792000,203700,560400.0,3500800,29323900,7956600.0,6173500,18700.0,1893800,1585700,122700,5403200.0,929500.0,16202800,15476600,2340300,0.0,970300,1670600,1914900.0,1442300,222500,1170900,13127900,0.0,2211500
2023-03-08,2784900.0,1229700,7265000.0,3416500,510600,147800,1543100.0,2053200,16159600,7295700.0,7409200,13800.0,1497600,2029100,97300,8004400.0,876700.0,14656100,13744200,1945300,0.0,871900,1952900,2688600.0,831900,122200,1244400,27188600,0.0,2194700
2023-03-09,3737400.0,1170600,5504800.0,2363600,640300,190600,3766000.0,1197800,23274800,19620500.0,8058600,7200.0,1257800,2116000,216700,18258600.0,1013600.0,17709900,42575200,3286200,0.0,1098100,1780100,4209700.0,1037300,438400,1389700,15264000,0.0,5053200
2023-03-10,2422000.0,862200,6575900.0,1614000,640900,229400,2676300.0,1476300,22458300,8374400.0,5294100,15700.0,1407600,1573000,266700,7313400.0,990100.0,13374000,23483500,2129800,0.0,707800,2536600,2337300.0,899800,304900,1427700,14754800,0.0,2302400
2023-03-13,4017400.0,933700,5718900.0,1859400,886500,347000,2603900.0,2748900,20930300,13523200.0,8529600,12600.0,1593800,1349100,353500,15609400.0,945900.0,20540900,29609000,3114300,0.0,759200,3225100,3069900.0,996800,299300,1824500,41362700,0.0,4124400
2023-03-14,6765600.0,1444500,7228000.0,2143800,427400,185000,2160500.0,1783200,30865700,16302600.0,8471100,8900.0,939100,1611600,261300,12686700.0,971100.0,15079900,25329600,2469900,0.0,863700,2838200,2489300.0,1019000,219900,1735100,22988900,0.0,2116400
2023-03-15,1959500.0,628400,7727500.0,2796300,691800,196300,2069100.0,1620500,26779400,17449800.0,6281500,5800.0,1108600,1899200,233800,15448500.0,905300.0,28458900,20097700,2361600,0.0,807800,2069400,7400900.0,1177700,260600,1960200,22320800,0.0,3577700
2023-03-16,2498900.0,875700,8899600.0,2150600,850000,277700,1713400.0,2118500,30247400,10504700.0,5752900,9200.0,897900,1665000,308100,10741700.0,916700.0,19590700,19670500,2661700,0.0,806000,2039000,3550700.0,3155600,320600,1529200,15492200,0.0,2649100
2023-03-17,1248400.0,310700,3636800.0,1136900,429400,226600,1285900.0,2990200,33958600,13284200.0,4267500,2100.0,1173700,953800,406900,30922100.0,891700.0,19301900,21263500,1199600,0.0,2272200,4942600,2763200.0,3121500,830700,2432800,15548900,0.0,6891400
2023-03-20,2456100.0,585800,10328800.0,1611400,769800,189500,1912100.0,2908600,22988900,16900400.0,5987700,5900.0,1328800,2298600,42400,18176100.0,953400.0,18548100,16972100,2286500,0.0,1034000,2167400,5064900.0,3362300,281500,1609600,18939800,0.0,2353200
2023-03-21,1488000.0,741600,6781600.0,1056300,536200,112000,1119900.0,5107700,19060600,5579700.0,8042400,10900.0,1059400,1411300,141600,9337400.0,982200.0,17547200,10858100,1997800,0.0,1057400,2538300,2879600.0,1766700,418000,1350200,29194300,0.0,3045500
2023-03-22,1634400.0,509200,3141100.0,1085900,548000,113100,957800.0,2893000,11963600,6916200.0,5027900,1600.0,1703500,1181500,153700,10703600.0,921700.0,11224300,15701400,2215200,0.0,1055800,4074500,1998300.0,965900,207600,710300,36025500,0.0,3610800
2023-03-23,6903800.0,329500,2280200.0,1216500,313700,83700,767200.0,1779700,9895200,3055300.0,3505500,1000.0,1353700,1155400,75700,34628200.0,832600.0,16405000,11475100,2248200,0.0,763600,2033500,3136900.0,1254600,221700,1194400,20106600,0.0,1817500
2023-03-24,1581100.0,307000,5614400.0,2109000,281800,240100,2406400.0,1377400,12147800,17426600.0,15656500,300.0,1368800,1729500,108200,16194900.0,628400.0,17851800,15348800,1872800,0.0,415300,2380400,5556700.0,722200,257300,850300,16056300,0.0,1089600
2023-03-27,2178900.0,633500,2498900.0,1310300,718500,51400,1457400.0,830600,19611100,6185500.0,7446300,1000.0,1538900,2261100,29400,35040100.0,733500.0,22678800,15679300,1328700,0.0,730100,1622900,4725900.0,608100,184700,1212200,25741200,0.0,1515800
2023-03-28,8116600.0,453900,3927900.0,1684600,928000,257000,2436500.0,1908500,11175800,11120500.0,11800300,200.0,1526800,3965200,45000,25278700.0,718400.0,17833100,16205900,7473700,0.0,784100,2390800,6573400.0,718100,149300,1437800,30394300,0.0,2650700
2023-03-29,9895600.0,290100,2917700.0,1521800,369400,65900,1156200.0,1030000,16925100,6209600.0,9648600,700.0,939400,1573100,49000,19433300.0,664700.0,14413800,15576800,5559300,0.0,422800,1099000,4754700.0,475600,163100,842100,12625400,0.0,1316300
2023-03-30,1906700.0,655700,4501400.0,1327400,337000,122700,1448400.0,5676900,20118100,6340200.0,8802700,19000.0,1040000,2470800,59000,17315300.0,788700.0,21860300,38411000,4690400,0.0,409700,1604300,5248000.0,935600,147700,781300,11921800,0.0,6784100
2023-03-31,5332800.0,612300,4906400.0,1994000,564900,208500,4939900.0,5338000,22399300,5953100.0,9923100,400.0,1099300,1659500,47800,9508300.0,754200.0,30654900,20662400,6868700,0.0,664000,2352500,5678800.0,2619400,180900,877700,20997000,0.0,4815700
2023-04-03,9828800.0,1200900,14540300.0,3495200,1075300,311600,3564900.0,2659200,20755000,9369800.0,19395600,100.0,1511300,1837200,81200,58082700.0,825100.0,31071600,24215500,11639500,0.0,699600,2725900,5999500.0,4605300,225900,775400,10788600,0.0,2805300
2023-04-04,7088200.0,842100,5684700.0,2060200,528100,514500,2821900.0,2170600,19205400,15341500.0,10539600,1500.0,1223200,2985700,150400,34591800.0,780400.0,29983800,16242700,6754000,0.0,226500,1201100,7374800.0,1708000,285800,1659100,14238500,0.0,1687700
2023-04-05,2620300.0,1280200,9126200.0,2846500,373700,189300,3357900.0,4436600,25522700,4756100.0,9635300,200.0,770200,1735900,156500,40375700.0,846900.0,17129200,38470600,3971600,0.0,286700,2100200,5252400.0,1869100,175900,903000,10913700,0.0,2317600
2023-04-06,3150600.0,1487900,7751800.0,1782600,571400,286900,4246500.0,4943500,25803200,11208500.0,10867600,100.0,906000,1741600,141300,29196300.0,974800.0,22151000,23820200,7354900,0.0,350000,979500,5409100.0,1788200,197300,866600,10253300,0.0,2280800
2023-04-07,2334500.0,601600,5483400.0,1413300,237400,89500,2180900.0,2313000,18438600,11558500.0,8317000,2500.0,530700,1886100,28400,29739500.0,494400.0,25020200,14900000,3641400,0.0,645000,666700,3795100.0,2311500,147700,702800,7496500,0.0,1619600
2023-04-10,3526200.0,1724700,5696900.0,1664400,726000,398700,2933300.0,3455900,25901800,8133500.0,13106100,16400.0,836800,5488700,180500,42605900.0,741700.0,25160800,15553000,5389000,0.0,583500,1272900,4460600.0,1777500,285100,764400,13987400,0.0,1293800
2023-04-11,1552600.0,1161300,14686500.0,1009700,512800,213700,2192500.0,2205100,13700300,5244500.0,6307800,1600.0,680200,2593600,119100,25504800.0,707200.0,24231700,12462200,5209800,0.0,546800,1949500,4046800.0,1534300,264300,717800,7523700,0.0,941100
2023-04-12,3120400.0,775500,5710200.0,1265900,549900,269100,4816200.0,2621900,10267000,5044900.0,7727200,8300.0,1601300,3818100,327400,34104400.0,691900.0,15668000,19906900,4355800,0.0,457700,1883900,4691400.0,2696100,213400,910700,6893100,0.0,2725900
2023-04-13,2459800.0,729100,18070700.0,1094000,488300,165000,1958000.0,1897300,14227900,4077900.0,5779300,3000.0,1137200,2903200,175200,18457100.0,706900.0,16638300,15298800,2912500,0.0,451400,1177100,2945800.0,1628400,81100,812500,18164300,0.0,1040200
2023-04-14,4919900.0,562500,7343500.0,1232700,347000,225100,4567700.0,2075200,12664700,16681800.0,6694200,3100.0,1243800,2183100,259900,43731200.0,768200.0,22609500,13003900,8037200,0.0,390100,1011200,5005300.0,1324900,83000,1214800,5206700,0.0,2459300
2023-04-17,1437400.0,693700,4859800.0,1087100,400700,227300,1297200.0,1286900,8797600,11735800.0,5389300,600.0,870800,1275200,216900,26215700.0,698500.0,12517900,10198100,2515900,0.0,457900,956200,1952500.0,1237500,190900,1216500,4669200,0.0,1439000
2023-04-18,1844600.0,611300,3914800.0,1046400,260800,178600,1399900.0,1687600,11053400,13048700.0,5551400,4900.0,488000,2578200,161000,23042700.0,753400.0,19091400,9259400,2206700,0.0,611900,1664400,1801500.0,1260900,127300,712600,9655000,0.0,2068700
2023-04-19,4316600.0,414000,4176200.0,1470700,372400,311500,1433600.0,1085100,10025600,8118600.0,3847700,40800.0,1192200,2834200,306900,28695100.0,707900.0,12877800,12214400,2165300,0.0,363200,880200,3179500.0,1746300,124000,690300,17296600,0.0,2355100
2023-04-20,2319400.0,168700,6514000.0,1215900,330600,267200,1142300.0,829200,6219900,4102000.0,3123200,16200.0,692200,1246900,228100,20332600.0,685300.0,8463800,8447200,2122700,0.0,223700,430300,2109300.0,1217400,81900,783700,11624400,0.0,1479100
2023-04-21,2240900.0,292700,4344300.0,819000,248000,414800,1066400.0,1457200,10486000,7565200.0,3445700,52400.0,1032200,2422500,131900,18332000.0,776300.0,30064700,7940100,2027900,0.0,313600,697500,3017200.0,1086400,110600,971800,7703500,0.0,2370100
2023-04-24,2227100.0,435300,3598900.0,2198600,781900,505900,727400.0,1204500,10035700,7315100.0,4894100,31400.0,1308700,3050800,102500,17217500.0,690100.0,9321800,7235800,3063700,0.0,470400,1296100,3808800.0,888100,221000,1134600,6501500,0.0,3668200
2023-04-25,5860500.0,496600,2842800.0,955800,480500,278500,1268700.0,1370800,17900400,7956900.0,4316700,6400.0,916300,2611400,184400,10495800.0,528700.0,17466300,14420100,1866000,0.0,502400,889200,2577800.0,1834700,262400,1267500,6594100,0.0,3074000
2023-04-26,3544400.0,367700,3224000.0,3230600,706100,302400,1068800.0,1311600,23706800,5850400.0,4487900,16700.0,1097800,1733100,160700,13577200.0,501400.0,16096000,11507800,2442200,0.0,605200,1949600,2512200.0,1305700,161500,858700,7454800,0.0,3650600
2023-04-27,2027400.0,139700,2443400.0,1668600,206900,281800,2488600.0,822100,17137300,7053400.0,3042400,27500.0,423200,983900,124100,13158100.0,682300.0,8550700,5990600,1818500,0.0,515100,2160800,1779700.0,2897300,75200,1226400,4831700,0.0,1528100
2023-04-28,3101600.0,319600,2837200.0,2243300,540200,150400,1306100.0,1022200,13649700,5012900.0,2812300,25700.0,374700,1826600,57400,8297600.0,706900.0,14030700,5835600,1877800,0.0,464000,756500,3065600.0,1404000,119300,760200,6347400,0.0,2113900
2023-05-04,2610600.0,317400,5766400.0,1944800,461000,204200,1983600.0,741300,15659300,4215400.0,5832800,111100.0,702400,2300900,94700,11679100.0,513700.0,15789200,7885400,1791100,0.0,447300,851100,2047500.0,1226800,198800,2491100,7018600,0.0,1285900
2023-05-05,2440200.0,261900,3728300.0,3634700,297500,153000,1343000.0,1015100,10104100,2510800.0,3681100,62900.0,950000,1114200,102200,10767500.0,494000.0,7372100,6936300,3318700,0.0,113900,437500,2155700.0,1172000,36300,660100,5491600,0.0,1327200
2023-05-08,2068500.0,1100400,6157400.0,3023500,308400,244200,4162200.0,2371600,9981000,4567200.0,3883200,49200.0,963500,1166800,51300,11017100.0,532900.0,26572000,9763600,2486500,0.0,1500200,765000,4438200.0,1004800,42600,1101700,4735100,0.0,2782300
2023-05-09,3009500.0,615800,5938700.0,2149800,573800,262800,2860300.0,1093300,21730600,12462100.0,4395400,14900.0,621800,827400,64500,9077200.0,594800.0,12474200,7038900,1880300,0.0,530900,976000,1609600.0,1023000,74200,809200,4433700,0.0,2036000
2023-05-10,1787600.0,533200,3993600.0,5013200,518900,237500,7382000.0,835100,8078300,9021900.0,6554100,70500.0,696600,2118000,90000,23322100.0,406200.0,18122800,13616800,2300800,0.0,334000,518800,5953000.0,911300,208200,826800,8567700,0.0,3727100
2023-05-11,2460100.0,494100,6197400.0,2640800,442500,385400,3368100.0,1223300,13229200,22861400.0,7199000,81300.0,445100,1541900,147900,12245100.0,498400.0,18668200,14531100,2336600,0.0,459000,369600,3252700.0,1014700,131300,412100,5997900,0.0,3200700
2023-05-12,2156800.0,324300,6238500.0,3559200,869300,244400,4118900.0,1343300,44317800,7487300.0,6708400,65800.0,396400,1872000,142300,11578200.0,522000.0,24850100,15748400,2313000,0.0,602400,1081200,4095100.0,1982700,330500,868600,6922100,0.0,3287000
2023-05-15,6205700.0,416500,11646700.0,6270900,899900,366200,4067900.0,2564800,17087600,9181500.0,17462000,500.0,674600,2613600,115000,16910500.0,441800.0,20007100,28555000,6910600,0.0,418500,1586900,10090000.0,4369700,751700,1436500,12504900,0.0,3314600
2023-05-16,1330500.0,358300,5673400.0,2837500,766500,233100,3971800.0,1503500,17266000,6183900.0,6642900,34900.0,331700,2019200,65400,20332700.0,456700.0,18870800,12501900,1961300,0.0,647700,773500,5894900.0,2430100,951700,1308100,6886400,0.0,2195100
2023-05-17,3155100.0,793500,7291100.0,4533500,946100,282500,2296400.0,1561500,25245200,6298100.0,8628500,57700.0,573200,1326900,91900,25237900.0,481900.0,20766300,16430200,3364800,0.0,517900,2976300,4856000.0,2168200,949200,1788600,11782500,0.0,2646800
2023-05-18,3136400.0,478000,4515700.0,4518100,1373800,480900,2154800.0,1861800,17894000,7859600.0,6659500,4600.0,860100,1533100,179900,14771300.0,541200.0,26020700,14402300,3036400,0.0,1434300,3172800,10446800.0,1931700,1064700,2416100,7009100,0.0,3755700
2023-05-19,4006500.0,577700,10036400.0,1982200,979100,817500,2240900.0,1478700,11079200,5631800.0,3793700,50100.0,617900,1566700,67500,31272600.0,484200.0,14956200,22913400,3127700,0.0,416900,1658500,4200500.0,1784500,931700,1059600,6249700,0.0,2683000
2023-05-22,4189600.0,555400,5635700.0,3067100,530200,298400,2486900.0,1704300,14330900,9208600.0,7663000,121600.0,692100,1410500,64300,29026700.0,449800.0,13922600,17164500,9076700,0.0,544900,1507200,4538500.0,1721400,1130100,1598700,11444300,0.0,4185500
2023-05-23,21032000.0,695300,6926200.0,3897600,599900,397800,2524300.0,1633100,12972700,5111900.0,7049600,5900.0,2101200,1467700,144600,19506700.0,490700.0,19683500,16631700,4205200,0.0,535100,1049300,5304600.0,1951100,1073700,2671700,6933000,0.0,3294000
2023-05-24,11048500.0,767100,3761200.0,3821700,464300,413900,2388500.0,1704900,20272100,5502600.0,5545300,22100.0,951300,1246300,116500,25117600.0,488500.0,24777300,21756500,4818900,0.0,342200,848900,5366900.0,1290300,811100,2350000,8335700,0.0,1610900
2023-05-25,8790400.0,655400,5497400.0,3099700,1341300,611300,5277500.0,1669200,13258500,4977300.0,4734100,18400.0,740000,1477500,97500,31823800.0,620900.0,15722000,35282100,2521600,0.0,606600,1607700,3309900.0,1453500,978800,1305500,7299200,0.0,1359800
2023-05-26,8560600.0,544800,22881000.0,1781900,864400,428800,5412200.0,1205500,16088200,10642400.0,3904600,2800.0,757500,882500,70600,20266500.0,580000.0,8272300,11437800,1794600,0.0,283700,1791400,2404300.0,1593300,868400,904500,6988000,0.0,2026100
2023-05-29,16572400.0,668100,6267700.0,2860900,879600,415700,6081800.0,2299100,11091800,8652700.0,5967700,28300.0,483800,2263500,90900,18598300.0,511600.0,17596200,9984100,2765200,0.0,590500,1606200,3875800.0,1381300,516400,1043600,7043800,0.0,2743000
2023-05-30,22595600.0,800800,12351700.0,2948100,1659100,586500,4575000.0,2316000,13457900,8910100.0,6586200,23300.0,946700,4818400,145600,12309000.0,546700.0,14844600,9099700,2100900,0.0,564500,1390000,3850400.0,1315000,538000,1770500,8975200,0.0,3114800
2023-05-31,29153500.0,770800,9515300.0,2714900,839400,405400,3137200.0,1943600,13085700,8681300.0,6883600,16000.0,718500,1975100,157900,27507000.0,537000.0,18626100,15062400,3944600,0.0,380100,1538100,6502900.0,2432000,587100,1466600,7913900,0.0,5544300
2023-06-01,12761200.0,617900,9097400.0,2395200,537300,548100,4252900.0,2472700,10836200,6447300.0,8436200,34700.0,326400,2907500,126100,20001400.0,611400.0,16361000,8842400,4776200,0.0,646300,913700,4251200.0,1526900,491600,1214500,9750400,0.0,4879700
2023-06-02,15030000.0,1202800,11357100.0,8931900,735900,574800,2717600.0,4897100,18866500,13176500.0,32990200,18700.0,936100,5707900,138700,46106300.0,591400.0,27301900,17871000,13798700,0.0,737800,1356400,21473100.0,1731400,592600,2969700,24536300,0.0,2949200
2023-06-05,13842800.0,959100,14976600.0,4445800,1425500,521600,5242100.0,3206800,20044300,16405400.0,19459500,11300.0,2010900,6617800,113300,44911100.0,498000.0,18890400,14176900,5861900,0.0,1297800,1430700,8326700.0,1824300,604000,3323000,13421500,0.0,3292300
2023-06-06,9941200.0,846100,8285900.0,5306600,514000,837700,2652400.0,3518300,11799900,11204600.0,22794800,30000.0,1265200,4665200,126800,30953000.0,608900.0,34323800,17184500,6000100,0.0,759500,1361500,9666600.0,2120200,480600,3423000,14948300,0.0,2329600
2023-06-07,9178100.0,967700,8987700.0,6346700,705800,706700,3304900.0,1879500,55512600,8122200.0,13438700,5800.0,2296600,4745100,205100,40764600.0,531900.0,18172300,12976500,4964100,0.0,749600,1857300,7241900.0,1656100,478300,3719000,16189900,0.0,3217500
2023-06-08,9677000.0,1655400,14019300.0,5165700,1244500,632000,6661500.0,2181900,42521400,8973600.0,13684000,5800.0,1251100,4513900,158200,45928500.0,525900.0,34755100,20255700,5741200,0.0,1339400,2325400,14234800.0,1436100,763300,5036500,16595600,0.0,4427100
2023-06-09,7464100.0,1289600,10745500.0,6111000,680200,288800,3482100.0,2312200,23873600,7825900.0,10356300,27100.0,2410700,4124000,27400,24689500.0,693800.0,22956500,12851200,5315500,0.0,820200,1051100,11068900.0,819000,787000,2080200,9596000,0.0,2895800
2023-06-12,4285400.0,1125600,7018100.0,5634400,519700,490200,3928700.0,2593000,22219200,8049900.0,8998800,27800.0,2600400,7248100,109100,14184100.0,444800.0,17308500,11276200,4136800,0.0,435100,1150600,5712200.0,1711500,750900,5450300,8506300,0.0,3006200
2023-06-13,7969500.0,1328300,6213600.0,3213200,466800,582100,2887700.0,1137000,36944400,3721200.0,10597200,6800.0,1699700,3399100,84600,20571800.0,599000.0,18419600,9048400,3529000,0.0,838900,2370400,5855200.0,2112100,1037500,4943400,9666700,0.0,3192200
2023-06-14,8030500.0,1334800,8346200.0,8423300,658600,760100,3036900.0,2281900,23475800,3990700.0,10935300,40400.0,2339300,3321400,203200,49010700.0,564900.0,25250900,16588600,5374800,0.0,840500,2455300,10432000.0,2242800,1357500,4910200,25385000,0.0,2863500
2023-06-15,5405900.0,823400,8864500.0,7183600,798600,1299100,2114000.0,1730300,17473300,5132400.0,9499700,11500.0,1224800,2810300,108600,21630700.0,738300.0,14244700,11049600,3863700,0.0,912200,2453200,6601200.0,2114700,875300,4687800,9431000,0.0,2922300
2023-06-16,14410500.0,1441500,9059000.0,7432700,2231500,589800,4286900.0,3510800,33010000,4819700.0,13940800,32800.0,2124500,4410000,234900,42911900.0,631200.0,34448400,44855200,6928400,0.0,1331800,2452000,9142000.0,3878900,872500,5993000,33727700,0.0,4575800
2023-06-19,4658700.0,796000,4044100.0,3404700,663200,637900,1976400.0,2289700,13180900,5251700.0,7035800,59100.0,1152200,2063100,129400,39105500.0,608900.0,15014000,8516000,3674300,0.0,1139900,1528500,4677500.0,2316600,633600,3279400,12070100,0.0,2841300
2023-06-20,5637600.0,812700,6641100.0,2781600,944500,508200,3514200.0,2589900,14608300,3830800.0,5486900,6700.0,605600,2476500,97800,18451100.0,715500.0,19253600,10685100,2084400,0.0,1781600,984300,5205900.0,1464500,775800,2963000,14470100,0.0,1913900
2023-06-21,5482100.0,812800,10599600.0,4570200,705800,483500,7490700.0,1644700,35605900,10817600.0,6046900,5100.0,1015400,2565900,136800,24787400.0,648900.0,19258600,16888300,2506800,0.0,1187900,2367700,8393200.0,2070400,840600,3490900,8111300,0.0,2665100
2023-06-22,7973200.0,1284000,15417600.0,5102500,1019700,812800,2912600.0,2142600,23036300,11207100.0,14809200,9400.0,850900,4105500,145800,20290400.0,708300.0,15245600,21640300,4395200,0.0,716500,1914900,8928600.0,1626300,689500,5610600,12409600,0.0,3347500
2023-06-23,11433200.0,1911900,11712500.0,4983700,822000,628300,3351700.0,2048700,29157300,16968400.0,12309000,11700.0,1600600,2158100,198600,21561700.0,997100.0,12483200,16889100,4144400,0.0,705200,2159900,5935300.0,2178900,551700,11958000,42322900,0.0,3438500
2023-06-26,11784600.0,1225100,8862600.0,6462100,859400,942400,4848900.0,1944200,20399200,5635300.0,10578300,27500.0,981300,5457500,139900,22108100.0,758100.0,17384100,31159200,4044900,0.0,807200,1422100,6614000.0,1524700,915900,10737800,16576800,0.0,5157200
2023-06-27,5619900.0,793800,7186200.0,3656100,1540400,510600,3248900.0,1765100,19943100,4646300.0,10740400,42600.0,685500,2478000,194600,11679200.0,738800.0,20384500,11224400,3665500,0.0,685900,991900,4437400.0,2488300,694000,5978900,14429100,0.0,7670300
2023-06-28,8230200.0,2337400,6517200.0,8631900,964900,762500,2681300.0,1909900,30313300,6129400.0,20851400,14500.0,691700,3989700,84800,16756900.0,666300.0,16422600,13693600,4303400,0.0,821200,1388900,4521100.0,1893500,688500,6154700,16754200,0.0,4161800
2023-06-29,8151200.0,1582000,8947400.0,5201200,562400,710100,2831800.0,3030800,36803700,6885300.0,14003400,25600.0,1147500,3289500,179800,16040200.0,779100.0,19941700,14837600,3538900,0.0,640600,1247700,5794700.0,1628300,667300,7698400,18446100,0.0,5475500
2023-06-30,5117900.0,975000,6284200.0,5601900,733500,681400,3108600.0,3043000,23068600,2664600.0,6684900,11000.0,866600,3505400,152700,11530000.0,601700.0,14517400,8144800,2448500,0.0,556600,1458000,3321000.0,1743900,658000,3645000,12376000,0.0,2611800
2023-07-03,4029900.0,1085400,3766100.0,3179400,1039600,380900,5805100.0,1849600,17057100,6834200.0,9793600,8200.0,646200,1799500,78100,34880800.0,724200.0,13141200,7045400,3753900,0.0,490100,1043500,2700100.0,1866100,1055700,3186200,9808600,0.0,3200500
2023-07-04,4346600.0,1183300,10993700.0,5105500,1328100,498400,2821900.0,1666900,19728200,5855500.0,6877800,3700.0,823200,4437300,99000,29818700.0,693500.0,24381900,17233800,4327000,0.0,682700,1450100,2871700.0,1359600,771000,4781600,7339700,0.0,2531500
2023-07-05,8124400.0,1294400,5434300.0,3596500,1787300,410400,5028900.0,2811300,31804000,11586400.0,12998200,5700.0,1395400,7263000,80000,16471900.0,582100.0,15873600,14555700,4323800,0.0,953900,1622700,7419400.0,2479200,864000,6659200,20485400,0.0,5712700
2023-07-06,6424400.0,1337000,8462000.0,6343400,1517000,1374300,4824800.0,4066200,27611200,6294400.0,15187700,16400.0,964100,4541700,91400,26816000.0,615700.0,26806400,26337200,6311500,0.0,1021000,1405400,4085800.0,2599600,771500,7631000,16274900,0.0,5699100
2023-07-07,7142800.0,880100,5783100.0,3913600,896300,672500,3953400.0,2186200,22614600,13480600.0,11916900,13400.0,1421500,7401500,203600,25163700.0,674700.0,14796500,9708200,3274400,0.0,1064800,1220500,2523100.0,2941600,768600,5780500,8345400,0.0,4102200
2023-07-10,9032000.0,4620400,20619400.0,6962300,1154300,1125900,4114700.0,3252500,24267700,19497200.0,16787800,66300.0,2345800,10232900,197800,21295600.0,877700.0,30633600,11191900,4982800,0.0,915100,2150300,11490000.0,3345300,834800,6171100,15275400,0.0,5570100
2023-07-11,8848500.0,2620200,7637800.0,14508800,1091300,719600,3498200.0,2771300,24014300,14039500.0,17352800,44100.0,2849800,8177100,203500,20698000.0,932400.0,27100700,17902700,5708100,0.0,887600,2615400,5398000.0,1927900,818400,5702300,19607100,0.0,8710500
2023-07-12,5185000.0,2332100,12299700.0,6313800,904900,568500,3022300.0,1460900,27758200,13453900.0,13112300,34700.0,1607300,4791400,99000,20320400.0,562300.0,23044800,32137800,4341600,0.0,742800,2185400,5051900.0,2295600,842800,4195800,13715900,0.0,15357900
2023-07-13,6741100.0,1884600,9424200.0,5302700,1252400,1368300,2504800.0,1681400,14006900,8028400.0,17942000,49600.0,2671400,4813500,206700,15370000.0,892400.0,16156700,11703900,4412100,0.0,928300,3010000,4163700.0,1894000,1482400,3783500,16403200,0.0,7072900
2023-07-14,6897700.0,2606100,8638300.0,7967000,2822800,695200,2386000.0,4626100,17078400,13121300.0,18525700,30800.0,1690600,5904700,119200,17825300.0,666800.0,16102800,74861904,4472000,0.0,797700,2054200,4546300.0,2013700,1712900,5209700,17478700,0.0,10208600
2023-07-17,6533500.0,2231500,7129500.0,6581700,1153300,514100,2698400.0,2931400,12534900,9897800.0,11006300,87100.0,1453800,2785300,121100,12225400.0,639100.0,14468100,41707400,3652700,0.0,791600,4267700,4294800.0,4605500,785000,3922800,34232500,0.0,7289900
2023-07-18,6780400.0,1667200,5184900.0,4570900,718300,742300,1472600.0,3376800,12402500,9243300.0,7522800,19600.0,1274400,4613000,123200,24216300.0,882200.0,12415400,23016500,6508500,0.0,590000,2908900,4950300.0,2091900,908000,2930000,37316000,0.0,5731200
2023-07-19,9552300.0,2329500,8499100.0,6740400,708600,526000,3177200.0,3317800,15378300,10867400.0,11684700,19700.0,1370700,3483900,151100,14338100.0,642500.0,10046700,11967700,5556900,0.0,926200,2216000,5286700.0,1816000,791000,2945100,22965200,0.0,7742000
2023-07-20,6284600.0,934600,5494900.0,4593800,2294300,562600,3169600.0,4674400,30865300,4604600.0,6450600,23000.0,2335700,5454300,111000,25642800.0,706700.0,28832600,27253400,5263800,0.0,771600,3588400,2845000.0,1893800,942200,2600700,19553900,0.0,4272100
2023-07-21,6679400.0,1422100,5515400.0,5537400,1273600,532600,2070400.0,3817000,18455900,5128100.0,8385700,21400.0,2083200,11731700,122400,37116300.0,866000.0,16462800,29526800,5206200,0.0,663400,3603800,3178000.0,2324800,954200,3341800,28604200,0.0,5092900
2023-07-24,6759900.0,1970000,8978500.0,5164400,1172700,539100,1992800.0,2302500,17164400,9879000.0,8951300,38400.0,2678700,4072400,232100,23603900.0,819900.0,14535600,17378100,4832200,0.0,808500,2048800,7571200.0,2621700,914700,2535300,24112900,0.0,4770700
2023-07-25,13703900.0,1621600,9059100.0,6091900,1056900,413300,2336100.0,3664100,20225200,7893400.0,9542500,17800.0,1938900,4429400,379300,19097700.0,1010500.0,14449000,19697700,13269100,0.0,2374800,3619300,5603600.0,3804000,1084400,4245900,26110300,0.0,8777400
2023-07-26,5967200.0,2329100,6451900.0,5544100,1270800,390200,2299500.0,2965200,22868600,3729500.0,5932000,26400.0,1719300,5446900,199200,14670100.0,1035900.0,12780300,13249800,3413000,0.0,1146400,3075200,2564500.0,4119700,720900,3189700,17436600,0.0,2785400
2023-07-27,7207700.0,1369700,7545000.0,7921500,1417700,468200,2587700.0,7347400,21315900,9148000.0,9462200,10700.0,1846200,5823100,151300,20487700.0,837100.0,16465600,21100800,7797000,0.0,957200,2724000,4282400.0,3932500,765600,4178200,17807700,0.0,6087800
2023-07-28,8610200.0,1754600,9772100.0,5219800,898400,537300,3955800.0,2838800,22702200,6073300.0,7023300,7000.0,2241800,3871700,324400,15324900.0,1067700.0,13130200,19908800,5630800,0.0,1116900,2867200,2700100.0,3550200,846400,5473600,18133600,0.0,6500400
2023-07-31,19206000.0,1873000,21686800.0,5765900,1471500,1189900,2665400.0,3003900,45529400,5357400.0,9975800,28500.0,2580800,7864600,275500,19314300.0,1397900.0,15219300,21200800,7648800,0.0,1468300,5506100,3765500.0,10561900,1042200,3364900,19655800,0.0,11601500
2023-08-01,13714200.0,3814100,14059200.0,14243700,1287300,608900,3020300.0,4472400,28011400,9363900.0,14322700,32900.0,1843700,7531800,132400,21059400.0,1360600.0,16376600,41823000,8659400,0.0,1281600,6553500,6111700.0,12259300,776800,5730800,25773800,0.0,7960600
2023-08-02,12406100.0,2355600,19080100.0,13339400,996300,330500,2040200.0,1483100,18524000,9798900.0,6157300,2500.0,2264000,5318300,122100,19386700.0,2962500.0,11458900,18419000,4644300,0.0,1055800,3438900,5556600.0,12347800,723200,2678900,17047500,0.0,4972700
2023-08-03,17006600.0,2094400,13079400.0,8078000,907900,451000,1908000.0,2243400,58029600,8054100.0,11080500,52700.0,1880500,7997000,280200,15685300.0,1007800.0,15210400,20537400,4171200,0.0,837900,2944400,4021900.0,7522800,830800,2917600,15903700,0.0,6526000
2023-08-04,18672300.0,2196000,8212800.0,7557300,1618900,544800,2347900.0,3101900,22170700,5026100.0,14888400,32200.0,2037600,7529400,245900,42082400.0,5277700.0,14992000,18096200,12322800,0.0,1231600,4715000,5848700.0,21210800,1195400,3165200,15491700,0.0,4925300
2023-08-07,28085700.0,2004700,6995800.0,13001900,752500,351200,4317300.0,3127800,23091900,20336600.0,15213700,13400.0,2407300,6494400,285100,26413300.0,1557500.0,15093300,49624600,5256500,0.0,1111700,3395500,8288500.0,8090300,841800,4317900,20240800,0.0,8302400
2023-08-08,15266300.0,2104900,8122100.0,8764800,636000,529700,2682200.0,3477800,25568400,11401800.0,9235400,25400.0,2451900,5735000,168600,23779300.0,3616100.0,11628700,15546300,5539100,0.0,823400,5300400,4112600.0,11056400,810100,3430500,13851300,0.0,17958200
2023-08-09,15555900.0,1802300,8032700.0,8014100,982700,371500,2606700.0,2485900,42662800,4068400.0,10704200,36200.0,2415600,8966000,127500,18462400.0,1336700.0,16620200,37815900,4668500,0.0,591600,5591000,5295000.0,9768400,649600,3705000,21337900,0.0,8737600
2023-08-10,12692000.0,2612100,13464900.0,7995700,1343300,771900,3053500.0,1974900,17064700,3757400.0,9206500,34400.0,4724500,4979900,180900,20079800.0,1210600.0,23382100,13398600,6166000,0.0,1336100,4743100,5056400.0,7897700,828200,2733200,19843500,0.0,7608100
2023-08-11,9157400.0,2102400,11036800.0,6909000,1142900,344200,3906500.0,2731900,23382000,4534100.0,8673900,30800.0,2070900,6318800,187300,20189600.0,2872700.0,27536000,33178800,5907600,0.0,920800,4792700,4837400.0,23093100,850500,2181300,12402500,0.0,10672900
2023-08-14,10439500.0,2117100,7126400.0,6370100,1014100,549300,2159100.0,2092200,44946400,4371200.0,8091000,29300.0,2720900,9615900,163000,21803200.0,1056600.0,30333100,16893000,4574500,0.0,1471800,6216300,4448000.0,12704000,1032300,3066500,11667300,0.0,6375800
2023-08-15,6458700.0,1658000,11719600.0,5240600,1675600,326400,2436600.0,1809300,17938500,4063600.0,5612500,6800.0,2240300,8379700,147600,14745000.0,937900.0,13184400,16928700,4610800,0.0,1148500,5687200,2716400.0,14765300,823200,2219700,18407400,0.0,9339500
2023-08-16,8397000.0,1353700,12191700.0,6372500,2595400,403400,2035600.0,1760000,14994500,7086800.0,9752400,15700.0,1866300,5141100,218500,16732100.0,1029300.0,14335800,44953500,13197300,0.0,727300,6366900,3716200.0,19414900,744100,2083900,39587900,0.0,11804900
2023-08-17,7675000.0,1666000,8273100.0,9762600,3693800,416400,2629500.0,2543900,46604700,9180700.0,7913000,18800.0,1386300,7226900,193600,17716400.0,1255400.0,59158400,11357300,5308300,0.0,2145100,5437100,4211300.0,22232600,962200,4580900,15635100,0.0,9882000
2023-08-18,20451400.0,2845400,18078900.0,13696200,4243700,905200,4869000.0,4760000,46358400,16207500.0,22006600,36500.0,4020300,14262600,305400,37958200.0,1079800.0,46437600,45150600,13220000,0.0,2430400,9562100,8892200.0,26621900,1127200,7106200,34224900,0.0,13778500
2023-08-21,7974800.0,1810000,8259000.0,9913500,2452800,451700,3048800.0,4696500,31441300,27603400.0,9217300,48500.0,2250500,7064800,208300,26208600.0,1041000.0,35538400,35255100,5356600,0.0,1710900,5229200,5020000.0,22403700,1071900,3055200,12657600,0.0,4805500
2023-08-22,9067900.0,1287500,7178800.0,5795100,2330300,598300,2986700.0,3152000,35171700,9434700.0,8055700,56200.0,1849900,10145800,390700,17962900.0,1193500.0,51810600,32920900,6716400,0.0,1825000,4567100,5541300.0,13120800,956800,3075100,21183300,0.0,4756100
2023-08-23,5544300.0,1363100,5441700.0,4377400,1418500,724300,1001100.0,1948100,21774300,3710500.0,5796400,9900.0,1456000,4957900,353200,16809600.0,1232900.0,32898700,38653900,9087900,0.0,1754800,6684500,3218000.0,20341500,878400,3072800,14416600,0.0,4721200
2023-08-24,5311100.0,1360100,4932500.0,5036900,5251600,553400,1837300.0,2153600,16596900,6591700.0,6694700,3300.0,1756900,5727600,609400,14319400.0,1145300.0,38295900,14088400,4814900,0.0,902800,4647700,3456700.0,16616200,841700,4419900,9969500,0.0,3207200
2023-08-25,5378200.0,1174700,6692100.0,8626800,2791400,539600,1642900.0,1763200,21847700,6036400.0,4769800,4300.0,1178100,7139000,430600,13010600.0,874200.0,32433300,17148500,3638000,0.0,1404600,5129100,2583600.0,17900300,907800,2751400,16068000,0.0,3335600
2023-08-28,5156300.0,740300,7399200.0,5411300,2950700,687500,2407500.0,1827900,22819800,4751400.0,7012700,10900.0,1100800,8495500,286700,16026400.0,1119000.0,26966500,18709800,4017200,0.0,1378300,5223400,2432100.0,16715600,1039100,5466800,11608800,0.0,4409300
2023-08-29,5774700.0,1359600,8244200.0,3726400,1547400,543100,2319700.0,2955000,17969600,7693400.0,9455200,12300.0,1728500,8303900,275400,19938200.0,1749800.0,35197500,17672400,3702500,0.0,1391900,5305400,3821700.0,20650300,778500,4199900,16213200,0.0,2829900
2023-08-30,7222100.0,1123800,5926900.0,7395200,2360700,426600,2164600.0,2390100,20143600,4373000.0,6958400,17400.0,1580000,7312500,279300,14692100.0,1416400.0,24980800,27237000,4267500,0.0,1350000,5033400,3306400.0,24550800,838400,2659700,9352600,0.0,6019400
2023-08-31,7206600.0,1668900,6861700.0,5272800,1403700,573700,5976100.0,3855000,25934100,5683300.0,6532600,9800.0,2545900,5206100,295100,18939200.0,1484200.0,17637700,18726700,4121700,0.0,1531200,6420400,3262600.0,14984700,714200,3836000,14336300,0.0,7227600
2023-09-05,7626800.0,1362300,10250900.0,5968600,1439600,420600,3268500.0,5114500,24501600,4447300.0,21471900,72000.0,1426200,8353500,335400,35375400.0,1408600.0,27135900,22518900,7998900,0.0,1942200,9060200,4459300.0,13059500,1412400,6839900,14495100,0.0,4953600
2023-09-06,4778100.0,1178700,14870200.0,4463900,2491000,547900,3422100.0,3689900,52574600,3169700.0,13817100,18300.0,1831100,5121300,239300,21253400.0,1317100.0,19656200,23144500,4653200,0.0,2017600,9771600,4318700.0,19411000,1019200,2280400,23267300,0.0,4059600
2023-09-07,9854900.0,1172700,8675900.0,7773500,3249600,911900,5152000.0,4474200,33671800,5530900.0,22260900,31700.0,2102600,5993300,235200,35277000.0,1525300.0,21471400,20729300,9044800,0.0,1765300,8725600,6195400.0,16127800,904000,3526700,20570900,0.0,4593600
2023-09-08,5525800.0,1600700,12895200.0,3674400,2115600,548900,3404000.0,5683200,33793700,2194800.0,11166600,8200.0,3064800,7805800,285700,20588000.0,1274600.0,16656500,18547100,4602900,0.0,1341900,10428600,3898100.0,28220800,854100,2774900,16766200,0.0,5885800
2023-09-11,10535900.0,967200,12967300.0,7492500,5149800,371800,4406700.0,8078300,47697500,14491100.0,15039500,3200.0,3008800,8457600,844600,33796000.0,1577800.0,34427300,32699500,10812100,0.0,1649500,8473600,5297000.0,16362000,1231700,4234900,38037700,0.0,5687100
2023-09-12,6681500.0,991700,10103800.0,3929100,2680700,588800,2385000.0,6726100,22615400,3006000.0,10919700,9800.0,1513100,4794300,482800,22481000.0,1260400.0,37129000,14337200,4935900,0.0,1572100,7418400,3756000.0,15067200,1000600,2668500,19787600,0.0,3974900
2023-09-13,6938800.0,1201100,20255700.0,7999400,2889300,1296300,5665700.0,8030300,49193400,2769100.0,13465900,17000.0,1618400,16051000,685100,20550400.0,1634000.0,35639800,17037500,4978100,0.0,1582000,11950900,11135200.0,16321000,980200,2507000,30576700,0.0,6439000
2023-09-14,6192000.0,1873900,13367300.0,14125200,2319700,552900,2618600.0,6838600,34684000,1979600.0,14933100,35500.0,1810500,8439000,1162600,28077200.0,1252600.0,33908800,14940900,7642600,0.0,1512600,11640900,21459100.0,26861000,1017700,2482600,23071700,0.0,4132300
2023-09-15,5249900.0,1054000,11402400.0,6484800,2134800,793000,3130300.0,10132500,24750600,5330300.0,26331800,4500.0,2314600,7838900,511300,24922900.0,1225400.0,23626000,34137000,4523900,0.0,2142400,10515400,12877300.0,18952400,936500,5614800,24180400,0.0,4727700
2023-09-18,4363000.0,1446600,8865800.0,8699100,2026900,469500,4330900.0,11791700,20891200,1698100.0,11785300,10700.0,1009600,6610200,483600,18750500.0,1149800.0,25487500,15196000,7730100,0.0,718100,5100700,11720000.0,11462100,876000,1322100,17640000,0.0,6121000
2023-09-19,8079400.0,1189600,7289000.0,4883200,3583600,404100,2540100.0,10940200,21032900,5220200.0,11543100,18200.0,1116700,8835900,665800,25801200.0,1159800.0,19558300,33669800,5864300,0.0,1117200,7523700,7625100.0,12789300,928300,2571700,13549100,0.0,5600300
2023-09-20,5294700.0,673300,7643400.0,6669400,2444800,428400,6505800.0,8736000,26600700,2278500.0,8913100,6200.0,2339000,6834800,523000,15624200.0,1138500.0,22951800,10589700,3426300,0.0,786000,4516100,5587700.0,11801500,919700,1842800,14203800,0.0,3875700
2023-09-21,5426000.0,915200,11002200.0,5997300,3419000,774100,4683800.0,8719500,42921200,3286600.0,12591900,4900.0,1493900,9500900,480400,17850800.0,1567700.0,49186800,31019800,3165600,0.0,1066900,5187600,8837800.0,8502600,1105700,2537900,10971400,0.0,3301100
2023-09-22,9793000.0,1822500,14913300.0,8222000,6861000,730800,5376200.0,7117400,50583500,4930900.0,18963000,6100.0,2281400,11804800,463700,35085800.0,1148300.0,69559104,35946000,7542500,0.0,2408600,7962300,10630500.0,17451900,854100,4244900,19598000,0.0,4715500
2023-09-25,7623000.0,1038300,15504900.0,6721400,2097100,507700,4890300.0,8750100,36873300,3680100.0,13427000,9400.0,3403100,7693400,226500,25602400.0,1223500.0,42948600,25662800,4230500,0.0,2210400,5318000,7549000.0,16835400,1111400,2755500,14432900,0.0,4484800
2023-09-26,9404200.0,1121800,9515600.0,5255800,2154100,441600,7147500.0,9384000,30838600,2884200.0,11092100,15800.0,2269800,8271400,414000,21999300.0,1471300.0,38702100,17056300,4755900,0.0,1663200,4072300,5082700.0,15113400,1427400,2534600,18954700,0.0,4905100
2023-09-27,5685000.0,1079800,13196000.0,3648100,4510400,570500,4359100.0,6437000,20325300,2778600.0,8671600,4700.0,2155500,4904400,509500,17665700.0,1173200.0,32046400,19340500,3553500,0.0,1204900,6501300,4434900.0,8890400,1060300,2273300,12676000,0.0,4127900
2023-09-28,4991800.0,695600,15845500.0,7874400,1764400,924000,2073300.0,11970300,16562600,2691900.0,6705800,24200.0,1700600,8909300,452200,13798000.0,1225400.0,27911500,29418900,6556500,0.0,1065100,3414400,4040600.0,6887100,2192600,1889300,13128800,0.0,4514100
2023-09-29,2338700.0,542600,8850500.0,5350700,1635300,596500,1955800.0,10383800,15019100,2530600.0,4152200,7800.0,1276500,4945900,361200,9411500.0,1031800.0,19989100,12280500,2907800,0.0,449300,7289300,2514400.0,13568000,2086400,1403900,8454600,0.0,4626100
2023-10-02,3809300.0,688100,8264500.0,5334700,1137500,289100,2740700.0,7123300,11412300,1523300.0,4522900,9000.0,2722000,4207600,218300,9452300.0,939800.0,17212200,10885000,2138300,0.0,765700,1820000,2044700.0,5084800,1381000,1159900,11272900,0.0,3579500
2023-10-03,5507600.0,1336300,19953000.0,7705100,2006900,546000,3931200.0,10069400,40638000,2955600.0,11258300,46700.0,2189000,8976200,608100,22388900.0,1016800.0,42246000,33380900,4650100,0.0,882600,4660300,6560300.0,12896800,1128200,1993700,12856900,0.0,3301100
2023-10-04,3178300.0,892900,8569800.0,3077200,1591700,603600,2046900.0,9190400,21095200,1933500.0,7412300,1900.0,1448600,4826800,335600,10565200.0,1065300.0,33560600,20419400,2796000,0.0,923800,3469300,2222100.0,6718300,894600,1077900,6975100,0.0,2343000
2023-10-05,3350700.0,526100,14260000.0,4884500,1369100,589900,4016400.0,9319700,10424100,1968700.0,7416600,47400.0,877900,6348200,185000,9199400.0,898500.0,22264000,10308800,2442600,0.0,890000,2701500,3397500.0,5358200,981300,2571400,5682000,0.0,1977600
2023-10-06,2440800.0,555200,9789200.0,3154500,1147700,350400,2399800.0,7610000,15250000,5452000.0,4861600,5600.0,2313000,5188100,320300,10540400.0,1179700.0,26498900,13108100,2551600,0.0,800900,3431800,3185400.0,6192900,780000,1227000,8351000,0.0,1952100
2023-10-09,8978000.0,699800,10607300.0,1901900,3657000,514800,2436000.0,8401500,11432000,2952100.0,11157200,10200.0,854300,6457800,438200,8030100.0,907000.0,21954400,9199800,2793700,0.0,1096100,3861300,3435600.0,4889700,754000,830900,13601600,0.0,2015300
2023-10-10,6535100.0,876600,11108600.0,2970400,3255500,986100,3350400.0,7854100,20004600,3943200.0,7369700,400.0,926500,4821300,596000,9836600.0,1005100.0,27779700,11506300,2660000,0.0,734100,4834400,4137800.0,5861600,904500,1023900,11693200,0.0,2641400
2023-10-11,2844500.0,1117500,10691400.0,1759400,2358200,658700,2187000.0,8956800,13502200,1906200.0,4804600,5800.0,909700,3478300,532600,5611200.0,825400.0,23560400,8374300,2199600,0.0,719400,2919100,2056200.0,3629700,791700,1134400,8928600,0.0,1089400
2023-10-12,5633800.0,1015900,6984500.0,2092400,1881200,639900,3522600.0,6639300,22054300,3532000.0,5444000,1900.0,1055400,13700700,526200,9658800.0,1121100.0,18148200,8160500,2464200,0.0,714100,2450500,2660900.0,7710800,853700,2534800,10399300,0.0,1740500
2023-10-13,4691800.0,1027000,8072000.0,1457500,2362100,431800,4293700.0,8262000,19572000,1862800.0,5817700,2600.0,1242300,9845400,605600,10665600.0,1132900.0,22031600,11308800,1949500,0.0,663100,2577000,2006100.0,5057900,1313700,1487000,13714000,0.0,1652100
2023-10-16,4219800.0,973400,12555900.0,2025200,4974600,874500,3658400.0,7670600,16205000,2722200.0,5461500,9500.0,1004000,8502700,664200,8104700.0,809700.0,28362600,25870900,2476400,0.0,332300,3271400,3519200.0,4839400,822700,1344400,26096800,0.0,1709400
2023-10-17,3657500.0,978500,11428200.0,1650400,2420100,454400,3992400.0,9323500,14705500,2376600.0,5442800,13700.0,727500,7887900,352500,6011600.0,877600.0,19536600,11770400,1820000,0.0,363400,2398500,2708000.0,4845000,941400,1421900,25974900,0.0,3254700
2023-10-18,6208800.0,1455600,11902700.0,2125400,6142800,792800,3600400.0,8172200,30930100,4014000.0,10950900,38800.0,1882700,11414600,511400,16578300.0,1230500.0,28495000,20147600,4719900,0.0,1147400,3856200,3454800.0,8869200,1297400,2572400,39738000,0.0,2937600
2023-10-19,6209300.0,1169600,7201600.0,1810200,3029400,638800,3130900.0,7931200,20808100,2768200.0,5647000,16700.0,2406000,8072300,289500,12093800.0,1154000.0,28868500,20421700,2785000,0.0,1363600,3733500,4219200.0,5382400,1009700,3904700,11470700,0.0,2838000
2023-10-20,3670300.0,978400,6492100.0,3602000,2863200,812700,2896100.0,8989100,16369100,4017400.0,5181500,18100.0,1883100,7022500,209500,12147300.0,1103200.0,28197400,18953900,2434100,0.0,938400,3190400,4006400.0,5953100,897600,2371800,10805700,0.0,1936300
2023-10-23,2398300.0,706800,5232200.0,1587400,1971700,467400,2482600.0,8449800,11948700,2591600.0,3717700,37400.0,2129600,8575600,315200,10820700.0,1417900.0,15339400,13702000,2788400,0.0,966600,5685400,2705800.0,4900400,1069900,2725900,13595100,0.0,2251100
2023-10-24,2550700.0,915400,6975000.0,2467900,1612400,348400,1732000.0,7780000,9713100,2520600.0,4385200,40800.0,1638700,8218500,175100,12194300.0,1641200.0,14254500,11931200,2173100,0.0,994000,3181700,2062700.0,2821800,890700,1099500,5469700,0.0,2105000
2023-10-25,2487200.0,741800,11343700.0,1749000,1836500,329400,2486500.0,7664200,12062100,2389300.0,4493500,37700.0,1385400,4769400,223500,7658400.0,1120500.0,14381400,8074600,2122800,0.0,660100,3919900,2265100.0,6225600,851600,2423700,5160700,0.0,2808000
2023-10-26,12593400.0,1976000,16616900.0,5974000,5909500,1072900,4302900.0,5933000,31030600,6745700.0,12351800,30600.0,3585400,15050000,389100,29068200.0,1199500.0,54159900,40837400,6676400,0.0,1420300,6085900,6121400.0,15106800,793900,5201700,17363600,0.0,9247600
2023-10-27,3180900.0,894500,6782700.0,2901000,2034800,377800,1471800.0,7208200,15016200,6436100.0,9068900,87900.0,4376500,4691100,997300,11621700.0,1194400.0,20052100,16878600,3872700,0.0,773400,18173800,2493400.0,13998100,800300,1811000,5693300,0.0,12955400
2023-10-30,3856500.0,540600,5292100.0,1730500,1869500,256600,2345000.0,7632500,16173500,1800600.0,3338400,38500.0,2162100,4251000,379900,5736800.0,1000000.0,16792400,21271700,6594400,0.0,592900,6757600,1744300.0,6062800,704100,1047000,4922200,0.0,5403600
2023-10-31,3489400.0,545000,10406300.0,2833300,3087200,355200,2313300.0,7865700,20792000,3678500.0,6590100,64500.0,2913300,13208100,840800,11478500.0,1085100.0,36435600,27998300,6087100,0.0,1345300,7711700,3627700.0,5938400,1038100,2183600,6938600,0.0,5812200
2023-11-01,4832800.0,350900,6999000.0,3039100,2175200,296600,1479400.0,7256900,19143800,1942900.0,5320800,97700.0,1807900,21092800,735700,13699300.0,1198400.0,30977100,8556100,4479300,0.0,1479100,9750000,2414700.0,4618900,905400,2337200,4810600,0.0,6236700
2023-11-02,5148100.0,690200,10617900.0,2371900,2204000,444700,2148500.0,9040800,26641800,2024500.0,6927200,42500.0,1571400,21181700,719700,19000100.0,1030900.0,27480700,15521400,4705900,0.0,1057500,9139400,3078900.0,6047500,754300,2390200,6159200,0.0,5800700
2023-11-03,4885400.0,563400,6802200.0,3559600,4842300,455300,1245300.0,15668700,20498300,3395500.0,11866000,42500.0,1619400,12409700,745600,14074100.0,2027400.0,25384900,18856700,8102700,0.0,1086600,8269500,3335500.0,4094900,1021600,1692700,13532500,0.0,12592000
2023-11-06,3789100.0,586900,4932200.0,2337400,1210100,415200,939200.0,9612600,20380200,4481100.0,8669400,39500.0,1132500,12639800,571800,17260100.0,994000.0,17861300,26745600,3301400,0.0,774800,6337500,2530600.0,4294000,1241900,1136800,9583200,0.0,5406700
2023-11-07,2325400.0,531300,8803400.0,2277600,1340200,309800,1632000.0,9459300,19861700,1761900.0,4536900,72400.0,1583400,10423200,441800,13519700.0,1441000.0,18329600,11144900,1508300,0.0,413900,4440500,2331500.0,4222000,886300,1474700,6341900,0.0,5320400
2023-11-08,7911900.0,966700,12954900.0,2934800,2943200,504300,2532900.0,10381300,34851200,2267100.0,10717500,12400.0,2102400,19608000,924800,24198400.0,1082700.0,31630200,20906400,3874600,0.0,1270300,7703900,3581400.0,4749500,999200,2339600,13583900,0.0,5845600
2023-11-09,4763900.0,756700,6936600.0,4606900,2110200,628100,2562000.0,10084300,31361600,2153700.0,9726700,36300.0,1616400,12143300,1035500,20231400.0,1259800.0,33982300,22227400,4253500,0.0,1166800,15459800,3009100.0,7308000,921800,3420100,13599100,0.0,5772800
2023-11-10,5047700.0,627400,7611600.0,3477700,2406500,525700,2241300.0,11128800,28030400,2195500.0,12805000,47400.0,1581800,11053600,740700,18138000.0,1383800.0,32344200,13739800,4074300,0.0,1352000,6520200,3971200.0,5103200,934500,2833100,12157400,0.0,4353000
2023-11-13,3415300.0,473900,6090000.0,3129500,1532100,306300,1633900.0,10662200,44000700,1423800.0,6653200,12800.0,1203300,9192300,573500,12017700.0,1514800.0,20864700,15892800,2458800,0.0,937700,7225100,2970600.0,3953800,1040600,1730800,10465400,0.0,3840800
2023-11-14,10301200.0,1571600,6252100.0,3732500,1997800,445500,1361200.0,9038100,23257200,5219900.0,13834400,22900.0,1533100,15235500,734800,32216100.0,1662400.0,23240100,18566200,3979700,0.0,987500,7497400,6810100.0,3845100,850500,2996000,12703100,0.0,3670600
2023-11-15,32333400.0,1449200,7030100.0,5373200,2417600,823800,2589000.0,10047000,34617300,2333400.0,13588700,57700.0,3867100,10338300,1323600,31704700.0,1457100.0,26908500,16567100,3671500,0.0,4067800,8585400,5371600.0,6206500,921200,3949400,17930900,0.0,3942600
2023-11-16,8080900.0,970300,6887900.0,2244100,1906300,652000,936200.0,7934600,16261000,1233700.0,5071800,25400.0,1450600,10534200,740900,11150500.0,1651000.0,19053100,9783300,2240400,0.0,1284800,5394800,2604300.0,2341300,902000,2338200,9904000,0.0,4276100
2023-11-17,12350400.0,1209700,12437000.0,4281100,3567900,778800,3491800.0,7864400,38532000,2536000.0,13289500,10100.0,2889900,10996900,978300,26957600.0,1590300.0,29287800,22164800,5082600,0.0,1588000,16313600,4530700.0,11573200,903200,2335800,15196300,0.0,8229200
2023-11-20,10207600.0,809800,5285900.0,2168700,1656500,572600,2992800.0,7708400,18250000,1883600.0,8981200,21600.0,1336400,7558500,659500,17133900.0,2117700.0,26502900,16240800,4320400,0.0,1098400,4897600,3187300.0,4304300,1043300,1770000,11870100,0.0,4059300
2023-11-21,3711000.0,824200,7578900.0,1837700,1460700,379300,1338500.0,6718100,26703200,2392000.0,5856100,10300.0,1393000,5778700,563600,8852800.0,1517100.0,17289800,7021500,2243600,0.0,1151400,4789100,2033600.0,2852100,885500,2959800,8679600,0.0,4601900
2023-11-22,4392400.0,738100,6450700.0,1850000,3271700,481600,3150100.0,6671100,17015100,1684900.0,7610300,38700.0,1764000,14503500,474900,11997300.0,1391000.0,22922800,19080700,1836200,0.0,1012700,4807600,2344400.0,3797800,781100,1302200,7319900,0.0,3400700
2023-11-23,5181900.0,755300,13352500.0,1913600,2165700,611500,2776300.0,7224200,21684500,2581800.0,7027300,15200.0,1594500,8073600,617600,15369400.0,1351200.0,27082200,16575800,3280100,0.0,647200,7659600,2602800.0,3301600,835400,1623100,10595200,0.0,5353700
2023-11-24,7898300.0,811000,6832200.0,3088400,2248500,624900,2200900.0,5753900,26228500,1601100.0,8018700,108700.0,2092400,11181000,764100,17194500.0,2327700.0,24682500,23863000,4696800,0.0,734500,7382900,2657900.0,3524600,874800,3128900,10847900,0.0,4005100
2023-11-27,3259000.0,747600,3428500.0,1431700,1659500,404100,1345200.0,6316400,16724600,1588300.0,7109700,17700.0,1253800,5269900,946000,11091400.0,1412600.0,15100900,19828300,3048100,0.0,443000,5710600,2539000.0,2794800,747700,1333300,8007700,0.0,2222200
2023-11-28,4187100.0,833900,5131500.0,2068800,1090700,526300,1256000.0,5363700,18863600,1695000.0,6648000,106000.0,1182700,6131600,497100,9993900.0,1428200.0,21396800,17252700,3736900,0.0,779400,7384400,1617000.0,2472300,728600,1775600,5746400,0.0,1971100
2023-11-29,4828800.0,811800,6430200.0,2549800,801500,596100,1369700.0,6975600,22503000,5192000.0,5445800,28100.0,1595200,8518200,770200,7753300.0,1618500.0,12215700,12029500,1779600,0.0,733100,4209300,1756500.0,2051700,830200,1262500,5477900,0.0,4081300
2023-11-30,5243600.0,726300,5576700.0,2651700,1982400,465700,3408300.0,5982100,21208100,4590200.0,5666600,108400.0,2262200,4030900,549900,10150600.0,1410900.0,16679400,13608300,2756300,0.0,927600,7741700,1306800.0,3466400,1000400,2581600,6750000,0.0,3943400
2023-12-01,5734700.0,761100,3483500.0,1962600,1190800,492700,1179800.0,6751200,15400100,1206300.0,4410300,168200.0,1080400,4161100,288000,8201500.0,1137200.0,20043200,13635000,2696100,0.0,714700,6970800,1735200.0,2301700,691700,1391800,4871900,0.0,2550200
2023-12-04,9041000.0,711900,13306400.0,7638100,3462300,783500,3141500.0,6760300,42341900,3428500.0,17334900,69500.0,1303600,10597400,552500,28183300.0,1266300.0,45276900,19614700,4761000,0.0,888100,8136700,8280100.0,3571300,866300,3006800,10850300,0.0,4686600
2023-12-05,3557500.0,654400,11247600.0,2549300,3590200,661500,2609300.0,6510300,22511100,3201300.0,6116600,82900.0,1426500,6197600,401700,14941800.0,977500.0,23475500,12589600,3093500,0.0,992800,8300600,2569200.0,3626700,901900,2302100,11505600,0.0,2463600
2023-12-06,2791900.0,1157100,5508900.0,3205700,1220700,480100,1853800.0,7980800,18648100,10765300.0,7014600,9500.0,1534400,9053800,288500,14120300.0,1103500.0,17904800,14176100,2489700,0.0,638000,10848000,4686400.0,2341200,774200,1606600,9473500,0.0,3749700
2023-12-07,7237600.0,1955000,10653300.0,5656600,3761200,856700,3409800.0,9195000,49430900,10698700.0,13916000,29300.0,3977500,10595000,626200,35304300.0,1385600.0,44212600,29262200,5844300,0.0,992300,11343000,7027400.0,4453200,965000,3874400,17158000,0.0,5052900
2023-12-08,3812500.0,2406400,3872400.0,3718900,1745800,884500,1284200.0,7912100,52783700,9410300.0,7469400,33600.0,5420600,16804000,555900,18858900.0,1420700.0,18079900,14678400,2749400,0.0,1183000,9893700,4536500.0,2652300,816300,3729400,8339400,0.0,5574900
2023-12-11,2274400.0,1589400,2798300.0,2203100,1564500,694500,1128600.0,6788500,17845400,6819200.0,4875100,11300.0,2893500,6207500,383500,21548500.0,1078600.0,19996900,14345000,1614200,0.0,1400000,8699000,2208600.0,5292200,717800,4734500,7675600,0.0,3772200
2023-12-12,3228200.0,956500,4329900.0,3346200,4084900,471100,1283200.0,7046000,31681800,3448900.0,4876200,24900.0,3134200,5956500,360800,20437000.0,1165600.0,12453800,6953400,2167900,0.0,1006400,6169100,2262600.0,2774200,757900,2788700,6823800,0.0,3058000
2023-12-13,3929800.0,793400,6432700.0,3629800,2148100,1119800,1917800.0,7051100,33347700,2614200.0,7175500,20500.0,2727000,10863600,745900,20473000.0,1115100.0,21549400,20639100,3108700,0.0,1152900,9940000,3331000.0,3973900,1061400,4511000,9962400,0.0,4320000
2023-12-14,6945700.0,779800,5150000.0,3873600,1712300,403200,1055000.0,6708900,31777500,1862500.0,5301300,8600.0,1750100,6544400,427100,20159300.0,1034800.0,15658600,14265300,2552800,0.0,840600,4704300,3053400.0,3042800,783700,1462000,9433900,0.0,3505600
2023-12-15,6189100.0,562000,4156500.0,3969300,1474300,806600,961600.0,7306900,34686700,1608400.0,5540900,27200.0,4208100,9350200,844700,18982500.0,1231700.0,19871000,12858200,2153100,0.0,2530300,6799900,1780700.0,6066700,892900,3739700,12092300,0.0,4256000
2023-12-18,6388000.0,678400,3251300.0,3836500,2266500,615300,1003400.0,7224800,14875800,2105100.0,5275400,38100.0,1640800,8699600,591300,13536500.0,1082100.0,11323400,21729000,2378300,0.0,1804000,3563400,3752800.0,2345200,726800,3513100,22104100,0.0,2345700
2023-12-19,11470900.0,823300,3003800.0,2308300,1250400,886500,1243600.0,6933300,20496200,2017700.0,5896500,15300.0,2055200,5738900,528200,14404500.0,1005100.0,15687700,18259600,2109500,0.0,1961300,5227500,2102000.0,2813900,728300,3061900,11907200,0.0,2628400
2023-12-20,8859100.0,1024900,2453300.0,2388300,1349500,573700,789200.0,7029100,17661600,1105800.0,3086000,20600.0,1625900,12451800,565300,6805400.0,1025900.0,13506600,8217200,1746600,0.0,1872300,2356600,1709400.0,1760100,1257400,2603900,7715000,0.0,2595400
2023-12-21,7082700.0,1136900,1729400.0,2581300,1756800,727800,958000.0,6504600,14307400,1514400.0,3981300,8600.0,1375900,7205700,445100,9622900.0,1150900.0,8083600,10018700,2482700,0.0,2030300,3556500,1390100.0,1890500,749900,2585900,9592700,0.0,1587500
2023-12-22,4510000.0,1189100,2754400.0,2169200,1275400,616600,1995500.0,7004900,17429100,2091500.0,8546800,12300.0,2188600,6074600,639900,10060700.0,1245500.0,17457600,22251300,1853900,0.0,1579800,3289400,1881200.0,2001100,708900,2145700,10359500,0.0,1890300
2023-12-25,7582400.0,1173400,3105600.0,4083500,2017000,1056300,1477400.0,6814400,20407300,1286500.0,6586700,24600.0,3234900,8477900,546700,8682700.0,1081900.0,13953300,12751000,2572700,0.0,1301600,5957700,1528200.0,1977500,776700,2672700,8637100,0.0,3420400
2023-12-26,5728800.0,1163800,2392500.0,3247900,3359900,755000,1790200.0,6645500,33743700,1833700.0,4260100,54200.0,2681200,6768400,357500,14659900.0,1004400.0,14005700,13847000,1507400,0.0,971200,10394700,1730300.0,1763700,901400,1975400,8402900,0.0,2651000
2023-12-27,4866000.0,938900,2136800.0,3008900,1355900,706400,1275100.0,6479900,19852100,2317900.0,5784500,44900.0,2866200,5243000,646500,7825600.0,1034800.0,16101500,10685200,2015600,0.0,899600,6034200,1900200.0,1848500,1381000,1626400,7673900,0.0,3220300
2023-12-28,10513000.0,1099500,3092700.0,2983700,1196600,767200,1830100.0,8523600,31308200,2345600.0,9880100,15800.0,1859800,6371500,868500,9635700.0,1320200.0,10895900,10407400,5753400,0.0,703200,13129900,5151100.0,4070700,1594600,2408700,10315400,0.0,6105000
2023-12-29,9195100.0,882100,3244200.0,4655000,1866600,1035000,7483700.0,12437600,20467100,1717100.0,13814600,4500.0,2217700,4181100,1568600,11755200.0,1220100.0,12790300,16014900,4231700,0.0,1621700,5324500,8957600.0,2168900,2055200,1954700,17010800,0.0,4354700
2024-01-02,13883500.0,1112000,5237600.0,3300000,1714500,693400,2681000.0,6716700,22187200,3857100.0,13785400,24600.0,3624100,7140400,770100,24644400.0,1282800.0,18052300,14813300,3710100,0.0,1785800,7588500,4383500.0,2281300,929800,2142800,8798600,0.0,4421200
2024-01-03,9803400.0,1559300,3452500.0,3123600,1436900,569300,4320100.0,8191900,18575400,2847700.0,13854700,49200.0,1720500,6083900,557100,30250300.0,1270700.0,11408700,19990700,5610600,0.0,1373000,6112600,4469800.0,2275100,882300,1889800,8220900,0.0,2678300
2024-01-04,23587800.0,3213200,9766700.0,14693100,2973900,1507700,2912300.0,11205900,38538700,7468900.0,49414900,38400.0,2526000,8516100,773600,61540800.0,1177800.0,58713300,31414000,10073900,0.0,2657900,8778000,10162800.0,2337800,667500,3401500,25321300,0.0,4793300
2024-01-05,9272100.0,1329800,4181700.0,8765200,1138600,1077100,2868500.0,6534200,17333400,2311800.0,22517200,24500.0,3405400,9042100,708500,39860300.0,1134200.0,25137200,31291500,3569900,0.0,1180300,4508700,4437400.0,1481600,633100,1475700,9906800,0.0,3301000
2024-01-08,12389600.0,1949000,4130000.0,12113500,1443000,1022900,1878400.0,5512500,31243900,4503100.0,20147300,14800.0,2683300,6213200,654700,38345000.0,1050300.0,20729000,15853600,6323800,0.0,1607800,6213900,6160100.0,2534400,626300,2396400,9012800,0.0,7661200
2024-01-09,15449500.0,1741100,9343300.0,14351600,1211700,891500,3126900.0,6278100,28623900,2571900.0,19794000,21800.0,2177500,9017100,558500,29818900.0,1080500.0,18985200,16760900,6900500,0.0,1926400,6377100,3891800.0,1604800,628700,2460400,6451500,0.0,4815300
2024-01-10,17603300.0,2141800,4958200.0,13924900,3302500,1027400,1652900.0,6372700,32642500,4064700.0,24684700,13200.0,1883100,6770700,822000,94309696.0,1268400.0,23828800,25102500,7189800,0.0,1795400,6789400,4782400.0,2675700,670200,3006600,31567400,0.0,3463500
2024-01-11,9933500.0,3385600,4675300.0,9746100,1370900,494000,1699700.0,5494800,15264900,6894700.0,24683900,4000.0,2173000,4992900,489400,46145100.0,1367300.0,25471700,24449200,6731000,0.0,1489100,6969000,6946300.0,1666100,616900,2083900,17937600,0.0,3879700
2024-01-12,25561200.0,3074500,5928500.0,17184500,2597000,809900,3546100.0,5939300,28626500,10227400.0,45903400,27200.0,2390500,7139700,497900,64609000.0,1200600.0,25258800,41145100,10186600,0.0,1909500,8327100,9658800.0,2966600,659300,3283000,25020500,0.0,5984400
2024-01-15,11719300.0,1335700,2204000.0,6951700,1312200,441100,2017500.0,6596800,12497100,6142200.0,25082400,8000.0,1312000,8986100,443100,37220600.0,1185300.0,22246200,13057500,3727300,0.0,1914200,3149500,6440900.0,1456300,613300,2226700,11340300,0.0,2397000
2024-01-16,12380200.0,1130700,2556500.0,7442400,810000,457100,1319800.0,6365800,19767200,6517300.0,17491400,56800.0,1938100,17419100,266500,34299500.0,1124000.0,19315100,13163500,4458700,0.0,1367200,3774400,4248700.0,1436500,732400,2072400,9593500,0.0,2666500
2024-01-17,9714300.0,1463000,2949300.0,6739800,1414000,831700,2063200.0,7111200,23410200,16174700.0,20484100,12300.0,1904200,12486000,469900,37162700.0,1633400.0,26218900,15239500,4420000,0.0,1578200,6343500,4946800.0,1878300,735600,1826400,11934200,0.0,4900600
2024-01-18,9611300.0,2278300,5248600.0,8842000,1136900,413100,1784700.0,5720600,12639000,12953300.0,23623500,31000.0,1290100,8902000,446200,25144200.0,1982700.0,14736700,14262500,4108200,0.0,1422900,8938800,3619100.0,1725100,697900,1228400,8447900,0.0,6889200
2024-01-19,12771300.0,2954000,5227400.0,14108300,1493200,1004200,2034500.0,7102600,14859900,4412100.0,21610300,12200.0,3305300,10717800,714800,23405300.0,1856600.0,22389300,19382800,7947400,0.0,1472600,5531400,3577600.0,2905400,613000,2619900,16580100,0.0,6538600
2024-01-22,12001200.0,2365400,4195700.0,8679800,1108000,482700,2143000.0,7951600,66067900,4686900.0,29129500,20000.0,1775900,7235900,360100,31809400.0,1726300.0,16814700,13400000,4313700,0.0,1046300,4709100,4194100.0,1691900,630900,1959800,16135000,0.0,5638700
2024-01-23,11731500.0,2182200,2501500.0,9136000,1480400,763000,1485300.0,6413600,21678300,3042000.0,15904700,30700.0,2445600,6100600,346300,31040200.0,1378700.0,12564800,17926900,10075300,0.0,1256900,5255800,4130800.0,2211000,701500,2112000,10961900,0.0,5533200
2024-01-24,11341900.0,1868700,6576300.0,4997700,1722100,479600,1074100.0,7038900,16136900,3442100.0,12689700,27200.0,2446900,9683400,472300,50211100.0,1390500.0,27351500,24678500,3141400,0.0,744700,2741200,2284400.0,1693500,660000,2083500,7406900,0.0,8329900
2024-01-25,5086300.0,1348900,1944200.0,5164700,845100,548000,664000.0,5419800,15227000,4001800.0,14697100,40900.0,1161400,7530100,1393900,27265300.0,1371000.0,10942200,17446300,4271400,0.0,503300,2295400,3843700.0,1155300,615200,2660500,5002000,0.0,3440200
2024-01-26,6856000.0,812400,6685000.0,3676400,925400,729000,2436000.0,6671900,14372300,2116300.0,9493000,20400.0,1936600,3781900,2066000,21716100.0,1452500.0,14288200,15139100,3145200,0.0,953100,4351500,2172300.0,1807600,678600,1675800,7546300,0.0,5330500
2024-01-29,9276600.0,984500,3549700.0,5875800,1060700,924600,6728900.0,5915200,21575000,9874500.0,15667000,112400.0,1429100,4128300,701800,21319800.0,1345200.0,12259400,8935200,3145300,0.0,730500,3166200,2175900.0,1816400,621300,1732800,4834600,0.0,6629600
2024-01-30,6379000.0,1121300,3446000.0,3741900,949000,504300,3698000.0,6298600,17529200,6959600.0,14352700,70900.0,1170700,7138200,732100,17116200.0,1383600.0,11905200,11432400,5207300,0.0,888600,2908300,3594500.0,1332900,622500,1790400,6805100,0.0,8150500
2024-01-31,12158100.0,1673600,3982200.0,11925100,1381500,595700,4073900.0,5774700,24456900,7769400.0,27845100,203600.0,2589000,8743600,1095600,127103200.0,1616400.0,44818700,34436400,5380200,0.0,945600,6307100,5757300.0,2738900,644900,4020100,20001700,0.0,18081000
2024-02-01,6281100.0,1542600,4431700.0,5126100,7793700,514700,5949400.0,6251200,10636100,7857300.0,11396700,112200.0,1692500,11303100,592000,20166700.0,1354700.0,11153200,10674100,6209900,0.0,598100,7107200,4250600.0,2196100,610800,2499300,6507100,0.0,6885000
2024-02-02,14529200.0,1952800,3055400.0,4536600,2876100,675400,5668700.0,9315300,14162200,5080400.0,15083600,129100.0,1607400,11946800,544000,37979500.0,2019900.0,23506100,10080500,7864700,0.0,733000,5775300,7524000.0,1981500,622500,2611300,16720300,0.0,6505300
2024-02-05,28121400.0,2249900,4433900.0,21679700,2694400,638800,5140900.0,9564100,16231200,3808200.0,37093300,141900.0,1612700,7536900,882600,38726900.0,1574100.0,19528500,20315900,9600300,0.0,1949000,3361500,10209500.0,2692400,670500,3565900,10730400,0.0,13264300
2024-02-06,5447300.0,1527400,2856100.0,8645600,1884300,796900,2648100.0,6045600,14660300,1955500.0,11519300,67700.0,1607300,5404000,671200,17876400.0,1345800.0,13195400,13437900,4013800,0.0,1352300,5535300,7384500.0,1594700,617500,2392800,5805600,0.0,7484200
2024-02-07,11893900.0,1859200,3537300.0,13534000,2125400,474300,2757100.0,5967300,13808300,3167100.0,21181800,54200.0,1352400,5707100,568300,22741700.0,1475100.0,15710800,12202200,11167100,0.0,1371400,3768900,11240800.0,1596000,615700,2736300,10722600,0.0,6100200
2024-02-15,14244300.0,1625600,5429200.0,8849700,2248400,549700,4639300.0,6878100,36985800,2223000.0,24091300,92500.0,2030300,9340100,864400,44486100.0,1561000.0,14888800,17188200,13071500,0.0,1046700,4317100,14543100.0,1934700,690700,3876600,19362100,0.0,7115700
2024-02-16,9495400.0,1353000,2715100.0,7504900,2066000,1013500,7573400.0,6111700,16718800,3623000.0,16165200,71100.0,2714100,5001500,1078900,21019400.0,1300800.0,18037300,20794300,7217800,0.0,734100,6024400,5228100.0,4992200,635300,11114600,7324700,0.0,8591500
2024-02-19,11856900.0,3283300,21845400.0,10677500,2031800,2373000,5352800.0,6618400,42276100,3407600.0,20952600,105900.0,7833600,7504700,1268000,24126700.0,1430300.0,32834200,15780500,9734800,0.0,1045300,20156400,7475000.0,16636900,615500,6652800,11047900,0.0,23898600
2024-02-20,7316400.0,1569300,5246800.0,6832100,1844300,1007300,5439800.0,6840900,21391700,1845100.0,20313600,115400.0,3375900,7870400,1642700,23238900.0,1495500.0,18101700,16158900,5413200,0.0,1404300,12925600,6739600.0,8974900,648500,4385700,16244900,0.0,25144500
2024-02-21,10251900.0,1850900,6042900.0,10391600,3137500,1111900,3976300.0,6161800,31579600,2372400.0,24984200,78500.0,3336800,6479800,1131900,21821800.0,1681000.0,18553100,44463100,7674900,0.0,1367400,8945700,5639800.0,6649000,657500,3590200,17579300,0.0,21071500
2024-02-22,7401800.0,1596200,6403000.0,7056000,1718700,1037600,2740800.0,7166400,22413300,2325900.0,14943900,19000.0,4149500,11202700,788900,44912900.0,1391100.0,14411900,15526000,9645200,0.0,1223900,6809700,4236200.0,4022500,621400,4648100,10541600,0.0,13517400
2024-02-23,25975600.0,6935200,7893600.0,25763100,4103500,1955100,5825900.0,7478000,27300800,5581000.0,49051800,130600.0,4792400,17637600,1499400,50663100.0,1501700.0,24143200,33551000,16442400,0.0,1800900,11753200,14808300.0,9877200,670800,6142500,42130600,0.0,17915800
2024-02-26,9785600.0,1533000,5724700.0,6391800,4466700,1094800,7028600.0,5605100,19221700,1657800.0,21383500,78000.0,2921700,13530900,809500,29265300.0,1290200.0,26875500,24763200,9615100,0.0,722000,7000000,4287500.0,5089400,605600,3048400,12770300,0.0,14172600
2024-02-27,12054800.0,1742700,10914900.0,9066000,2800800,1154300,3318500.0,6314600,86841504,2488500.0,22906700,47800.0,3037600,9636200,1759100,26092000.0,1765200.0,47040400,15451600,8413100,0.0,1604900,7158700,4719200.0,4367500,647800,5282500,17762400,0.0,11770400
2024-02-28,10460800.0,2342300,13625000.0,9809600,3461700,1570600,5552600.0,6189000,35201800,2813300.0,19275500,115600.0,3481000,13790900,1090300,20482500.0,1603000.0,26065500,28484800,7524100,0.0,4219900,6283200,4676300.0,3369700,638600,3419000,20960400,0.0,20532400
2024-02-29,9951400.0,1337300,6273500.0,12798100,2824800,1255800,4998300.0,6024000,33580500,3016100.0,24034500,52500.0,8297600,13891900,2670400,30596500.0,1432900.0,43188500,23713600,9026500,0.0,1897000,11041300,6362400.0,4017000,728600,6539800,17115500,0.0,21519800
2024-03-01,10193800.0,1246100,5345600.0,9179700,4019400,991000,4188200.0,6105500,26958700,3419700.0,20474600,41800.0,3757800,15362500,847400,27245500.0,1385500.0,21490800,27190200,9291100,0.0,2379600,6873900,4829300.0,2982700,650700,4397700,9758900,0.0,13628700
2024-03-04,13216500.0,2330400,6285100.0,17569600,3087100,1137700,6026300.0,5918000,28579500,4156200.0,31949800,69200.0,5315800,16593900,1252100,24834600.0,1503400.0,25346200,17157800,8435000,0.0,1640400,7036300,7382500.0,3738900,669100,5014600,12989200,0.0,14024600
2024-03-05,6332600.0,1200400,5001700.0,7378300,3383000,2069600,2287200.0,6840800,29917200,4366400.0,22768900,119200.0,12999600,22380300,1003900,22722100.0,1450000.0,31386200,12352400,6316800,0.0,1364800,7690200,3307100.0,3151800,552000,5440900,8094000,0.0,11477700
2024-03-06,9791600.0,1585300,6553800.0,11114900,3702600,2289000,3513200.0,4532500,28059400,7866800.0,29870100,129100.0,6843400,15082600,4279400,32546300.0,1532000.0,27681300,18418500,11167400,0.0,2070600,11322800,5293800.0,4652500,470500,4833900,11549500,0.0,15576500
2024-03-07,10165800.0,2125200,5121400.0,8882900,4037600,1247100,3414800.0,5641400,32262200,2984000.0,19759000,95800.0,8721100,9439900,2509100,20274600.0,1442300.0,34060200,17422800,7214000,0.0,2362300,7314700,5706900.0,2466500,590500,5067600,8016100,0.0,7948600
2024-03-08,23017000.0,2740700,5834400.0,20828300,3115600,2105800,5529700.0,6184400,47322200,6062300.0,49382200,246000.0,7454600,20599700,1825500,26197800.0,1385400.0,35882600,34885800,20127300,0.0,2229600,9526300,7431000.0,3896700,636400,7361000,29743400,0.0,10155500
2024-03-11,12015800.0,1478700,4051500.0,7842600,3381500,1478000,5766000.0,6432300,30415100,5749200.0,34911300,146500.0,7103800,13804500,2346300,30059500.0,1764200.0,24846500,20137400,11182600,0.0,1840000,6056200,3386600.0,3451600,613300,4208400,16575400,0.0,11759900
2024-03-12,8312600.0,1210100,5845000.0,6760600,2907800,1174600,9490400.0,6583000,30135400,3743100.0,19120400,139300.0,5975700,16650100,1290300,22463200.0,1474600.0,21926800,13195300,8497100,0.0,1107000,4756200,3515100.0,2836600,658700,3844000,10959400,0.0,10111700
2024-03-13,8935300.0,1398100,5971500.0,6141800,5114200,1230900,3675000.0,6348800,29367000,3635300.0,15265200,101000.0,7035500,8934000,1485900,14856700.0,1415800.0,35787800,16466100,7892700,0.0,3124500,7332900,4027500.0,2238600,671300,5646500,10986000,0.0,8044000
2024-03-14,8224300.0,1482400,8184800.0,7010100,3463000,3837000,4827500.0,5685700,30774000,2644000.0,18358800,68400.0,6416700,13304100,1458700,17674100.0,1497900.0,39364400,15812300,6636800,0.0,2319300,12606200,3858900.0,6021400,695600,5445400,9582800,0.0,12347200
2024-03-15,7822800.0,1433700,5263500.0,9586500,3838400,2398900,5677900.0,5970800,35823700,5226400.0,18886100,147800.0,6908900,8865700,2037000,17712000.0,1549500.0,27977200,17494500,7540800,0.0,2302500,9885200,8526000.0,4813400,705600,4851100,13581400,0.0,11252300
2024-03-18,14119300.0,1481000,9550200.0,11387200,5884600,2494200,13916500.0,6625200,50100700,6624100.0,31782600,157100.0,7516900,12153200,1833100,32002900.0,1390700.0,48614200,26184800,11297200,0.0,1839300,14785500,6283000.0,7732700,618300,6796400,23317100,0.0,34582300
2024-03-19,7121300.0,765300,4396100.0,7149600,3315400,950400,5437600.0,8886200,26973500,1630600.0,13605300,78200.0,3129300,8063800,654600,11493200.0,1463000.0,14628400,13159300,5330900,0.0,868500,9464300,3974500.0,7828400,589900,3164500,12349900,0.0,16110300
2024-03-20,14002400.0,3132600,4701800.0,9484900,3475700,1462300,4024600.0,6221500,12971200,6336100.0,39357200,49400.0,4238700,20639900,739800,23446700.0,1570600.0,16364200,28145900,16882000,0.0,897700,5436900,27152800.0,4695000,690000,3546900,11504800,0.0,11622200
2024-03-21,12818200.0,1857100,4756200.0,9087700,3757800,938700,4064500.0,11192400,19972600,3608900.0,30974800,33300.0,4982600,9096600,738100,21466000.0,1327400.0,27175200,15677800,16923300,0.0,1452700,10978300,10263400.0,3525800,741000,4906200,16882000,0.0,12499300
2024-03-22,22676200.0,4361200,6756500.0,15958000,2414800,1235000,5647400.0,6529100,37384100,3853200.0,41534600,32100.0,6018700,12080800,698100,26765800.0,1353300.0,29818700,32805000,10791500,0.0,1844100,9996800,9227100.0,5198400,599400,6066700,14969100,0.0,10058500
2024-03-25,10187100.0,1262200,6290000.0,9577000,2794400,972900,6119700.0,6285100,21350200,3565300.0,21215200,25700.0,8724000,10366400,1086200,20815200.0,1428100.0,24344200,25048000,10737400,0.0,1368800,10309500,7515000.0,4738500,628600,5450700,19751100,0.0,8943300
2024-03-26,6283500.0,1409500,4405400.0,3801300,1693300,596500,5040000.0,7234100,11976300,2796700.0,15606500,22600.0,6370600,7523200,910400,15216500.0,1385400.0,19515300,19270400,7755900,0.0,735400,4263700,5056100.0,3479000,664400,2504200,37172800,0.0,7341400
2024-03-27,5958200.0,1607900,4565700.0,5066600,1320200,847300,2580500.0,5709200,24329500,2535400.0,11404900,6500.0,6073600,12737300,598300,12277600.0,1430400.0,18775000,15097000,4640100,0.0,1046200,7551900,5550600.0,4203100,707600,2637700,16220800,0.0,5848500
2024-03-28,12423400.0,1358700,3693100.0,7031500,2803200,774800,3194600.0,5404000,19113700,4297700.0,15988900,56600.0,6237000,11651700,1074300,14016400.0,1341100.0,26417300,31997700,30022800,0.0,1232800,18563500,8013000.0,4639100,635100,4470700,14691300,0.0,14611800
2024-03-29,13489800.0,1788300,4765600.0,4490100,1343500,616400,3228200.0,6435200,14821800,7969000.0,11652100,42900.0,8324900,11812000,618700,18015800.0,1373400.0,17529500,34573900,6403800,0.0,801200,7686900,6179900.0,3524600,664100,3484600,20541100,0.0,5019000
2024-04-01,6174900.0,1362900,4872100.0,7918200,1974600,747700,3763000.0,6006100,20759400,2925700.0,19236200,34400.0,7701100,13699100,600200,13432900.0,1403100.0,31091500,24131300,8561000,0.0,1221000,7517900,5853200.0,4451800,719100,4988000,11686300,0.0,5885800
2024-04-02,10409700.0,1576300,10262000.0,6979000,2285800,1742200,10181700.0,5775100,26298400,7259400.0,28974400,16800.0,3738600,12311500,1026300,21361600.0,1350000.0,21148300,105089800,13559100,0.0,969000,13758100,11610200.0,4818000,815100,4322900,25838800,0.0,7712300
2024-04-03,10199400.0,1496500,13633900.0,9109200,2549000,1761700,3897300.0,6572300,21489800,4236900.0,22559800,33900.0,4986800,14384300,1435600,21717300.0,2067000.0,25750600,26957600,8776700,0.0,1321100,11837400,8770800.0,4260400,871400,5046100,16269600,0.0,6533200
2024-04-04,11155900.0,1093500,8098500.0,7104500,2359500,751900,5221500.0,6108000,26371300,3477500.0,27793500,31000.0,3739000,13048500,991100,14842200.0,1371800.0,24883900,30271800,10756900,0.0,2022700,9666700,7718000.0,4122100,810000,7472800,12592700,0.0,5579700
2024-04-05,12289500.0,1654900,23944500.0,9834200,2759000,1384300,7351500.0,6316400,24018800,3020000.0,25376700,23500.0,5609400,8145300,947600,13620200.0,1408600.0,31244300,25456900,12129600,0.0,779200,13464400,7370900.0,3382700,750100,4233800,11106300,0.0,8275400
2024-04-08,6869300.0,904800,6592500.0,12007900,1952000,675700,3618000.0,8077300,16708800,3198600.0,24714800,43000.0,2804400,6085000,1057800,12703600.0,1447900.0,12118300,26854100,9964400,0.0,864100,16737700,8400200.0,2948500,800800,3666000,8428800,0.0,14766300
2024-04-09,5371500.0,1751000,7990300.0,5238500,1432500,623600,2029700.0,5817400,9838000,9837500.0,15734800,59400.0,4123400,19487100,1017800,11963700.0,1600200.0,13235500,17950600,5384200,0.0,686800,10943800,5832900.0,3502300,804100,2516000,9349100,0.0,6487000
2024-04-10,5122000.0,1193200,7410200.0,4301500,1791100,637900,2554900.0,6265700,11134400,13007000.0,21078100,121900.0,3030600,10159900,522900,9097700.0,2010100.0,8525400,14930400,7754300,0.0,737400,24322200,6594200.0,5161600,902700,2765500,29210400,0.0,4857200
2024-04-11,11286500.0,2276400,5177800.0,4179700,1549400,645500,2722100.0,5637400,19246200,7383200.0,9011600,49100.0,3576900,6968900,493900,12380200.0,2017000.0,11888000,10462800,11371200,0.0,778000,14565300,4585700.0,3397900,947400,2947700,9554900,0.0,3359700
2024-04-12,9767600.0,3374100,4703300.0,23775200,1367300,360000,2989100.0,8521700,13916900,15101300.0,23911200,59900.0,3572900,6665600,957300,25354700.0,2563000.0,19498500,15445100,13456300,0.0,844800,16822800,9057600.0,3009600,1506000,2509200,17723300,0.0,3555700
2024-04-15,16253800.0,2541500,17180000.0,29292700,3701900,1096500,7398600.0,9741700,31107300,10453000.0,47595100,12200.0,10945300,16505200,926600,98763600.0,2154300.0,29936900,24337900,13735800,0.0,1900300,20416500,11379800.0,5597200,1101900,5756100,28346300,0.0,13823600
2024-04-16,17350400.0,2349900,6975300.0,15414300,3642700,1116000,5269100.0,7196500,33424200,10894500.0,32717500,105200.0,8049800,11616300,1104300,33215700.0,2586800.0,32795000,22651800,15151800,0.0,1857700,16847800,9408200.0,4793200,1022900,7128700,23551000,0.0,12875500
2024-04-17,10479700.0,1973200,7500800.0,19095700,1943300,650100,4711100.0,8715000,15575000,15295600.0,23979900,78100.0,7216500,6951200,364800,32443000.0,2151900.0,13931600,12961400,7454000,0.0,1452600,10862100,7517500.0,3009600,1099000,4589800,13194900,0.0,7302500
2024-04-19,10862500.0,2170000,9487100.0,13040500,5361100,884100,5880600.0,9469500,26138500,14674500.0,28182700,56700.0,4767700,9473100,1184600,38197000.0,2113300.0,29562900,23052500,14444400,0.0,1324800,12526800,8950600.0,3674400,947300,4516100,15355900,0.0,8590500
2024-04-22,6313700.0,1298900,5162900.0,7768100,2397300,820000,2522300.0,8545200,12390900,8188000.0,17581500,67600.0,2931700,12292300,356700,17333300.0,2197000.0,19499700,13422600,6813500,0.0,999100,9173300,5869800.0,3217600,810700,2035200,8682900,0.0,7078300
2024-04-23,8540500.0,2273300,3397000.0,10689200,4037600,474500,4113200.0,8711200,18359900,7827600.0,31998000,25300.0,5047400,18043000,373300,31267100.0,2202200.0,16741600,18401000,15592800,0.0,1562900,8623200,6476700.0,2696100,1110500,2014400,15635300,0.0,4860300
2024-04-24,6681200.0,1416800,3828700.0,9012800,10158700,852300,6235900.0,9415200,23052000,5692700.0,18650800,33600.0,3276700,11530800,467200,15691500.0,2019500.0,21326800,13991900,7532200,0.0,1925200,5041500,4443600.0,1583300,897100,2401300,13072600,0.0,5630400
2024-04-25,5141600.0,1053600,4491800.0,4863800,5707700,788500,3440300.0,7367500,11236400,4989000.0,13003200,51700.0,6074900,19317400,1107400,13148000.0,2171400.0,10578200,9380100,7161400,0.0,1235700,2989100,3793100.0,1517500,904500,1916000,10618000,0.0,4172100
2024-04-26,5444000.0,774500,2647200.0,8972900,3396500,774000,3970200.0,9976900,18304000,5816400.0,13332200,41200.0,3593000,11864700,705300,33004200.0,2234700.0,13819800,11932400,5678300,0.0,1698300,4704400,2906500.0,2697700,903600,2940600,8253200,0.0,7637500
2024-05-02,4797900.0,568700,2828600.0,6361000,3469300,692000,3824600.0,6123700,7322100,2186800.0,11078300,165800.0,2279400,21954900,1580600,31406100.0,1786600.0,12220400,10054400,4351500,0.0,932400,4570000,3169100.0,1596500,827700,2563400,6332900,0.0,6044600
2024-05-03,8718800.0,700800,4105800.0,6160500,3191200,514700,3957900.0,11392400,16714800,3565900.0,11857800,282100.0,7049300,29616700,784800,21211100.0,1906500.0,9163900,8851200,13660600,0.0,1470700,4391600,5626600.0,1315200,1092500,1966400,10568400,0.0,13035400
2024-05-06,7445000.0,1192000,9200900.0,7627200,2704600,890300,6482900.0,9083800,27108200,3203400.0,16199300,150700.0,5105300,11257200,884900,27188100.0,1884800.0,16789600,8810000,7906500,0.0,1147200,4944600,4440600.0,1524400,1737400,2261300,11299500,0.0,8148400
2024-05-07,4300700.0,1069500,6107500.0,4941700,3122800,1496500,3851600.0,6996600,30139200,3628200.0,9604700,169600.0,3244000,9460000,913700,18188200.0,1926100.0,8273300,8560700,9058500,0.0,1154200,4276900,2608500.0,1053500,1560100,8485900,7408000,0.0,6722900
2024-05-08,4037700.0,1057600,7563500.0,8398000,3017800,1383100,5303200.0,6259500,34289800,3564200.0,21437700,130000.0,6123100,8126500,2243700,59796500.0,2727000.0,13710900,9179100,15386300,0.0,1246000,6625700,4433900.0,1713400,1226200,2964400,10945500,0.0,7711400
2024-05-09,4100900.0,970600,4064300.0,7196700,2203300,772400,5780200.0,7124300,19422700,3583700.0,15643200,107100.0,7165500,10475400,1040100,24163300.0,1979600.0,15342900,7552300,8705600,0.0,606600,7299700,3079500.0,1415400,1130800,2998000,9750600,0.0,5065300
2024-05-10,4909800.0,827700,4967100.0,4656700,3789700,650900,3561300.0,6753500,18981900,1999300.0,11418400,71000.0,3714800,9750700,784000,18443900.0,2040500.0,12118500,6903400,7679300,0.0,823400,7276500,2714000.0,1166900,924500,2418100,10354900,0.0,7424200
2024-05-13,5551200.0,1663700,3653000.0,7004000,1852200,630700,3373900.0,6528400,13171500,3085900.0,14003500,88000.0,2571500,7241900,725700,21834800.0,1855700.0,10272700,7861600,6004900,0.0,1232600,9093900,3635100.0,1711800,1049800,2732500,16732700,0.0,4557100
2024-05-14,4470600.0,1948300,3394300.0,5643900,2304600,785300,4214600.0,6836900,15664000,2948200.0,16668300,69200.0,3692100,16222000,479300,16888200.0,1292400.0,7029000,7428600,7472800,0.0,818400,6866000,6938100.0,5263900,1079300,2433100,20931300,0.0,5075300
2024-05-15,7803400.0,1393000,2928000.0,7928800,3653100,883300,3872800.0,6983600,45110300,11540600.0,15300500,371000.0,6888800,13069600,896300,21585100.0,1498900.0,20293600,9801400,9678900,0.0,883100,6594800,3361300.0,1357800,1319000,3234900,10503000,0.0,5426800
2024-05-16,30203800.0,2097300,11629400.0,14193700,3119000,1116700,4267900.0,9088200,27403900,12589000.0,31430700,497600.0,4045400,12942100,769400,36799200.0,1895000.0,13615900,16790800,20864900,0.0,1713900,8259700,9175800.0,2782500,1113600,2911400,20748200,0.0,6049800
2024-05-17,8504100.0,1518300,6801900.0,5948500,2306400,965100,6321300.0,8257100,28640900,9831400.0,15465900,257500.0,12300700,8962800,1434500,67025200.0,1717000.0,14815700,7138700,6345600,0.0,1084700,13307900,4327200.0,2168200,995100,4169000,12369500,0.0,10951000
2024-05-20,9333300.0,2191900,8478900.0,12148300,2013500,1110600,5485900.0,10556100,46490000,7088100.0,17925500,449100.0,7869900,9202200,669100,36329900.0,1771800.0,19945200,10164400,9304700,0.0,1043800,9537100,7439300.0,3224900,1005800,4920600,25252400,0.0,6019600
2024-05-21,10824000.0,1794700,6687000.0,6079100,3471900,1696800,4039900.0,6284700,20863500,5853100.0,16402300,374500.0,5878600,4730800,1171200,36868000.0,1643200.0,14037400,9961400,11258500,0.0,1486400,9640200,7287600.0,3335500,919800,3799500,24050900,0.0,9300200
2024-05-22,9283100.0,2428000,28915200.0,11642900,4511800,832300,5201400.0,5713600,39782700,5269600.0,20042500,331600.0,8354500,8945300,927200,38630600.0,1707100.0,22688000,7853200,14666400,0.0,1347700,11927800,6625300.0,3149300,1177200,3618300,22572900,0.0,13070700
2024-05-23,10449700.0,1788900,18961600.0,5573500,3621500,3989500,4457900.0,5823600,37870200,2878200.0,13080600,248500.0,6128100,8859900,1912100,26704200.0,1793000.0,16679200,10710600,7238900,0.0,1317500,6387700,3620300.0,2649700,840300,2991400,9367000,0.0,5808600
2024-05-24,33848200.0,2175600,23000400.0,13921600,13375600,2572800,12307800.0,7296000,30151700,7731900.0,36358800,402900.0,7669800,13646200,1322500,39082500.0,1869800.0,28294900,28342000,14617600,0.0,2241500,12912200,14934200.0,3715400,776200,4104100,19560300,0.0,14276500
2024-05-27,7535500.0,763200,8215300.0,8217500,5157800,2133900,7430800.0,6142300,15759100,1744500.0,7993800,195500.0,3881500,6367800,654000,12436200.0,1599200.0,16841300,6564000,5007700,0.0,1058500,4620900,3449500.0,1713000,638400,2336600,7401000,0.0,4552900
2024-05-28,10686700.0,1230700,11739200.0,24685700,4625300,2232700,4463400.0,7228400,17564600,14971400.0,13107300,246600.0,5100400,9931000,2525000,14796200.0,1794600.0,13044000,9012300,6014900,0.0,1350100,5555700,4019500.0,2253600,686800,5347500,8406700,0.0,3615500
2024-05-29,13447000.0,1388900,14750500.0,15631900,5837600,3691900,6868300.0,11282600,21599400,10411600.0,17108200,141900.0,8003700,6883200,1467500,24388500.0,1908900.0,13092100,10808900,6948600,0.0,1186300,8030400,5539200.0,2583100,816000,3357900,8290900,0.0,7463700
2024-05-30,13111100.0,2092000,15805600.0,9617600,7261300,2355400,8152400.0,8706000,27257700,7075500.0,28814000,132700.0,11161400,14761100,1667200,25838100.0,1810400.0,18861700,16001700,7573700,0.0,2356000,6423700,5831900.0,2387000,661900,4412600,10458100,0.0,11224000
2024-05-31,11122400.0,1967800,5050600.0,6190100,2633500,1429500,2634500.0,4346800,17736800,4368400.0,14933500,740500.0,5592200,10260200,1492400,14564200.0,1554800.0,8441300,5567800,5677200,0.0,3921500,5851700,3128800.0,1663200,719200,4143400,5706900,0.0,5366300
2024-06-03,16242700.0,2095200,7135900.0,9928600,7773600,1706000,4507700.0,6683600,20634500,4491300.0,24703500,154500.0,6570000,8257800,1128600,20648900.0,1535900.0,12486400,28580200,10681000,0.0,2108600,5242000,4751200.0,1537000,940200,3190500,14012200,0.0,7069100
2024-06-04,9722200.0,1112900,12934200.0,8842900,7009800,1515300,3282900.0,4858200,39654300,4072800.0,9038600,339500.0,4403700,6569500,2338200,16264000.0,1588500.0,11440300,20232100,9962000,0.0,1814600,7955300,3476400.0,1463500,695100,2445200,9138000,0.0,4847800
2024-06-05,10785200.0,1799400,9313400.0,8383500,6321600,1781200,4617800.0,5265400,19195800,7693600.0,13657100,237100.0,7549800,13778200,2896100,19415000.0,1514300.0,14108600,15295100,9260100,0.0,1882800,6216300,7851800.0,1611400,785800,11865800,11802100,0.0,9512500
2024-06-06,8027700.0,1413000,14447400.0,7437100,5211800,1056200,3062400.0,5849100,20822600,6037900.0,10011500,386900.0,4727200,7071800,2270100,69364496.0,1707800.0,8633500,31379700,13114900,0.0,1699700,5109000,3668300.0,1823500,951900,4887800,16613400,0.0,6309300
2024-06-07,5887100.0,1233400,6484900.0,4307200,3756900,874000,2124000.0,4588000,14882900,2024700.0,8474500,185500.0,4621100,4298200,2577800,17165700.0,1625900.0,6447800,12983500,15463100,0.0,1129500,4519500,2831200.0,1681700,992500,4127600,9957000,0.0,6500900
2024-06-10,7670900.0,2062700,5941600.0,13316000,3775400,1115800,6186600.0,5190200,20259700,3626200.0,13347000,403100.0,5324000,4849000,2027900,28894500.0,1530600.0,13313100,14942300,8633400,0.0,2641600,6320000,5269600.0,1582400,1074400,4564100,10496400,0.0,5855400
2024-06-11,9200500.0,2535500,10518200.0,10714500,6327300,2392700,4490900.0,6377300,26986400,5281000.0,10558200,174500.0,6573500,6438600,1730800,22669000.0,1541300.0,14775200,14064100,16586900,0.0,2252400,14398100,8505900.0,4835000,1532500,6177100,31079900,0.0,11747400
2024-06-12,10388900.0,2649200,8480500.0,7591300,11215500,1336700,3275500.0,6457000,19284400,5438900.0,25203000,130300.0,5837700,5024800,1706900,19872100.0,1670200.0,27346000,10808500,9157900,0.0,2249800,12376600,5256100.0,2292500,1089200,3425100,69932304,0.0,7999200
2024-06-13,11713500.0,2615400,6044900.0,14006900,8136200,1403600,3580700.0,8022300,20548700,3194100.0,38953200,167600.0,6210400,7862300,1816900,48447200.0,2331700.0,13008300,19842400,8424900,0.0,1600400,5989600,7715200.0,2144000,834400,2803600,44255400,0.0,8894900
2024-06-14,11038000.0,2240900,13423200.0,10429800,6406200,2277200,5510300.0,7372600,34292400,8192100.0,25524200,306700.0,9028100,8119800,3852700,26575500.0,3329800.0,26737800,15865800,9835600,0.0,2482100,8589700,6670000.0,2718400,1183400,4124200,35956600,0.0,10375100
2024-06-17,6368600.0,2812800,8476600.0,8417900,4867600,1251500,5119400.0,8354900,34373100,4132300.0,17057500,272500.0,6242500,9503600,1936900,22364100.0,4299500.0,12551300,14506900,9687200,0.0,2293700,8594600,7547600.0,2059700,660100,3617600,26718200,0.0,8662300
2024-06-18,5724600.0,1468000,21639900.0,7746400,6680000,938200,2555200.0,6053600,16534100,3414800.0,11960200,117200.0,4126300,7174700,739100,13221600.0,4049200.0,9692800,11579400,10243100,0.0,1370900,6588500,3475900.0,1832400,893500,2751700,35291600,0.0,6162500
2024-06-19,7612500.0,2599500,10816200.0,6704200,9669200,994100,3074300.0,6746800,19178300,4026800.0,13277700,241200.0,6657600,7686100,1464400,20544800.0,4467700.0,9768900,13605100,17027300,0.0,2174300,7996800,4359900.0,3271200,1365500,6155000,51393800,0.0,10528900
2024-06-20,10170900.0,2671200,11154700.0,7044100,10465700,831500,2558700.0,7769900,27774000,2612600.0,13693800,348000.0,4159400,5638200,947800,15674900.0,4498200.0,14274900,21298600,34583800,0.0,2648800,7587500,3562700.0,2357100,1081800,4397100,66042200,0.0,12661900
2024-06-21,5122000.0,1540200,13331000.0,4903100,7653300,1053300,3665100.0,7157200,14287400,12556500.0,10133400,219400.0,3974100,7135200,960200,11762600.0,4238500.0,9055100,11453900,11686300,0.0,1808400,13031100,3604200.0,2683900,1210100,3967700,48973500,0.0,12265100
2024-06-24,14215300.0,1951000,17713500.0,8439100,13186900,1726600,4719500.0,9514100,37846100,6140700.0,25433000,535800.0,8305600,11379200,950000,37129000.0,5240400.0,27186000,20293700,14021100,0.0,2149800,7671000,7871800.0,2804500,915100,3847700,45272700,0.0,10146400
2024-06-25,6698400.0,2891100,11492300.0,5413400,13706800,1018000,2336500.0,10135900,16655000,3506900.0,8882600,86300.0,5262400,6381000,1150200,12997500.0,3715200.0,6523500,11199300,12070000,0.0,1565900,6350100,3238000.0,1597200,787500,2433600,19532800,0.0,25463000
2024-06-26,10135100.0,1689800,6283200.0,6556300,7147400,1133800,10259700.0,6524500,19746800,4501500.0,11084000,153400.0,3527400,8185600,848100,10792500.0,3417600.0,11515000,14572000,7388500,0.0,1706900,4536500,2587600.0,1918500,815800,2485100,27222600,0.0,5887300
2024-06-27,4901400.0,1573600,7537300.0,4084600,6403700,1010000,6491300.0,8826400,10080500,2530900.0,6168000,502400.0,3765600,8297600,1076400,11461200.0,3590900.0,5308600,6435800,12338200,0.0,1423000,3454200,3009100.0,1312100,852600,2708400,25081800,0.0,7612600
2024-06-28,5751000.0,2120500,12862400.0,4521600,6633000,660200,7376400.0,7278900,22182300,3930200.0,9571200,227700.0,6405900,6187200,947400,19711000.0,3106500.0,11362600,9182400,21090100,0.0,1112400,5965200,2780600.0,1785000,789300,2731700,41520600,0.0,12792300
2024-07-01,3933500.0,1236800,7743300.0,3924600,6376000,792100,3247900.0,5484400,13557400,3134000.0,4131300,194900.0,2944600,21785800,278900,16115700.0,3335700.0,7933900,5212400,9012800,0.0,1179200,4515600,2130300.0,903300,933100,1909300,16520100,0.0,13748100
2024-07-02,5696300.0,3612500,5525200.0,5122200,6720600,876400,2052100.0,16713500,21258400,6729700.0,9933300,369300.0,2695600,9245500,424800,25258500.0,3652200.0,7213600,5431700,9248300,0.0,2425200,5422700,2316500.0,1493400,1083600,2042800,16424000,0.0,8412700
2024-07-03,5848800.0,4601800,5597700.0,3316100,7634100,640700,3127200.0,11840200,17252800,7639300.0,7022000,248500.0,2551200,7436000,450400,11765700.0,3008600.0,5952500,6484600,10183800,0.0,2250700,5232800,2533700.0,1138000,642100,1332600,20129200,0.0,34019400
2024-07-04,6368100.0,2666100,10829100.0,2526600,8117900,1165700,5654700.0,8139900,9353000,4604200.0,5713700,107600.0,6265500,5861500,679800,10471100.0,2808500.0,5766000,4385800,5683100,0.0,3060300,7464400,2950500.0,1214300,817400,2688900,26247200,0.0,11937600
2024-07-05,6335000.0,4622000,4597900.0,5590000,7789400,752100,3118000.0,8580700,12362300,10869300.0,6230800,141400.0,2539100,7939400,1112800,13613000.0,2556000.0,7440000,6500200,8377700,0.0,1847400,6571700,2937800.0,1445400,936600,4180100,18430400,0.0,19509000
2024-07-08,4943500.0,1981700,9556900.0,3851700,5865700,793300,6637100.0,7293100,18430100,6030500.0,7042600,276400.0,5961700,10448700,1317900,12797400.0,2656400.0,7626900,11712100,6699200,0.0,1143800,7921400,2197500.0,3503600,810500,4942400,16156200,0.0,18447500
2024-07-09,7986400.0,2572300,15110000.0,4731800,9676100,1535400,8135400.0,14658800,22548200,5545400.0,13428600,86300.0,5982100,7977800,1503200,18636200.0,2912200.0,10076200,11044600,11389200,0.0,1549000,8194900,4017200.0,2286700,942900,5045200,32010600,0.0,10564600
2024-07-10,6470200.0,2019900,9971700.0,5205400,6294700,1121400,5595000.0,8233300,30969800,3944700.0,19192200,67000.0,5381900,10907100,584100,18888900.0,2778300.0,5763700,7896500,10290600,0.0,1722900,5450000,3291800.0,1235400,842000,3881700,15163800,0.0,9607200
2024-07-11,4990300.0,1293700,7681900.0,3867400,6842100,728000,3800800.0,11689900,14512000,3430300.0,7698300,289800.0,3833600,8302000,561000,15981400.0,2678200.0,11001000,5412300,15419800,0.0,1445100,8802600,2654700.0,2747000,945700,3787100,25226500,0.0,9049100
2024-07-12,7151400.0,1435600,10655600.0,3874000,3553400,1232700,5392500.0,8646200,18050400,4554200.0,7369600,254700.0,4442000,8736600,481400,14695100.0,2682600.0,5109200,8716700,5523200,0.0,1373400,5136100,1453100.0,3312000,889800,2079900,16053100,0.0,8545000
2024-07-15,4481500.0,1185400,10294100.0,2451000,3067200,1208600,4631600.0,8550900,16287600,1691400.0,4409400,60700.0,2888200,3694800,402500,23875700.0,2564900.0,3953500,3659300,6044600,0.0,1172000,4886700,1465100.0,966900,1151000,2155300,16131600,0.0,11248900
2024-07-16,6992700.0,4079700,8646100.0,6589100,4002300,907800,3256100.0,7322900,12327400,2866700.0,24769400,113800.0,4286400,7680700,888900,24489300.0,2565300.0,7479100,7816800,11029900,0.0,1534100,4765700,3172800.0,1863400,812600,2243700,17481000,0.0,10324900
2024-07-17,28890400.0,7855000,17207600.0,22598600,6970100,1573000,10716900.0,16292100,25546900,7463500.0,72360096,180100.0,5875500,16982000,1128200,47939600.0,2663900.0,14342000,25058400,27351200,0.0,3362500,7031600,8679900.0,2651000,872700,3464800,34909100,0.0,17511300
2024-07-18,10659400.0,3362700,8286900.0,8111000,10800200,1131900,3847700.0,8493000,20477300,1621400.0,30072900,134600.0,7523700,7938100,1203600,21384300.0,2941600.0,9452500,10719300,11221300,0.0,1651700,6284400,3563500.0,2142300,999400,2283000,15897100,0.0,9699200
2024-07-19,17067800.0,3082700,6815300.0,10147600,6551700,663300,5131800.0,6972800,11865200,4686600.0,45583300,55900.0,4785600,12007200,728700,23862600.0,2690500.0,17264600,8140200,14092100,0.0,1323100,6180800,4828200.0,1748000,840400,3392700,16979400,0.0,5274100
2024-07-22,15146800.0,3438100,8673300.0,15868100,6216900,1142800,6232700.0,10027300,18399400,9166400.0,33806600,99700.0,4068800,5883400,990500,21589300.0,2891000.0,10111600,10809000,14480100,0.0,1461100,5135700,5098600.0,1776000,741200,2654800,15847000,0.0,7586900
2024-07-23,15105000.0,3359700,12586800.0,9825700,5311600,656800,3977100.0,8620200,15056900,6704800.0,47896200,58800.0,3375900,9198000,439700,21581200.0,2703400.0,12721500,11984600,12471200,0.0,1410400,4859200,3948000.0,1446300,789400,3777800,17890000,0.0,8859200
2024-07-24,12248400.0,2478000,7430500.0,10316300,4151700,1006200,5005100.0,8709800,19233100,4341300.0,25838700,33200.0,3435000,15062500,383300,16962200.0,2670500.0,21938000,12412500,10819000,0.0,1476700,4430000,3426700.0,1657400,806200,3613500,13366800,0.0,5260200
2024-07-25,7155800.0,1465000,5263300.0,6106000,2563400,490600,1939700.0,5506500,13319700,3162000.0,20386600,11300.0,1645300,4903300,416200,8500300.0,2473700.0,16462300,8570900,8303700,0.0,881000,6224500,2790100.0,4336200,816300,1957600,10459200,0.0,14310000
2024-07-26,3447400.0,1238300,4204000.0,3281100,3951100,545800,2930200.0,5576500,8806900,14304300.0,12160400,99300.0,7229400,4384000,1302400,8538200.0,2276500.0,6997600,5366200,6322500,0.0,903300,3908300,1464000.0,1376600,631700,2975400,7748600,0.0,14275800
2024-07-29,4102600.0,1045400,3351600.0,3120200,4859800,362200,2070300.0,5021800,15443700,1260100.0,9503000,52500.0,3719200,5340200,427300,7447000.0,2376500.0,5697800,5947800,5196700,0.0,452800,4356000,1868900.0,2665100,627100,5781800,6226600,0.0,9488900
2024-07-30,5489200.0,2282100,5909500.0,4284300,2373800,631600,2018800.0,4972000,15542800,1526500.0,19571700,96300.0,5717400,5470300,714700,17592400.0,2209700.0,5987100,4458200,6723500,0.0,977800,4684400,3730100.0,2426200,689100,6375600,12800200,0.0,10130800
2024-07-31,8548700.0,3161200,16415000.0,6542400,2869200,3188600,2859400.0,9079800,24285900,2690200.0,20396300,145300.0,3565400,10333100,926300,11129100.0,2533400.0,7852600,6032600,11002900,0.0,1863400,3718200,5398700.0,2598500,429200,21144900,35033400,0.0,6988200
2024-08-01,9174700.0,3825500,8709200.0,8811100,6870300,1422900,3734300.0,8071100,30480400,3876100.0,32341200,65600.0,7659500,10605900,1285700,28793000.0,2893400.0,23876700,11998200,11637400,0.0,4800600,6190900,4218000.0,3279200,779800,8865800,15647200,0.0,13055900
2024-08-02,13706000.0,1968800,9195400.0,10408500,9944700,1395600,2308900.0,9696000,17545800,3044400.0,23767000,62100.0,5314700,7605200,597000,24435500.0,2979300.0,15346200,10783600,13700300,0.0,1511400,8614000,4311300.0,2214600,625400,10290200,14027800,0.0,9306900
2024-08-05,20086500.0,2723100,11915300.0,10630500,10415200,2101300,4195100.0,10161400,45610000,5591000.0,31221800,50200.0,6260600,11577700,1609500,30022700.0,2951100.0,22026300,21028700,16810500,0.0,3059700,9956500,6979100.0,3942800,880900,12155500,28580900,0.0,13626200
2024-08-06,8020900.0,1806100,5424000.0,4871100,6728100,888700,3084900.0,6422100,19759200,3565000.0,16963800,116200.0,5272100,6419700,738500,19137900.0,3062200.0,17111000,8945400,17667600,0.0,1653100,5853400,2711600.0,1722300,415700,13496200,13180000,0.0,12005000
2024-08-07,4400300.0,2145000,10932400.0,3892500,2822800,1832200,4143000.0,6343600,15411700,1909500.0,10207600,104900.0,3653400,4794900,704300,9209600.0,2693400.0,6527000,7957500,19624800,0.0,713000,36732700,1515700.0,5315500,733400,10700700,13538000,0.0,21450600
2024-08-08,3649600.0,1424000,12462800.0,5155000,2654900,3931000,3006900.0,8031000,21915800,2606500.0,10204400,20300.0,9533100,5791600,892100,13153800.0,2521800.0,11140000,5944200,41051900,0.0,961200,8833300,2588800.0,1543000,627500,5811000,21942400,0.0,8490200
2024-08-09,3006900.0,1050900,7841400.0,7179900,5496400,1243900,2928100.0,5239300,12123200,3075400.0,8470400,21400.0,3965800,17518100,471000,9878000.0,2280100.0,14921400,9925300,14966900,0.0,1136700,8691600,2128400.0,2266900,490900,4527500,10704400,0.0,4712100
2024-08-12,4197300.0,1358400,7646800.0,3052300,6183500,1889500,2727400.0,9878100,12576000,1726500.0,10231700,24900.0,4458500,11011200,542700,7976300.0,2237000.0,11074900,9701500,10346600,0.0,1060300,8353000,2392000.0,1806700,569700,5804000,12636700,0.0,4950200
2024-08-13,2850000.0,1015400,13729300.0,3764400,4097900,1731900,1986100.0,5394200,26244600,2486100.0,6721200,50600.0,4760200,9391000,732900,6489400.0,2397400.0,9397100,7059600,11492700,0.0,1592900,7145900,4890000.0,1399600,439300,6734400,10643300,0.0,4207100
2024-08-14,3316800.0,1703800,9088700.0,4668000,2862200,2298800,2924300.0,4991000,13691400,2101800.0,6574600,162600.0,10253700,6293000,1649400,5789500.0,2116300.0,7222100,5866500,11836400,0.0,1492800,10119200,1546700.0,1377400,476100,5456200,8233100,0.0,12337200
2024-08-15,2655100.0,1004300,5419800.0,4421800,2257600,1248000,1954700.0,6473900,16229400,4393200.0,7883800,47500.0,3319900,7146900,899700,11415400.0,2099200.0,9340200,3730700,9559800,0.0,921000,17778700,2118100.0,1213500,574400,4255800,7537900,0.0,7865700
2024-08-16,6516200.0,2382200,19049900.0,7856100,5093600,2313100,4684900.0,8742200,36326600,3145300.0,21005900,174700.0,8146700,18518500,946500,15104000.0,2739200.0,27282400,8293900,21418700,0.0,1370400,14796100,4174800.0,2307000,1082800,7392900,23592000,0.0,8623500
2024-08-19,3836600.0,2107200,9761900.0,5863100,2498400,3021100,2026300.0,5279700,24427500,3900700.0,8940400,48200.0,5460700,6418900,1178400,12402700.0,2474200.0,9673300,5992100,15706900,0.0,1655200,10779700,4641600.0,1644900,496400,7917900,12496800,0.0,6788300
2024-08-20,5413000.0,4359400,11814400.0,10766100,3741400,2910000,3129900.0,4932200,20444700,3477700.0,16378100,40800.0,5748400,8137200,970200,12037500.0,3006000.0,13817500,6413400,12413000,0.0,3384300,17552300,4033700.0,3036500,558300,4177300,18245300,0.0,13861700
2024-08-21,6556900.0,6170900,14964100.0,27480100,6119700,2170800,2076700.0,6467600,24811600,3061600.0,21525300,77500.0,4523300,8947700,777500,13271900.0,2853400.0,12951100,8881200,20036300,0.0,2745300,13661500,7067100.0,1664500,586000,3991000,33804500,0.0,6213600
2024-08-22,6789100.0,2738000,5826400.0,11485500,3020500,1300200,2104500.0,5339600,24029400,2156800.0,13070300,26600.0,6729800,5281400,785800,9821600.0,4991900.0,10210700,4940600,20780600,0.0,1413500,9224500,8297900.0,2379500,592700,6025900,13069100,0.0,22027900
2024-08-23,3892900.0,2273200,7061900.0,9860800,3055000,891400,2069000.0,4869600,22408300,2255500.0,9573700,19700.0,4063000,4425700,651200,9030000.0,2788900.0,15977700,5876500,11973100,0.0,1075500,9340600,4067700.0,1748500,584500,3307600,23789000,0.0,7332100
2024-08-26,4921300.0,2246500,7874600.0,9584400,2590300,1215500,1970400.0,6164700,21643500,1280100.0,10218000,66900.0,7989100,5961000,578500,12248900.0,2721600.0,19841200,7701300,16940600,0.0,1565800,15625100,3186300.0,2497500,648700,6324800,39610000,0.0,10385400
2024-08-27,4154700.0,4159800,7652300.0,11698100,2338500,1795300,1419700.0,5215000,12450500,1081100.0,10098000,38300.0,5246000,14475100,692700,12522200.0,2236900.0,9974200,4245000,15067700,0.0,900600,18219300,3446700.0,12748800,684500,4265800,15396700,0.0,15093200
2024-08-28,5222500.0,1206100,5744100.0,5938900,2711500,845500,4322400.0,5199200,18656100,2364600.0,12094000,63300.0,4558700,6602000,997600,8457300.0,2382300.0,20047900,4655800,19145000,0.0,1031600,11199200,2300900.0,4933500,746800,3352800,13771100,0.0,12575200
2024-08-29,8588000.0,1686100,3463900.0,12531200,2092700,907700,874100.0,7434500,16163400,4971000.0,22617900,38800.0,1890900,4226000,824600,14114000.0,2521600.0,8714300,25193800,16097600,0.0,1496300,9304200,3745600.0,3209900,744500,2042900,23609900,0.0,12572000
2024-08-30,4483800.0,1798000,4110300.0,8124100,3315800,958100,1249100.0,5893000,17965500,2132400.0,8869300,145800.0,3214000,5295100,1404900,7779100.0,2269900.0,8631800,5079700,13276300,0.0,1669800,11320600,2398100.0,3398500,778900,3675800,11969500,0.0,7658100
2024-09-04,5632900.0,1971000,8177900.0,10446800,4535200,1377600,3842300.0,5516300,19062500,2077200.0,15149200,60700.0,4905100,4462400,698100,16231000.0,2612000.0,10057700,9433600,13719600,0.0,1012700,13810200,2123900.0,3198700,618800,2839100,23328500,0.0,11532600
2024-09-05,3534700.0,1899400,7487700.0,8504400,8055600,900300,2268600.0,5827700,22563500,2612800.0,16458100,36800.0,5019900,8478300,824400,11360200.0,2495900.0,9857300,10457600,11375000,0.0,1184100,22146100,3844600.0,4519500,772700,5857500,15906000,0.0,12485100
2024-09-06,5003500.0,2361500,5169500.0,9157300,3821400,877900,1687800.0,5215000,22851500,1334100.0,14681100,34500.0,4443500,8345500,454100,12272400.0,1715300.0,9538100,8550100,12161700,0.0,784800,10230400,2085200.0,2501900,772000,3641800,15016900,0.0,11269400
2024-09-09,4686500.0,1202400,6411900.0,5375600,2885200,1968200,1066300.0,5326000,32645800,701800.0,7767200,15300.0,3747400,3677000,1129500,9611100.0,809600.0,10104900,4193600,12271500,0.0,702800,10300900,2840800.0,4810700,684800,2638800,15693400,0.0,7303300
2024-09-10,6133500.0,2399900,5456300.0,7474100,4195100,1905500,1778700.0,6282900,15019200,1280200.0,12381300,46600.0,5918100,6456200,1289900,12423700.0,2494800.0,13278400,7772100,14110600,0.0,1192200,12930600,1429800.0,4601800,778000,3332400,20585600,0.0,19049800
2024-09-11,3584100.0,1405800,4869400.0,5494300,3190400,1490200,1827400.0,5068700,14212700,898200.0,9689000,39900.0,2637200,6804000,649500,8874300.0,2221300.0,8911200,6358300,11246200,0.0,1027300,13399000,2198200.0,3098200,891500,3165200,11712500,0.0,8396500
2024-09-12,2617700.0,1105200,3588900.0,4999600,4118000,1759000,2146700.0,4889300,9035800,813700.0,5629000,109300.0,1664500,3872500,625800,5349100.0,5282900.0,5941600,5852700,9122600,0.0,1609600,5663400,1778300.0,2166600,626500,2052100,22640600,0.0,3212500
2024-09-13,2370800.0,747400,5162300.0,3439800,3186800,2093200,844400.0,4032600,12428200,674100.0,4397400,60400.0,2857800,7126500,538100,3782700.0,2204100.0,11642600,6158600,10103800,0.0,1624800,5405000,1621000.0,1526300,669700,5347100,9336300,0.0,4986800
2024-09-16,3712400.0,1570700,3620300.0,5810800,1915700,1863200,3306400.0,4191800,14573600,1228900.0,8418300,55800.0,5065500,5295500,567100,7831800.0,2986500.0,9523800,4878700,11594300,0.0,727700,8361100,1832900.0,2005200,773200,4034700,8949100,0.0,5645600
2024-09-17,4078100.0,1363300,5266500.0,5230100,2651400,764100,2885400.0,4479300,13173400,1003300.0,8279900,110200.0,2785100,8761200,361500,11334200.0,1635400.0,9660800,5758400,7238500,0.0,970800,15786300,1548000.0,2237700,842400,2390300,10212200,0.0,6036500
2024-09-18,8718500.0,1836300,3775700.0,17487600,5379600,777600,3875900.0,5821600,13234500,1686600.0,13554500,136900.0,2719900,10676700,466900,9897800.0,1747600.0,28151100,14764700,15057800,0.0,1721200,12485300,2956000.0,2746900,829500,2845300,22132500,0.0,8583000
2024-09-19,5219400.0,1356100,3578200.0,5835500,5154300,980600,2640000.0,6303300,13677300,943700.0,6720200,105300.0,2663300,5280600,358900,7193600.0,2750200.0,24638000,7185600,13432600,0.0,1345500,9903100,2095400.0,2240000,771000,1572700,17466800,0.0,4719500
2024-09-20,34310900.0,2652200,10809900.0,13164300,3719700,998500,2374700.0,8364200,44588800,4279500.0,26323600,88200.0,4014300,5016600,946400,17901400.0,2707200.0,31676100,23258900,30615100,0.0,2180400,25318400,6346100.0,3926500,1227800,5232400,52246200,0.0,12860100
2024-09-23,8574100.0,1217700,3369900.0,4440300,2441200,552300,1808400.0,6282800,15513400,2526600.0,18841400,336400.0,1836800,5047700,646600,7551200.0,2009000.0,19233700,6037200,8232000,0.0,696500,7376000,3124100.0,1713400,563900,2930300,29074100,0.0,10845800
2024-09-24,12775500.0,1414200,4833100.0,5546400,2011400,853100,3633500.0,6297900,10647000,1877000.0,17579900,241600.0,3044400,6640500,598600,9959200.0,1049400.0,8610900,24839400,11039500,0.0,522400,6958300,19066000.0,1438700,694600,2076500,37613000,0.0,5918900
2024-09-25,23014300.0,5257900,5813300.0,9797800,4479900,665000,3793400.0,7297900,41009200,4189000.0,32046100,103000.0,5135300,5446300,337400,19411900.0,1935700.0,27327900,28614000,23428400,0.0,2602400,10672900,15476000.0,3721100,863000,4520500,45912400,0.0,7600900
2024-09-26,18172200.0,4232600,16138900.0,22830200,2815600,1109800,3546000.0,18888500,21745200,4217000.0,26475400,132400.0,4617400,7182600,1091100,38977600.0,2563400.0,14945400,25838600,26218200,0.0,1816800,12259400,19828500.0,2768500,938400,3984100,55121600,0.0,6640500
2024-09-27,10807400.0,3204000,5805200.0,15617800,3352800,536000,2615100.0,10545600,30540100,3670700.0,18136400,47500.0,3725200,13131500,794200,49209100.0,1643800.0,12575200,22047200,16810100,0.0,1070900,16363400,17254200.0,2740700,706100,2968700,62864300,0.0,11672700
2024-09-30,8455300.0,2190600,8012300.0,4842500,3030500,646900,1844800.0,9164400,37425200,2209100.0,14401600,46600.0,3473400,5927100,551500,24494700.0,1546400.0,12749400,12432400,21491800,0.0,1276900,9129100,9580700.0,2924300,637900,2043500,26723800,0.0,6834300
2024-10-01,10408300.0,2817700,7453400.0,12315100,4725900,1032300,4110800.0,9913000,37852700,3925300.0,18768300,29300.0,6912000,9995700,559300,27370600.0,2012200.0,14445300,16258900,40736400,0.0,1724400,11220500,33157700.0,1914600,791500,2040200,33052600,0.0,9870100
2024-10-02,10112400.0,1835200,7430100.0,11271900,1719800,1053700,2572200.0,9025400,21285700,1390800.0,12817100,115600.0,2345800,7157400,635600,21227700.0,1753500.0,11820100,11383200,28212200,0.0,1378900,7970100,8365600.0,1527200,659500,2139900,37579900,0.0,5084600
2024-10-03,14798400.0,3503800,7257900.0,9111600,2300800,793300,3456300.0,9384500,26798500,2302700.0,20995600,328900.0,7165200,14743000,606400,46181500.0,2634500.0,12830600,19074200,29754600,0.0,1699200,26887200,25247700.0,3460400,793800,2948000,49868500,0.0,14455900
2024-10-04,8664100.0,2164800,4952400.0,8545600,1468400,867900,2301700.0,8692200,17555300,2570800.0,18601300,139400.0,3189400,5272300,381200,16306500.0,2103800.0,8506100,14347400,21424400,0.0,859700,6764300,10344200.0,2144700,738600,6134000,34247700,0.0,9504200
2024-10-07,6769700.0,1492500,3205200.0,5298700,1330500,580700,1552900.0,9450800,12466400,1343600.0,10186200,16900.0,4123200,5548200,414800,15377900.0,1635800.0,9644300,14756600,12843900,0.0,610700,7224100,6663900.0,1652400,661400,5986300,25931500,0.0,4876600
2024-10-08,6522700.0,1900100,6341700.0,6638700,2108600,637900,1379100.0,10072500,38169900,15963300.0,11968400,70300.0,2771300,11008100,514800,20413100.0,2261400.0,12340400,13909400,16248500,0.0,1123100,8581400,10322100.0,2648700,774500,2887600,27923200,0.0,3231300
2024-10-09,20003200.0,2190900,5393000.0,9143500,2619900,547200,1840800.0,11084500,41613700,1803200.0,14336900,32100.0,8346300,20847000,613900,11119000.0,2214700.0,17220400,17686600,21677200,0.0,2175700,6742900,12384900.0,1210800,890700,3527900,49592300,0.0,3292200
2024-10-10,9079400.0,2650400,5690400.0,6226000,9952200,1046200,2462700.0,10627400,23823900,4578700.0,12327300,49600.0,19870800,8668600,685400,12852800.0,2135500.0,14886300,20748300,18247800,0.0,1325200,5446300,17525800.0,1471200,2029000,2622600,45236500,0.0,3633500
2024-10-11,6560000.0,1539800,6883800.0,4217800,3813600,603500,2128300.0,7401900,15761800,2062500.0,6485000,40000.0,6900400,10009100,379300,9670200.0,1601800.0,8286200,7702400,13916200,0.0,1083500,15621000,6388200.0,1709800,1404500,2370000,22150500,0.0,12919000
2024-10-14,9026900.0,1161900,3508700.0,4041500,5605300,526200,4002000.0,7891200,17974700,3360900.0,15572800,18400.0,5907400,8405400,335400,14629400.0,2022200.0,12591700,12932200,11945500,0.0,930700,20737100,7510100.0,4264900,1104300,2820500,22645500,0.0,11560900
2024-10-15,7109000.0,6928400,10711300.0,10587200,2860800,596300,2210000.0,7200200,20160800,1866600.0,15413000,25300.0,6647800,12469800,642600,17904800.0,1610900.0,12558800,12425100,14126800,0.0,1430600,9219500,10962900.0,1847000,920900,3073300,44777400,0.0,6680600
2024-10-16,5395600.0,1789000,3775700.0,3778300,2756000,758400,2253700.0,10507300,11628300,2761000.0,10829400,154000.0,8064600,13710200,531800,9057200.0,1669500.0,9811400,18409100,9019700,0.0,1293000,6821300,6300300.0,1211100,814300,2003900,17841900,0.0,4185200
2024-10-17,9195000.0,2118900,5610700.0,6200700,2579200,739500,2683300.0,10759100,20560900,1396800.0,11681000,35900.0,5878300,6628300,294700,15741100.0,2139900.0,11043700,27209600,9422800,0.0,1285400,6677100,13633600.0,1030100,770900,1655000,22772100,0.0,5000900
2024-10-18,11490300.0,3395100,3171000.0,7054400,2169400,322500,4557800.0,8427200,16242400,1689300.0,18478000,18100.0,5100500,6162200,245300,19545400.0,1700300.0,11887200,32865500,15418700,0.0,1162700,8960800,29939000.0,1174800,997000,1597500,24407000,0.0,5084500
2024-10-21,5532000.0,2125200,4486400.0,8242100,2681300,469700,1961700.0,5196000,13894500,1460600.0,9410500,20500.0,5181300,4333000,645600,11402300.0,2019800.0,11792200,13537800,9745000,0.0,1423100,21161800,11022700.0,2219200,827000,1860000,18193500,0.0,11488800
2024-10-22,12115300.0,3371700,8774600.0,9519000,6009200,545500,8186400.0,7158800,18311500,4138600.0,20327200,16900.0,7311300,9780100,646300,19810200.0,1849500.0,15344900,17680700,16873500,0.0,1259500,12670800,25443600.0,2045600,790400,2250400,22322400,0.0,9087500
2024-10-23,7699300.0,2397200,2258500.0,4488500,3015100,667000,2834600.0,7162200,13607700,1583600.0,11634500,23400.0,4189400,6100300,369000,12082400.0,1855300.0,8135500,12097200,16761200,0.0,749300,33349400,24225600.0,5014800,776200,1635900,15969500,0.0,6222700
2024-10-24,8926500.0,1465200,2657500.0,6405900,2277200,413400,3868400.0,5794800,15898900,1328800.0,16246700,61500.0,5506000,4641700,228400,13641400.0,1717700.0,11773000,32157700,14256700,0.0,755400,33609200,10839900.0,2055400,771400,4365000,26049600,0.0,10654400
2024-10-25,9220400.0,1696500,2674500.0,4448300,1839000,322500,2905000.0,5776300,9445600,1119700.0,10606300,9000.0,10132900,4950600,449500,12071100.0,1739600.0,7953400,19673700,14325400,0.0,996300,24552700,18185000.0,2047900,734700,2170200,16940400,0.0,4770300
2024-10-28,4995600.0,1726200,1963700.0,2288100,1506000,311300,2184400.0,6196300,11933000,922700.0,3872900,14200.0,5735500,3958700,238900,6932800.0,1894000.0,6128800,11423600,7020100,0.0,1105800,19543500,14480800.0,1473100,774200,2923300,11242600,0.0,3242500
2024-10-29,4176800.0,2176400,2223700.0,2890000,2459200,352000,1808800.0,8177200,15733100,785900.0,5342200,21700.0,3292200,9538500,258400,7127100.0,1841000.0,5358800,10111000,6285800,0.0,1297600,17360800,28752200.0,1285000,694700,2030600,14155600,0.0,3815600
2024-10-30,3872400.0,1415800,1483900.0,2626400,1709800,318400,1420900.0,6908500,11064800,1329200.0,6320000,54600.0,5638600,8927400,357300,7094200.0,3265100.0,9615800,17096800,11087000,0.0,626500,31820300,21736400.0,2024200,721000,3431700,9997900,0.0,4299200
2024-10-31,5074500.0,1792200,7028800.0,8400500,1241700,620100,1348200.0,8318800,13325100,1350900.0,6662200,43000.0,8540200,6146200,486300,12638300.0,1930400.0,7085500,17764700,8621600,0.0,2888900,23737900,6463700.0,1827900,752200,5170700,13914600,0.0,6931800
2024-11-01,7855400.0,1543200,2179000.0,7983200,2667500,427300,2875500.0,8688200,13201400,1565300.0,9317300,38700.0,13047900,21332900,436900,6609800.0,2696400.0,8377200,9112000,14550800,0.0,1729900,16952200,8279000.0,1338600,645900,2178000,16603900,0.0,10571700
2024-11-04,9116700.0,1337100,2237200.0,5247600,3182900,461700,2648300.0,7428000,18309700,1169100.0,11901500,67500.0,8323700,9363400,456700,9520000.0,2028700.0,13413500,11339100,13930100,0.0,1853600,19838000,9164500.0,1345200,724900,2118800,30569300,0.0,4921400
2024-11-05,3066100.0,1526000,1390700.0,4093100,1657100,542000,2156300.0,5509200,8094800,1232900.0,6496400,13400.0,4967700,5272300,271600,5928500.0,1757500.0,3203100,6852800,9921800,0.0,1082700,14140300,4577800.0,963000,727300,1060900,9956500,0.0,2633700
2024-11-06,6242400.0,1082600,2356900.0,3543500,1801500,501500,4992000.0,6167600,20991900,492100.0,6561400,83900.0,6268000,5415400,391500,6772500.0,1858600.0,10676500,6934000,15680200,0.0,1416800,15064600,6074600.0,1521600,696700,2594600,16235900,0.0,2971100
2024-11-07,4841200.0,1263600,2074900.0,3822400,3570500,372800,3116400.0,6379400,15984800,884400.0,4721700,26000.0,4433800,5244200,294500,9014000.0,1616800.0,5991000,8231800,8601500,0.0,1418900,15995700,4892500.0,1172800,648900,1152300,13396000,0.0,2770700
2024-11-08,8221400.0,2648700,2146300.0,4916300,2106300,428800,3288000.0,7433500,24762900,1474500.0,7681300,31700.0,7811800,4698600,516500,6324500.0,1735000.0,7720000,9413400,13097100,0.0,1380000,22517000,9534100.0,2191200,691200,1592400,24424300,0.0,4487200
2024-11-11,6742100.0,2600300,3231400.0,16325500,5292000,544200,2587400.0,8246300,40877300,1546600.0,17138000,31200.0,8238800,9390500,446500,12675100.0,1706700.0,12696500,32893000,15357300,0.0,1873400,15312100,15262800.0,1944400,686800,2737600,28129900,0.0,5983800
2024-11-12,4142900.0,1686200,3193400.0,3342200,2914700,425500,2055900.0,6514900,23963200,1121400.0,8810800,28500.0,3990400,10600700,1042200,8800400.0,1717000.0,10035100,14613800,12489700,0.0,1336300,16217500,8404500.0,2485900,714300,1729600,15114900,0.0,4570800
2024-11-13,6390100.0,1816400,5541700.0,4244200,3455400,827600,2498000.0,7335200,22287600,1166000.0,10658900,15600.0,4122600,7232500,314300,7479100.0,1860900.0,12418200,15006400,13323900,0.0,1331800,14066600,6297800.0,2043200,705100,2770700,20297800,0.0,6231800
2024-11-14,5795300.0,1998500,5667000.0,5270200,4736300,543800,2776900.0,7753800,26564300,957600.0,8429800,23400.0,4521100,4481400,298700,9471300.0,1872500.0,12754600,9004900,7429400,0.0,1719700,16947200,8002200.0,1968300,665000,1779900,12405400,0.0,11398800
2024-11-15,9277500.0,2255800,5002600.0,8350400,6563600,774000,3097000.0,9616400,27604300,1814200.0,11785200,25900.0,5685500,6648600,386200,15429400.0,1783500.0,25501800,12216400,14453100,0.0,1508600,17024300,14090000.0,2309900,756900,3688300,16699300,0.0,10515600
2024-11-18,8106600.0,1914300,3415800.0,4072900,3903400,936700,2509300.0,10096600,20599400,1491400.0,15027600,43700.0,5225100,12080100,471600,13042200.0,3545400.0,24877000,10149900,12110400,0.0,1874800,23032900,7499600.0,1892700,757900,3747000,19557500,0.0,7123800
2024-11-19,5784700.0,1457400,1658900.0,5280700,7642800,693100,2306700.0,8273100,15842800,595300.0,7581900,8500.0,3920200,5338500,497100,8847600.0,3297900.0,10705300,7271700,6936100,0.0,1577000,26469700,3613400.0,1858400,579900,2733600,11166800,0.0,4931300
2024-11-20,6237600.0,2188800,2916200.0,6494000,8460300,711800,2657000.0,9631000,22750500,1128800.0,9713500,17600.0,3919900,9752900,414600,9064600.0,1905200.0,17961700,8575900,10247500,0.0,1640700,28417400,4479200.0,1840800,729300,2818000,17682700,0.0,9344600
2024-11-21,7581900.0,1472400,1565100.0,7810800,3176700,1167800,1808500.0,8075200,12777100,620300.0,6580200,32600.0,3799900,8166800,243200,7646300.0,2243100.0,14195600,8026600,11213000,0.0,1461100,34404900,3701900.0,1991900,693000,2253500,27855200,0.0,6395700
2024-11-22,5693800.0,1874700,2554500.0,6181600,2915900,1015100,1785700.0,7859300,17266400,767600.0,7345500,42200.0,3658600,5804700,382400,5395100.0,1697400.0,12804200,5610500,14405800,0.0,1729700,9091600,4951100.0,1336300,604800,2176700,18059300,0.0,5011100
2024-11-25,4108700.0,1110400,2062400.0,3824500,1849700,901200,2182500.0,7384100,12830400,313300.0,4808800,12700.0,4915500,4568500,388600,6714600.0,1972900.0,10156700,5082200,7187600,0.0,1814000,4401200,11233500.0,1915300,773600,2446600,7649800,0.0,4345600
2024-11-26,3558600.0,1839300,2362300.0,4538800,4176100,448200,2765200.0,6538600,13180700,792400.0,4436300,141200.0,4756300,4370400,718100,7056800.0,1845000.0,9334300,6126800,6757500,0.0,1759900,4289500,6879500.0,1230800,578700,1675600,18360500,0.0,4397100
2024-11-27,2744700.0,1214900,1698500.0,2761100,9814300,417500,1369700.0,7045500,7966600,1136800.0,4073600,6300.0,2239300,4937400,432800,3412500.0,1939200.0,9322900,5196000,6388200,0.0,1047200,3650400,5210400.0,992200,568800,1586400,6902700,0.0,3678200
2024-11-28,4592100.0,1284700,3191000.0,3289800,4742700,442900,2401700.0,7320300,14131000,1803500.0,6587200,20300.0,3106100,3774500,342400,7444400.0,1942700.0,8460700,8503500,8136900,0.0,1289900,6514200,13648200.0,1116300,635800,1273300,11978600,0.0,5075200
2024-11-29,3880000.0,1443200,1415800.0,5142400,11586700,283000,1809200.0,5931800,13877300,895400.0,4338100,65600.0,4424300,5587400,436000,4768200.0,2162800.0,9018200,6626200,8447400,0.0,1010500,5524400,8485700.0,1965400,674400,1105500,6008400,0.0,7796000
2024-12-02,2487700.0,1314100,1269300.0,4468300,6616800,404200,1918400.0,5374800,18575600,6919600.0,4110300,20100.0,2724700,2789900,355300,6315100.0,1740600.0,7836700,5222300,6569300,0.0,1573100,3781200,5234500.0,2064000,576300,1229100,6324600,0.0,7004000
2024-12-03,6127300.0,1400100,1750900.0,5261300,5103700,634300,2569400.0,11353100,15812100,4697500.0,6576600,20900.0,2928400,4019600,374400,7219700.0,1829200.0,12527000,8715400,8333300,0.0,2445800,5187200,9894400.0,1873300,695700,2425200,10874600,0.0,4707800
2024-12-04,4616000.0,2399100,2700600.0,4137800,5609100,308300,2916000.0,6699700,12508500,3124300.0,6135700,15300.0,4106400,8857200,1381400,6399900.0,1748200.0,9139300,5780600,8179300,0.0,1204400,5167400,7111800.0,2491600,696300,2745800,8458600,0.0,10716000
2024-12-05,8267100.0,2427400,5601100.0,10395100,4849200,630900,2958200.0,9434400,44746700,2377800.0,10559800,16100.0,5390800,8615300,676400,14896000.0,2301900.0,35613300,13198900,14188900,0.0,2333000,4852800,11423500.0,3370100,790500,2218400,31488800,0.0,6615400
2024-12-06,6049500.0,2497200,9391600.0,5625800,4541200,430800,5687900.0,7606400,23751300,2742500.0,6119000,43800.0,5635400,7825300,1069700,11005800.0,1856600.0,33824400,5016000,10921300,0.0,1700100,4870000,7405900.0,5327100,639400,1677900,11632800,0.0,6189500
2024-12-09,5414200.0,1717700,5700800.0,4392500,4539000,395900,2153900.0,9301700,15948700,1615200.0,5848600,26800.0,2810900,4410300,462400,8369000.0,2470500.0,18860200,5819800,7597400,0.0,1957500,1300800,5693400.0,3341600,681100,1762700,19955200,0.0,4682100
2024-12-10,3399100.0,1943300,4508400.0,3293400,3597200,402500,1802500.0,19907400,32689300,1092300.0,5009700,23300.0,2512300,4226800,735300,7616000.0,2288800.0,12619100,5671300,7039400,0.0,912700,4579300,4789100.0,2352900,548800,1711000,7241900,0.0,4540800
2024-12-11,8827300.0,1286600,3654500.0,4390000,4816600,539000,2909400.0,14899100,17031500,1869200.0,5623000,147100.0,2857600,4821400,817200,31681000.0,2086500.0,12560400,5182000,10341200,0.0,1609700,4020600,5651400.0,2168100,685400,2024600,13262400,0.0,8251600
2024-12-12,5863500.0,1935300,3279200.0,5010500,4147900,516000,2559700.0,12025700,20965100,2414300.0,5748500,68800.0,2674500,3772900,507300,14783300.0,1754100.0,12180000,4826000,18543300,0.0,671500,2984800,5848600.0,2147400,663200,2249800,23034300,0.0,4406000
2024-12-13,6040200.0,1382900,11393300.0,4180300,3379800,348000,1142900.0,8994700,17265900,1281200.0,4396300,51600.0,3536600,5596800,461700,7682100.0,1793700.0,10969600,7644600,11020400,0.0,1227700,3126900,5249600.0,1952200,575200,1396700,7750600,0.0,3566800
2024-12-16,5161100.0,3247200,4409400.0,2866500,3291100,350100,1315600.0,7804900,16652700,884000.0,5691600,97600.0,2462600,3621300,206600,6695600.0,1704900.0,14599300,4502700,6356400,0.0,1121800,2668000,5088900.0,1159200,643600,2387600,6791900,0.0,3468400
2024-12-17,3329200.0,2248800,3028800.0,3429900,5947500,412900,948600.0,8721000,10809400,1036300.0,3867900,66400.0,1652300,3676200,339400,5356100.0,2372600.0,6199400,3703800,5387400,0.0,1048100,3708600,3377700.0,1329900,671400,1204000,8186500,0.0,5731600
2024-12-18,3381500.0,1661100,3647300.0,2933300,2923400,504100,762900.0,8357500,12794200,2076900.0,3778700,44500.0,2486900,4076200,270100,3927800.0,1526600.0,7203300,4850900,5786300,0.0,530300,2431900,5668900.0,850100,605900,1614100,4843000,0.0,4496000
2024-12-19,9712000.0,2706000,5528500.0,6319500,4805200,721400,2228300.0,10108500,30331800,1533700.0,10456300,47100.0,3513100,7103100,769800,22186000.0,2264900.0,30712700,8676200,15028500,0.0,1869700,5724800,12871900.0,2486800,1135400,2626900,21112100,0.0,6408800
2024-12-20,4724000.0,2993400,3574700.0,3418200,3538900,341700,956600.0,7031200,13746900,971400.0,4123400,44700.0,2753800,3751400,778600,13996400.0,1581500.0,12287800,7578900,4594100,0.0,1245900,3475300,3273300.0,1569200,1007700,3799600,6638600,0.0,3568200
2024-12-23,3465200.0,2895400,2962900.0,3097200,2514800,563700,1803400.0,4864700,12898800,1034700.0,3290600,50200.0,1755400,5538600,588200,6546400.0,1748500.0,7842600,10898800,3208600,0.0,707200,1992400,3862800.0,999700,698100,1347800,7737800,0.0,4976400
2024-12-24,3230700.0,3216000,3080900.0,2831100,2300900,509800,1861800.0,5349600,13462400,1254400.0,3479800,105600.0,3833400,3062600,510800,7121100.0,1701000.0,12299200,6484800,5175500,0.0,1024300,3214900,6079700.0,1333700,675800,1287000,5918600,0.0,6940200
2024-12-25,9512300.0,5277300,3002900.0,25190700,2513100,456300,2092700.0,10201000,17144300,4652700.0,14819900,63000.0,3713100,6300500,845200,11196700.0,1924800.0,26221100,24376900,18370600,0.0,1827700,3559700,15320100.0,1908100,938200,1302500,14786600,0.0,9435700
2024-12-26,5579300.0,3884200,5204000.0,4847100,2233300,997100,1144000.0,7888400,9975100,2059900.0,19904600,151900.0,2134200,6554700,866500,8690200.0,1693500.0,8764400,16442000,5475600,0.0,2202900,3690900,21867900.0,877500,620800,1708800,8211900,0.0,3726700
2024-12-27,7689900.0,2859500,4178300.0,9539300,2561700,539900,1609600.0,12436100,11389200,9363500.0,16701900,240400.0,2398100,6947200,632700,8483800.0,1741800.0,16346900,11145700,15395600,0.0,1639900,2847200,22848400.0,1497700,650900,2443700,16560300,0.0,5865200
2024-12-30,5000400.0,4011800,2542000.0,7210600,1982400,402400,1070600.0,10589200,12168200,3349400.0,11064900,114200.0,1654300,4178100,478700,6303900.0,1727400.0,11494000,10631900,10145800,0.0,1706700,2516300,7629400.0,1415300,751900,1490800,6678700,0.0,5681900
2024-12-31,8841000.0,3416900,5588800.0,5449700,3603200,770800,1178200.0,9184500,10247400,2470600.0,11241300,163000.0,2800400,4520300,366000,7209300.0,1631400.0,8234000,9388400,9403700,0.0,2374000,4191900,6423000.0,1784400,684300,1641900,8163800,0.0,4645500
2025-01-02,4567900.0,3160500,3330800.0,5742600,3172800,427800,946400.0,12600700,14961200,2568300.0,12435800,76400.0,2326400,3969400,359100,6487300.0,1644600.0,8938200,5957100,7834500,0.0,1630500,3009900,6755900.0,1340500,746800,1336600,8363400,0.0,6915200
2025-01-03,5017300.0,3698500,5022300.0,10284500,4336100,460500,1619700.0,7212300,13200100,4896600.0,11035600,116200.0,2679200,6604400,367400,11358700.0,1760500.0,16065900,8642600,17426900,0.0,1402200,4269100,7458700.0,1729100,743700,1776700,10601500,0.0,2701100
2025-01-06,12052700.0,4820800,4679900.0,6045300,3467100,673300,2127100.0,6407500,15250500,2190400.0,14555800,35600.0,5156900,5409900,941500,9696200.0,1709400.0,9985000,9584000,8132700,0.0,1936800,3321300,7984400.0,1625900,663900,2103500,6917300,0.0,4480900
2025-01-07,5022100.0,10448400,0.0,6267400,3453300,683200,3865500.0,8626500,14399600,1883800.0,11801300,30200.0,5735600,5532900,403600,7884900.0,3200600.0,18563600,7377300,7615500,0.0,1252400,2849700,7023600.0,1965000,615600,2802100,6745900,0.0,7224500
2025-01-08,4088100.0,3125200,0.0,3664700,3879900,521700,2445900.0,18480600,12957600,904600.0,6536100,22600.0,2812900,3068200,496600,3780900.0,2124100.0,9134400,6074100,11947100,0.0,1052000,2438700,4983100.0,925800,487900,2053300,4829800,0.0,3265700
2025-01-09,3839200.0,3599100,0.0,4056700,1714400,369400,1108600.0,18307900,9236900,1024700.0,4367500,23500.0,1886700,1738300,411400,6104500.0,1946700.0,8907600,5593400,4709000,0.0,738300,4211400,4807900.0,1187900,439600,1500000,3978900,0.0,3344000
2025-01-10,4710900.0,3114500,0.0,7501000,2524700,422600,1211900.0,16004300,14273600,1885900.0,8681700,34200.0,2905200,3594100,475600,10955800.0,2155900.0,21372700,15560200,6232100,0.0,1112500,2320000,10223500.0,1104600,470300,1189800,6522500,0.0,8897000
2025-01-13,4625500.0,2461400,0.0,9377500,3488800,542400,947000.0,14703300,13576000,2608200.0,7871600,17000.0,3672000,3791900,462200,10598200.0,2534200.0,10836600,8382600,7939900,0.0,937600,3978900,5688700.0,1680700,519700,1101700,8588900,0.0,4774200
2025-01-14,5059900.0,957600,0.0,3716700,2897200,397300,901200.0,12557900,7660700,1098100.0,5736000,55800.0,3586600,2917600,329200,9053800.0,1885900.0,8104900,4412700,4180100,0.0,677300,5407600,3487800.0,2326300,491200,1147600,11010000,0.0,6583700
2025-01-15,7425100.0,1485800,0.0,4980700,2840900,395000,680400.0,7970900,11221600,1015700.0,4726200,40600.0,4159100,3242300,331800,5030800.0,3355300.0,9867500,6977700,6720200,0.0,445300,2707200,6065800.0,874200,476400,1216400,5618700,0.0,8227500
2025-01-16,5005500.0,1628500,0.0,6641100,3568000,493400,730300.0,11703600,11206800,1235200.0,7329100,24100.0,2458700,3794300,572400,6942000.0,2524600.0,18541100,9548300,8074100,0.0,2460200,5138800,5915600.0,1999800,727300,1684500,9492000,0.0,6720300
2025-01-17,2378900.0,1572900,6048500.0,3948300,3537000,321700,1314400.0,13331000,13950100,1839700.0,4483700,17600.0,1689700,2697800,637800,6909000.0,2076800.0,7043000,5715900,10016400,0.0,1122600,4153100,5072400.0,1173800,523200,889400,4423700,0.0,4432800
2025-01-20,4004400.0,2854300,3740500.0,4400000,2217700,662000,1012900.0,20689500,9654200,1248700.0,8238800,90500.0,1814200,2216200,200400,5468300.0,1936100.0,6981800,6359200,5183100,0.0,1761500,2996900,9721800.0,646200,421100,1633600,6430800,0.0,6900600
2025-01-21,4342600.0,2139600,7428700.0,5502600,2480300,349300,1030100.0,13007200,10421500,2017400.0,6770200,233900.0,2258500,3419600,257900,9734200.0,2690900.0,8023600,5396100,8127000,0.0,1264900,4494600,5162700.0,1313500,480800,1403900,11084100,0.0,3529400
2025-01-22,2787900.0,2020900,2778600.0,4497700,2785600,313300,1362800.0,19175000,10280000,6970600.0,5961800,146700.0,2338800,3103000,201200,7149100.0,1963400.0,9555200,7602200,7455200,0.0,979100,3640500,6919300.0,1135200,474500,1760900,10799900,0.0,3206000
2025-01-23,8896800.0,2925500,1806800.0,7583800,7057800,317100,1461800.0,13211500,15792000,5486300.0,13735100,73700.0,3685200,5657500,235100,9939100.0,2134900.0,18477200,10155400,21069200,0.0,1685100,4632800,11908500.0,1420100,569800,1781300,26477400,0.0,4626700
2025-01-24,4898600.0,2333900,3056400.0,5047600,3655700,432300,1613200.0,11218800,10401300,14663700.0,9798300,62900.0,6680300,6757300,302900,8913100.0,2277800.0,9711000,4818200,10331500,0.0,944000,4838500,8968000.0,1387900,612100,1576400,11206200,0.0,5325000
2025-02-03,4767900.0,3550500,2031700.0,8325900,12747700,463200,2989200.0,7463100,16971700,4007000.0,9087900,37800.0,4360300,5157500,598200,18128100.0,2092500.0,12857000,9000500,10885100,0.0,1435800,4738800,9829300.0,1575100,505200,7279900,9498400,0.0,6103500
2025-02-04,4903600.0,4270900,2203700.0,14538400,5467700,398400,1364800.0,7138100,17358200,2681400.0,11057300,111800.0,3948000,3638100,438000,13520900.0,1935400.0,15668800,12650000,12471500,0.0,855200,6222400,5988800.0,1440900,543900,7125000,11820000,0.0,4430300
2025-02-05,7492100.0,2370300,1347900.0,6686000,5204100,652400,1266300.0,6231800,14466500,5870000.0,7229500,102300.0,4852700,2780100,269800,11056600.0,1994200.0,9632200,5279300,9430900,0.0,1345800,2719200,3887800.0,1059300,535700,3198100,12836500,0.0,13551200
2025-02-06,5593800.0,3976100,2052900.0,6527700,3426600,539300,1349500.0,12839500,13535000,3449500.0,10756200,139300.0,2799000,4148800,352600,11598200.0,2183600.0,9261600,8268500,37579600,0.0,1351600,2817600,3973800.0,1314600,415300,3024800,9985800,0.0,3805000
2025-02-07,9875600.0,8054000,2531100.0,14973700,3865900,818200,2297000.0,8903300,12547400,2457100.0,14192900,92700.0,2265600,6955900,768400,13523800.0,2242800.0,7845200,11948300,26585000,0.0,2260900,3013800,6636000.0,1394900,506800,2552300,8925500,0.0,6185200
2025-02-10,14032400.0,4596700,1935900.0,9535800,7749600,732900,1699500.0,8572100,61096500,2445900.0,19336200,200500.0,6909800,5927400,645100,14521400.0,2478900.0,15857200,21128100,22152900,0.0,2298100,5850900,11654400.0,1534300,466100,2592100,13500000,0.0,5381200
2025-02-11,5420500.0,2873800,2865000.0,7621400,5361400,671300,1079300.0,9757100,28896000,2458800.0,7739300,208000.0,2435600,5986000,747000,29836400.0,2694000.0,12930400,5513100,15667000,0.0,1039400,5898800,4937200.0,1436000,642800,3433800,20352000,0.0,6501700
2025-02-12,6789000.0,4336000,1897100.0,4835000,1887400,344200,958300.0,8276900,13651300,2734300.0,7185700,41700.0,2088500,4848400,90500,7492400.0,2281200.0,6964800,8553900,11524500,0.0,1054100,3808700,6346400.0,940900,458700,2756600,7800900,0.0,2712700
2025-02-13,5749900.0,2430100,3536100.0,6945200,2850800,650700,2968500.0,6936600,9499100,2520700.0,7458100,97700.0,1824000,11353700,274800,12119100.0,1660800.0,6768300,4741600,11953600,0.0,862300,4922700,6620600.0,1052900,445400,2576800,8322600,0.0,4323500
2025-02-14,8139200.0,4557800,3058400.0,5515600,3251700,1147200,5564300.0,8445600,18580600,2767900.0,8160100,43000.0,2983400,11169000,668700,19441500.0,2370900.0,16151100,8007000,10239600,0.0,947800,4245600,5230800.0,996500,511200,6401800,11535000,0.0,5337400
2025-02-17,5734800.0,2273100,2239800.0,5951900,2466300,762900,4781800.0,9434400,14369400,1586800.0,8679000,67500.0,5693000,5933200,1115900,29565000.0,2083400.0,18463600,6088300,10972700,0.0,787100,4038700,4421300.0,851700,512400,3612400,11944500,0.0,6732800
2025-02-18,5157400.0,3320100,2036800.0,6539300,1664400,634400,2969100.0,8806800,24939500,3459500.0,10082500,26100.0,2602400,4497600,489700,14557400.0,1975300.0,9839100,8042000,10757000,0.0,1065500,3087100,6055800.0,1200000,480300,2436800,18113100,0.0,10881800
2025-02-19,5028300.0,5452400,3247300.0,6136000,3029800,1389800,6110400.0,7816600,13653000,3508600.0,9166500,79500.0,3261800,7547500,871100,12377300.0,1772200.0,15517000,7478000,12938100,0.0,1509500,2932700,8313900.0,1574300,544900,3072700,9257700,0.0,11283100
2025-02-20,5709400.0,3398400,1976600.0,5265200,3385400,601500,6240800.0,10818400,11910400,3887500.0,10831800,53300.0,2935400,6194500,580300,16505800.0,2215100.0,13806600,7041600,21179000,0.0,1636600,11106700,6876300.0,2936300,610300,2627900,18762900,0.0,10812700
2025-02-21,12719300.0,2988800,2438400.0,7710600,5312600,767500,3890300.0,11653000,11063800,1524600.0,20513900,36200.0,2315500,10123600,751900,23021300.0,1843000.0,11577200,8170200,8800600,0.0,2513400,3893300,7675800.0,1332100,501600,4717200,42288600,0.0,8867700
2025-02-24,6396900.0,4168600,2102000.0,6764800,7497900,1066000,3295100.0,13634400,73891104,4039400.0,13460200,42800.0,3245600,6243200,713800,22491500.0,2045600.0,25063000,7261100,11762200,0.0,1956000,4771900,17450900.0,1540100,630800,11512800,22721400,0.0,7296500
2025-02-25,6475900.0,4348800,3729900.0,5728900,6810400,809600,2746800.0,12021400,31575300,3525600.0,37696200,52000.0,5119200,7929200,484400,30132300.0,1774600.0,28069100,6148600,14496400,0.0,1926600,5566600,12544600.0,1793300,590700,3884200,14015500,0.0,5837200
2025-02-26,5056300.0,3020100,1829900.0,9430900,3323400,519300,4286200.0,7301400,31819600,2228700.0,8376800,29700.0,2082800,4977600,647800,28383600.0,1780700.0,25212900,15149500,9946900,0.0,769200,4187200,8022900.0,1364900,476000,3636600,11212100,0.0,5280100
2025-02-27,5656800.0,2552300,2230100.0,6079700,3421700,809600,3126500.0,8369500,51120800,2381500.0,12766600,28200.0,4565500,3222900,457200,19443100.0,1773800.0,17996300,12864400,12505900,0.0,5028800,6360000,7516800.0,1441600,512100,3520600,9546600,0.0,8005700
2025-02-28,5469900.0,3051600,5278400.0,5529300,4694400,787600,6457800.0,10152100,24214400,2994600.0,11052800,25300.0,3925400,5283200,928900,16586200.0,2261100.0,41396500,5601900,12220900,0.0,2070800,8394500,12878600.0,2771000,550100,4175600,9236600,0.0,11416300
2025-03-03,5597900.0,1966100,2318800.0,7674500,2533900,647800,2783900.0,8238400,20663700,3778400.0,9195600,36300.0,2758100,5938000,580400,23290200.0,1711300.0,25645100,5444600,9359400,0.0,1251000,9467900,18497900.0,2857500,561200,3610600,9400800,0.0,12108200
2025-03-04,9957300.0,3340100,2516300.0,7443800,3471300,1445200,5964800.0,10016700,27424100,5102600.0,21367000,27800.0,5946400,6414100,736100,20526500.0,1911600.0,24072400,9150800,40196300,0.0,2498900,11264800,13951200.0,3056500,569900,6042000,19237100,0.0,11254500
2025-03-05,11670700.0,2829800,3299100.0,7812100,2851100,740500,2713400.0,9704300,30385500,2318400.0,30355700,41500.0,6222600,7188800,480300,16619800.0,1802100.0,27564200,9606400,13269400,0.0,1820200,10682200,20974600.0,2907700,490400,2275500,16030300,0.0,12706900
2025-03-06,5071000.0,2390500,6588800.0,5639200,6417100,829800,4939600.0,8485600,36975600,1826200.0,25919100,113000.0,4342500,13451900,1209600,15899300.0,1879100.0,44988800,7514100,12570100,0.0,2357600,11952800,13191200.0,2628200,538100,3125600,20891200,0.0,7172100
2025-03-07,10705500.0,4622400,5028400.0,10858900,2954500,1398100,3000600.0,19968000,33131200,3123200.0,47416100,32200.0,4410100,5404100,1424200,18712800.0,1792000.0,22896800,11663800,14922200,0.0,3999500,17823300,12613000.0,11502700,758800,2655600,20716400,0.0,16865500
2025-03-10,8494800.0,4881700,2631500.0,9163000,5323000,1420900,2626600.0,13562300,23580500,4061000.0,19419600,52400.0,5117800,8125200,1214300,19179900.0,1858800.0,45642300,15036900,13907700,0.0,4428800,12066400,15164400.0,9904400,593800,2529500,34122100,0.0,8696300
2025-03-11,9142000.0,3352200,3959000.0,6943500,5784400,523600,3157200.0,9309000,26088500,3771200.0,26519300,47600.0,4533500,9576900,1571800,16056800.0,1855300.0,26426500,5687100,15313400,0.0,3639900,12103400,8864900.0,5692400,511400,2287600,37545200,0.0,8111000
2025-03-12,7796200.0,3968100,3052600.0,9350500,6185000,761300,2208000.0,8340600,20641600,2715700.0,30957600,56000.0,4987800,8817600,1576300,12846700.0,1620700.0,26789200,10908500,10861400,0.0,7560300,15641200,12810900.0,7003400,525900,2755400,27171700,0.0,11789600
2025-03-13,8885500.0,3981300,2867400.0,7914900,3610200,1088000,4500600.0,13362800,24809400,2545000.0,23064100,74500.0,11573600,7327800,1125100,22768900.0,1847300.0,50816000,16107200,18991700,0.0,4496300,22269900,15737100.0,16415000,531400,5100400,16157500,0.0,29808500
2025-03-14,11548600.0,2298100,5312100.0,7787700,16094000,942800,4168200.0,7050600,18279900,1433200.0,19724000,103300.0,7301100,8759800,1387600,132319504.0,1681100.0,29000300,12595200,10662000,0.0,4920600,16861700,5330300.0,8422600,910700,2696700,17673600,0.0,11422100
2025-03-17,5664400.0,3319900,2542300.0,3459900,6707000,1117200,2746500.0,8013500,19719700,2029600.0,25601900,72300.0,4528900,3541900,738900,94585504.0,1791700.0,18091800,5677600,11002100,0.0,4940800,11017800,7723000.0,6497300,727600,4062100,71545104,0.0,9392000
2025-03-18,6008500.0,3419200,6490300.0,5406700,5508500,2797200,4240900.0,5957600,18741700,5124100.0,26614000,62900.0,6175200,5349100,1619800,71982896.0,1512100.0,29540500,6627800,7945400,0.0,3656000,12239500,4846400.0,6017000,625400,3281900,25977100,0.0,12489700
2025-03-19,7913600.0,3182000,2793400.0,8668600,18128400,703700,8590800.0,8624500,37925600,6285000.0,20386000,66900.0,6651600,13416400,2188100,68781696.0,1732600.0,24310900,12163700,12083700,0.0,3674000,13442500,9843300.0,10342000,609400,3038400,29438700,0.0,11508000
2025-03-20,4862600.0,2255800,2607600.0,8810000,8203400,750000,2368900.0,10874000,25022500,2563200.0,21142600,24700.0,3437000,4063500,1384600,79891400.0,2060900.0,19539500,8974900,14430700,0.0,1688900,13458400,7555000.0,6629100,547400,3888200,18739400,0.0,3614700
2025-03-21,4131900.0,2407600,1742900.0,7361100,6424800,1173400,4101100.0,7987900,18912200,2543500.0,15567500,20800.0,3804100,3129500,1204900,74606600.0,1985100.0,21205500,6529400,7447300,0.0,1701500,13695700,4425000.0,7486300,622400,3325900,9370100,0.0,9853900
2025-03-24,7888300.0,3733500,1620600.0,6851700,5090200,1195100,2533500.0,10740300,16229800,8068400.0,15571400,23800.0,2426900,2855200,1549500,84692304.0,2007000.0,24444800,9208700,21083700,0.0,1977600,15552100,25176100.0,11901000,568400,2488900,16805100,0.0,19774400
2025-03-25,5597300.0,2936500,1209600.0,5036300,5629200,767600,4845000.0,13384000,20101000,2530300.0,12739400,36400.0,2767600,5513700,1603600,77626704.0,1989900.0,23603700,5559800,8130100,0.0,2028100,12918800,14167500.0,7932000,533900,2323000,11786900,0.0,30908400
2025-03-26,7433900.0,2603800,2317500.0,5469500,9734600,548300,2813400.0,12167900,43980000,2578800.0,18277300,11300.0,3801800,2416100,1262300,43763800.0,1910700.0,26160400,10412200,24089300,0.0,1507400,9611000,8916600.0,6487700,723000,1846000,9453500,0.0,22377500
2025-03-27,6649100.0,1862400,1064500.0,3508800,6464400,426500,3998000.0,8182700,12009700,1950300.0,12425800,43800.0,7235300,3190000,988300,65759600.0,1795100.0,15067400,5286900,7518900,0.0,901500,7904300,4549900.0,4569200,513700,2230500,6689600,0.0,9652800
2025-03-28,9728600.0,1401500,2373700.0,4092900,2944800,771800,4680600.0,8945200,17070200,1418900.0,13037100,102100.0,3797400,7228900,1139000,32388300.0,1925500.0,17622200,6500900,12353600,0.0,1650600,8166000,6620500.0,5542600,754500,5430100,11134300,0.0,9353000
2025-03-31,9126200.0,2899600,1939500.0,4619700,5406300,727900,9067500.0,7904200,26536400,2412800.0,18699200,98500.0,6976700,6534800,1125000,56642800.0,1833700.0,19494500,7858700,12983300,0.0,1771900,9374200,5209000.0,6654000,524800,5301500,14764100,0.0,11536000
2025-04-01,3049500.0,1367000,1355300.0,4737500,7824300,870900,3786400.0,5803500,14018400,1106200.0,13919500,69500.0,6498900,5640900,955800,36192500.0,1960400.0,18403500,12024400,9054500,0.0,1715200,11851000,5841100.0,7757400,453900,3129300,8728300,0.0,16455600
2025-04-02,7480900.0,3026000,930900.0,5575900,3920200,254300,1929900.0,12189400,16785400,1852800.0,9787900,45600.0,3637800,7441200,630100,47059100.0,2059600.0,15569000,8155200,6668600,0.0,2330700,10657600,9671100.0,7316000,514900,4684400,11401400,0.0,22985300
2025-04-03,39685300.0,7520100,5260700.0,19835700,11484900,2014500,3332700.0,26249100,80695800,6201700.0,86268096,230700.0,10609500,14956500,3156200,74320400.0,1898600.0,54284800,90990400,58893200,0.0,9806100,23521900,31989100.0,19210900,727500,16938200,40611200,0.0,18588500
2025-04-04,72249400.0,6883200,9214800.0,17693000,21574500,2745000,1437200.0,19444300,73181200,9431700.0,73116896,115800.0,14296500,28985900,3848700,138064304.0,2660300.0,82040000,38581000,56795800,0.0,11887700,21595400,21898700.0,14551100,1024200,9776600,46810000,0.0,27118700
2025-04-08,43676900.0,4706500,2455400.0,18688600,16276400,2632500,461900.0,17300000,35443300,3769900.0,64519700,218500.0,5452200,11930200,3263800,68958704.0,1598700.0,31521000,50377200,33465800,0.0,7181200,21438100,10872000.0,11574700,634600,13324100,24697900,0.0,20763200
2025-04-09,36854500.0,6519100,9397200.0,17505900,16893300,2768600,459100.0,19245500,77156800,5332500.0,61224500,149200.0,13474100,20206600,3152100,62991200.0,2471600.0,73685904,30887500,40792200,0.0,8995800,15153600,12080700.0,13002500,632500,9882600,56107800,0.0,24613900
2025-04-10,996700.0,635800,774200.0,2907100,1005400,57500,2523800.0,231700,3062400,473200.0,1687200,1468800.0,491600,411300,598500,18928700.0,2667000.0,5220200,231100,1241800,0.0,174400,752100,645500.0,3803200,21700,1514300,1665400,0.0,1890900
2025-04-11,35983500.0,6947500,7790100.0,20246200,19224000,2256900,10906200.0,16370600,76273696,7069100.0,78951400,168700.0,14118700,12779000,4010000,103440896.0,2330100.0,65051200,45803600,47940500,0.0,8059500,14557800,16422400.0,13360300,997400,9164400,60038400,0.0,16425100
2025-04-14,19363500.0,3547400,4016300.0,9750200,9217400,1092600,4547200.0,11261200,51203900,2160100.0,31682100,208000.0,7927500,15361600,2473300,47312300.0,2444100.0,36800400,12950500,19905300,0.0,3619500,16827300,5914500.0,8825200,603400,5479700,28905800,0.0,18452000
2025-04-15,14721800.0,2999100,3762300.0,10253700,7762200,840700,6815900.0,12695100,50570600,3977800.0,29512300,120900.0,6076700,12059800,2331300,58398700.0,1968800.0,26171500,16839800,21183400,0.0,5633100,15962600,7080200.0,12266200,795300,4163500,19615100,0.0,19239000
2025-04-16,11032100.0,2914600,3041800.0,6581500,18032200,628800,6426600.0,6250400,25705300,1645400.0,21897000,123900.0,6391100,9252400,1343400,44580900.0,1980400.0,18889600,9915900,18147100,0.0,2625800,10845000,5114600.0,7547800,639900,3735600,13818200,0.0,19670700
2025-04-17,10139900.0,3126800,1632900.0,8698900,8580100,483900,4874600.0,8625000,24441000,4118900.0,21573500,110700.0,4980400,5398300,1363100,45595600.0,2852200.0,18654800,12994500,14259300,0.0,3151800,6338100,8916400.0,8063200,1301600,7219000,21615700,0.0,9657700
2025-04-18,10996500.0,3477600,2226200.0,8510000,7485500,656600,3253400.0,7456700,20765500,4142800.0,31562900,55200.0,3630300,6353500,845000,156329696.0,1995600.0,26355500,14439400,16887000,0.0,2165400,13530600,4870700.0,10565700,740900,3037200,16480100,0.0,18997200
2025-04-21,7246000.0,2105600,1404800.0,10033700,4332300,300000,2932600.0,8383100,17306200,2596300.0,37143800,46400.0,3787400,4632900,472500,82480800.0,1827300.0,18530600,34146600,12192200,0.0,1290500,7721400,5756800.0,15468900,641500,3021400,12080600,0.0,13359200
2025-04-22,13607200.0,3599300,4805800.0,15064300,9127300,1110400,6821400.0,12392100,47447000,4879700.0,45375000,230600.0,9268700,16304400,1204500,222722800.0,2622300.0,48457200,32019500,29523500,0.0,3850700,10732600,6132300.0,12818600,930200,6955000,30670500,0.0,19583700
2025-04-23,6832100.0,1849600,1322500.0,6705500,5710800,698300,6047400.0,9158800,22232700,2718000.0,33860600,100900.0,5295500,8393400,1164100,101204704.0,1961400.0,13492900,13621800,18232600,0.0,1928700,10647900,3559200.0,18984200,731400,3586000,10954900,0.0,26859000
2025-04-24,6476600.0,2028700,2114600.0,6793100,7740100,410200,5767100.0,13382600,17212000,2141600.0,18099100,85800.0,4948200,7681300,1696900,87203400.0,2196800.0,17946000,13836900,8915900,0.0,1861200,12662600,2372500.0,8730000,579400,1956400,12820700,0.0,16543000
2025-04-25,13357000.0,2684500,3496300.0,6465300,5384100,913600,3552300.0,14533500,24849000,6340700.0,40711200,239700.0,10545400,10315100,1951100,71720896.0,4411600.0,15312300,23650700,19491800,0.0,3682000,11381200,8744900.0,14779000,1409000,8119700,24808000,0.0,18916200
2025-04-28,4005500.0,3320200,1454400.0,5105100,3853700,271300,2733400.0,7440900,9757000,1555900.0,23070500,167100.0,4247600,7707900,1966300,54229900.0,1786900.0,12060400,9043800,11163200,0.0,1654600,7393800,2032800.0,7023300,450300,2664700,9938200,0.0,14336300
2025-04-29,3581800.0,2440200,1618400.0,4933700,2945500,310200,3078300.0,6862700,14467400,1143500.0,13178800,135000.0,3854100,5701400,4405000,53420500.0,1740900.0,9778300,4551800,18134300,0.0,2432200,4737800,1984300.0,13384800,663900,2556000,14256100,0.0,19406900
2025-05-05,4629000.0,1834700,1917500.0,3621800,7167600,658500,5919600.0,7796700,12548300,1494900.0,18857200,68200.0,2950500,5099700,1250000,59601000.0,1808600.0,9314500,5167000,9048300,0.0,2101500,6070700,3035500.0,4406800,636100,4238300,7593000,0.0,13894100
2025-05-06,8432500.0,2972100,3387800.0,7236200,5686200,899900,4005900.0,7788000,20937300,2701400.0,22793600,71400.0,3955400,4110300,789500,54119300.0,1711400.0,16475000,8137000,24407100,0.0,2992900,4955900,4157200.0,5708100,596000,2502600,25315800,0.0,14299500
2025-05-07,7755800.0,2129800,6780000.0,6127600,3926800,884100,4378300.0,11737700,11501800,2001400.0,21893400,56900.0,3353100,7742800,767300,55814000.0,1759000.0,18887200,9004500,13694100,0.0,2415400,5073600,2845000.0,7611900,589800,2905500,10235800,0.0,10299900
2025-05-08,7281600.0,4666200,4449700.0,7941300,12644900,861800,10064000.0,9147200,19892200,3861900.0,21016400,83500.0,4439500,9463100,858200,89234400.0,2035800.0,18519000,9549200,18382100,0.0,3022300,8829200,5038300.0,7176700,712900,3262200,15414400,0.0,8070800
2025-05-09,5618200.0,3058100,2778400.0,6244100,8496900,491700,5752200.0,6217300,11008000,4973300.0,15034800,163300.0,3321700,4780000,939400,70367000.0,1682700.0,15341500,15287300,18296500,0.0,5827400,6170600,3020700.0,7034400,588500,3832400,17694500,0.0,8062500
2025-05-12,9189800.0,3137300,2232400.0,8966900,8715200,834300,8097300.0,11104300,64734900,4178600.0,34696600,149100.0,3820500,6434100,1225700,84700800.0,2485200.0,20022500,17745900,46701100,0.0,5992500,5743300,7467800.0,5880900,742000,5863100,36530800,0.0,6970400
2025-05-13,9650200.0,6592100,2752600.0,15748400,8565900,666800,6543300.0,12592000,20304600,3062200.0,40093100,143300.0,4735700,17084400,1005900,75244704.0,2102300.0,25553900,13378200,13206500,0.0,7392600,6806700,4120000.0,9649000,597500,4352200,27752400,4800.0,11591700
2025-05-14,10919100.0,11855500,2463000.0,9319800,12080300,655600,5543500.0,12593800,34073700,4470300.0,29669300,282500.0,5676400,9926500,1128000,52912000.0,2399400.0,36621500,11857000,19728500,0.0,8014200,6555600,6583900.0,6639600,1016000,5034700,95581000,2100100.0,12161100
2025-05-15,24647200.0,6223800,3842600.0,9780500,7806300,668800,4569500.0,11950400,22616700,8884600.0,69083104,250300.0,5773200,9777600,1279400,167912496.0,2779900.0,23847200,18297100,17783500,0.0,8070600,17963700,9440300.0,8928700,1044800,4092100,55071300,1815600.0,28934800
2025-05-16,10697100.0,5773600,1973300.0,6562600,8012200,297500,2693400.0,6790700,16810600,4560600.0,28984500,162000.0,5901500,5354600,699300,47485100.0,1978400.0,30215900,8322100,20031000,0.0,8364800,7352000,6048800.0,4658600,625300,3198400,37978200,1163300.0,13251800
2025-05-19,13916200.0,2742800,2202700.0,7238400,9916700,584300,3455100.0,13180500,14995700,5468700.0,25291500,85700.0,6012400,6532900,753400,59670700.0,1967900.0,19744300,15035800,20464800,0.0,4784400,5269600,5940200.0,9153200,709400,2795600,64648000,381300.0,10039000
2025-05-20,11025800.0,4650500,1203900.0,6572100,7911300,605100,3284000.0,12793500,17449000,3562200.0,31383600,83000.0,5378500,11898400,583600,90886200.0,2086000.0,15335600,10361100,38192300,0.0,3867000,21911900,4492200.0,3889300,898700,3224100,27838100,617200.0,15404600
2025-05-21,12362200.0,3685900,1938600.0,8638000,6024400,315100,2845700.0,10021100,20150500,2430600.0,30367300,109300.0,8645400,6780600,576400,78342704.0,2214000.0,24381300,39103400,19486900,0.0,5161800,14973300,5509900.0,7274400,689200,4464400,68308304,396300.0,10755400
2025-05-22,18033200.0,3481000,2682300.0,7061000,6350700,760400,3665000.0,11961400,24363700,3093600.0,25760800,70800.0,7955100,8712800,793900,76307600.0,2079700.0,27664700,9149500,28001500,0.0,3694300,10234400,5517400.0,6559400,837600,2665200,40934700,597200.0,13504200
2025-05-23,11956100.0,3338100,1408900.0,4339900,4440500,1312500,1813500.0,6900600,11096000,1550700.0,14495200,37600.0,4290900,7274000,396500,44765900.0,1738500.0,16226300,10650200,17854600,0.0,3546500,7306800,3961600.0,4202800,571400,1666700,14934100,196400.0,10961400
2025-05-26,9939200.0,2512800,2324800.0,7007300,4023400,631800,7422100.0,20206400,27433800,2528700.0,18250000,101700.0,4405400,7017400,715800,91609200.0,2406400.0,20912800,10359000,20226200,0.0,4728300,11890300,4408000.0,4813300,574800,2729200,24583500,401600.0,8734200
2025-05-27,9317300.0,3546900,2104700.0,7752400,5498200,778400,5066500.0,9757700,26892800,1920400.0,17946800,128700.0,4747700,8162000,590800,104817104.0,1758800.0,24420300,8067700,23572600,0.0,5548900,7721600,12313900.0,6808300,736800,3680800,22988200,208100.0,11529600
2025-05-28,7858900.0,4671900,5641800.0,5580900,3933600,1151600,5838800.0,11600500,15604800,2135500.0,14351800,79900.0,4017900,10272900,597900,52642000.0,1998900.0,24600300,7824600,18570300,0.0,4950200,8900600,4094900.0,6149000,632400,3901700,13063100,283300.0,16719800
2025-05-29,9071600.0,3029800,1826700.0,7448200,2933000,672900,4316900.0,11318800,16434100,1463400.0,12766600,40200.0,3507500,7333000,773000,76820600.0,1922700.0,14889300,7364400,14712100,0.0,3904500,7947900,3602200.0,4732400,523700,2182300,46408000,175500.0,16071500
2025-05-30,7911500.0,2334100,3287900.0,7680600,4038000,1361400,3261500.0,11909000,64975400,1471900.0,17609800,95300.0,4024000,12817900,1703200,87199800.0,2367100.0,19752200,8819800,9979500,0.0,3934000,5891000,7601600.0,3270500,531400,3273900,11859100,216300.0,9128900
2025-06-02,8187500.0,2796500,2988400.0,4412100,2916400,723700,3274700.0,8581300,21933200,2160000.0,19184300,65200.0,2287700,14330200,569400,56189900.0,2170100.0,12057800,11981200,13955600,0.0,3225700,4823400,3053000.0,6436100,1137400,2644100,13488800,126000.0,9428800
2025-06-03,7279100.0,2729300,2333800.0,4295200,3398600,743200,3373000.0,8974600,31038500,1855500.0,19246400,101200.0,4281300,6563500,604500,95228600.0,2281000.0,58587500,5967100,23860200,0.0,3364000,4772300,4975200.0,4412900,761300,4311900,22863000,166300.0,8760100
2025-06-04,5685500.0,3010300,4249400.0,4155400,2873300,740200,2090200.0,6875500,25685700,1580200.0,13482700,57700.0,6891000,6679500,1483800,53770800.0,2370800.0,19435500,7724000,15682100,0.0,2690500,6531300,4554400.0,3333300,1376400,8419300,41724400,97700.0,8610700
2025-06-05,5316500.0,3302200,2957200.0,4332000,2302800,805500,2329100.0,8856700,18786300,1357500.0,9996800,67200.0,11745400,5366600,994000,33522900.0,2249700.0,24655300,10652000,15787800,0.0,2783100,5299500,3911900.0,3350000,698500,2794700,12655700,105700.0,6679200
2025-06-06,6783000.0,2792100,4842300.0,3467900,5383000,871500,2886200.0,8459900,42244000,2400100.0,17960800,130100.0,4122600,6292000,754000,42661600.0,1947500.0,28033000,15985000,28354600,0.0,2531900,6491000,3309100.0,2930200,998300,4122400,20106300,104600.0,6871900
2025-06-09,5705200.0,1659900,2082800.0,3172600,3054700,553700,2841100.0,6800200,24987900,1903600.0,13040400,61100.0,5031500,7249100,923500,50885100.0,1993000.0,15704100,7225300,20750500,0.0,2223900,5889800,2080300.0,3775300,840100,3035700,14015700,134600.0,6911700
2025-06-10,5712500.0,1865600,2283100.0,4647300,3359000,427500,1650100.0,8468900,29410900,2437300.0,12938200,68400.0,5622000,10555000,844500,53433300.0,2092800.0,13479500,15151600,15103700,0.0,2231400,9459500,2178800.0,6840100,574200,2999200,20277000,99300.0,8419800
2025-06-11,3581900.0,1236800,1905700.0,5975400,5744300,489700,1332600.0,6441200,16548100,952800.0,6168900,32400.0,2850500,4240600,347400,49394100.0,2170400.0,12900900,6729600,6090700,0.0,2295800,2691600,2217400.0,1438900,684500,1720700,6795100,61200.0,5462700
2025-06-12,6547500.0,1416400,1840200.0,8242800,4153100,479700,2196400.0,8674000,52217900,1431600.0,22542900,38000.0,6866200,10592900,631300,115563696.0,2037000.0,13812400,20238200,24550800,0.0,2560800,4967500,3503800.0,4156300,661000,3282700,21883000,101700.0,4814800
2025-06-13,10054700.0,6320900,11032500.0,23868500,6161700,3697000,5880100.0,10917900,38769800,3082200.0,42299700,83700.0,5911100,8830700,961900,66942100.0,2316800.0,35039900,13819300,27415200,0.0,5364900,5516900,6509300.0,4992800,864600,3545400,29219800,177800.0,8131000
2025-06-16,8986600.0,2707600,8794300.0,6086700,8069100,3178200,1588300.0,7597600,29735100,1818200.0,21119300,38000.0,7846900,8355900,976600,36540400.0,2072400.0,16823100,8042500,23148300,0.0,4336600,4873300,6364700.0,2514600,747700,4734300,71722496,287600.0,4654300
2025-06-17,7025500.0,3745800,6322000.0,7871100,4600300,2768300,4712300.0,8869100,26625600,4079500.0,21975100,47200.0,5760000,5183800,1505900,38600500.0,1958800.0,16346700,8798900,17962300,0.0,5159800,4053500,4254900.0,3384000,670500,3406400,35021100,125700.0,4824800
2025-06-18,7425200.0,2595800,4575800.0,5524700,6556700,2662500,3837000.0,13318000,31468200,1946800.0,26189800,131100.0,5472800,7677600,1297100,49657700.0,1891600.0,21794300,12882100,17756300,0.0,3421100,3857400,7535900.0,1429200,662400,4098100,23610700,92300.0,2184400
2025-06-19,7279500.0,1873000,4256100.0,10136000,5404900,2684700,7153300.0,8180400,23408200,2732400.0,15184600,187700.0,5629600,7897700,1024900,51346200.0,2225700.0,19690200,8489700,23284100,0.0,2368700,5384700,4906600.0,3247900,1200900,2628700,17971800,47500.0,3163600
2025-06-20,15752600.0,5982300,5142300.0,12449200,4339400,1741900,2306100.0,15339900,23416400,2055100.0,51151100,55400.0,6005100,4814200,716600,59502700.0,2576500.0,25086200,10921500,17106000,0.0,6886500,8925000,5662000.0,13615300,697600,4661400,24901400,73900.0,3835300
2025-06-23,8984400.0,2289600,8895100.0,4848400,4587300,2938600,4683800.0,10204700,22192800,2182600.0,23682000,152200.0,5818700,7778400,1049600,42284200.0,1808700.0,15661100,6599000,18895500,0.0,2480600,5368900,3759300.0,3871300,672800,3022700,18209500,34700.0,6222100
2025-06-24,8571600.0,4416300,6976200.0,9812700,4271900,2630300,5252900.0,12944000,27870000,1406600.0,25984200,146800.0,6555800,8021100,710200,38105400.0,2140500.0,48489100,10511600,25166100,0.0,3507600,7834300,7118000.0,3974800,640600,2803800,42718000,46300.0,5022800
2025-06-25,7771700.0,3395300,2817600.0,8585000,6000700,1723200,6556600.0,10449900,38638800,1439900.0,20995000,95200.0,7935800,6367900,1762000,64567200.0,1935800.0,25856200,6595600,13115100,0.0,2739800,4824700,7116200.0,2655500,664900,6268200,17177500,23300.0,4185200
2025-06-26,9897400.0,2340200,1736900.0,6038700,4132300,761500,1932500.0,8625800,38371000,1075600.0,19444400,215800.0,8616800,5205000,1283600,42889100.0,2159200.0,18417100,9648600,12610700,0.0,2842900,4678200,2279300.0,1611200,525900,3118900,10934900,36900.0,2339400
2025-06-27,6312400.0,8298600,2901600.0,5913500,5263200,700400,2310700.0,7992100,16481800,1847400.0,12786100,248500.0,14084900,11065400,3001500,88859200.0,2028600.0,19508400,5470600,9837600,0.0,4082600,4778100,2950300.0,3029000,708000,8895400,21153100,37900.0,3685200
2025-06-30,5858100.0,4550000,2506400.0,5913500,6859100,673500,2514100.0,6655700,19885300,2645800.0,10723800,190500.0,8361100,5031900,1923100,32595900.0,1902200.0,26590700,6019100,13910000,0.0,2952200,3763700,7141400.0,1265200,602400,4487800,11547500,31900.0,3083800
2025-07-01,7527600.0,7013400,2097300.0,4088100,4609400,857400,5298600.0,23738800,19766000,1360000.0,22344100,173000.0,6823100,7109600,904400,47361400.0,1931900.0,15143300,6104200,12545400,0.0,10049500,3857900,4002500.0,2334000,1284900,4013600,17060200,36400.0,2538400
2025-07-02,7629500.0,3804400,1582100.0,4277400,3661700,563600,4471900.0,15269100,18902100,2017300.0,13995700,136100.0,4787500,5786300,1099500,38438500.0,2086600.0,41265000,9449300,16948700,0.0,2913600,4378300,4359600.0,1090300,598200,3775700,18377700,31700.0,3831600
2025-07-03,15125500.0,6056200,2634000.0,10203700,6304300,912600,13342000.0,18408700,42514500,2820600.0,25567500,212900.0,5988200,12680700,1535400,52328600.0,2136600.0,58323300,14989200,22273300,0.0,7395300,3218300,9117100.0,1890400,699800,5293100,47153200,64700.0,6855300
2025-07-04,26955100.0,3907700,2620400.0,4477100,12825000,556000,5120900.0,13207400,19401100,3006600.0,14976200,248700.0,4470400,6182500,848400,28615900.0,2056400.0,21022600,9440800,12159000,0.0,4849800,3225500,4322900.0,3983100,793800,2696200,22180000,22900.0,4588600
2025-07-07,17316100.0,11238100,2587700.0,11497400,6382800,501100,2774500.0,24883700,35999600,5348000.0,18585900,340600.0,5874900,6683300,1320400,249681696.0,2645100.0,33309100,8252600,12244900,0.0,8056200,3506300,10376000.0,2009500,789200,3762300,53672800,23700.0,3747000
2025-07-08,14675400.0,7363100,4963700.0,3982800,8064200,910200,4327300.0,17331200,77477104,2506300.0,16109400,424800.0,7088700,8520700,1639400,62936000.0,2218100.0,65007600,6020400,12974100,0.0,10394500,4291400,6768800.0,1420800,2138100,7163100,45382200,22500.0,3443700
2025-07-09,18703900.0,11136600,3821100.0,7568100,12198400,951700,3949300.0,34196100,43462900,3840600.0,25280500,327200.0,7231700,7522700,2602200,111615296.0,2517600.0,72536400,9776500,31885200,0.0,16449700,4103300,13804900.0,3286600,1068600,9636900,66441400,46800.0,7759900
2025-07-10,9132500.0,7732900,7589700.0,6547000,5180200,1136600,5198000.0,14924700,85282304,2842500.0,14412300,408400.0,12326900,6943600,2150900,77622200.0,2569300.0,51768100,8376100,14459300,0.0,8152900,7101900,5474600.0,7069900,1272300,5246100,36743400,243900.0,13962700
2025-07-11,15977200.0,8713900,3709100.0,5736700,10736000,686500,3276400.0,16447300,65285300,2291500.0,21424900,276200.0,8284200,5780200,2444000,68513296.0,2510900.0,62931400,10780900,18592100,0.0,12701900,5177500,12525100.0,4793600,2011400,6233200,45180900,359600.0,7700700
2025-07-14,12303700.0,8309600,3948800.0,12064300,5978400,770100,5703300.0,13079300,49438500,1952700.0,15049300,207100.0,6527400,8671000,1272000,45614600.0,2322900.0,51458700,8661400,18132100,0.0,6475000,5761800,7762300.0,5532400,1133300,6083200,63378600,329000.0,6658200
2025-07-15,12688100.0,5787900,4977600.0,7167000,5600000,801200,4106500.0,31224600,46507000,5349400.0,19323000,288500.0,8071700,10076100,2151700,77807296.0,2193700.0,62849100,9831600,18005600,0.0,6315400,4157200,15577100.0,3248800,1114200,6553200,48779100,399100.0,4647500
2025-07-16,10934500.0,7121600,2810800.0,5688900,5063000,525200,4022600.0,16039400,45893600,2823300.0,17617700,194200.0,6128400,6383800,1366400,51787700.0,2425800.0,47110600,9529800,15009100,0.0,7603200,4188500,14330500.0,3302900,1545300,4961100,31463400,418800.0,5861400
2025-07-17,15112900.0,5679300,5032200.0,7521100,8334200,1392400,6703000.0,13060100,56229600,3911000.0,17340900,373600.0,10772700,6844300,2042400,66954100.0,2829600.0,49672400,9050500,16136500,0.0,9992700,8831400,11966900.0,6597500,1712800,6357800,49437400,510200.0,8809200
2025-07-18,17844500.0,9035700,9333300.0,8291000,6494600,902000,6173600.0,14310500,40723400,4707200.0,25167700,656300.0,14574300,7740900,1338400,78343400.0,2325700.0,38374200,26073200,36570000,0.0,6915300,5216100,11826800.0,6065800,2612300,5826800,47947600,339600.0,3899600
2025-07-21,17137200.0,6201500,4266400.0,6559900,7563700,725600,5345100.0,16139900,55773600,4420200.0,17949400,543200.0,7866900,7601100,1645300,101954800.0,2555900.0,55033300,10525200,23119500,0.0,6138200,5658700,16028100.0,4306600,1560900,5503300,72588400,378700.0,5258300
2025-07-22,12037900.0,10824300,3602900.0,4817800,6889600,653600,3675700.0,27414100,31504400,2666600.0,15464600,335100.0,7375500,7908200,797900,63416800.0,3366200.0,61716000,9543900,26975100,0.0,4902600,4103700,14387100.0,3938700,2916000,4735100,41725200,405300.0,5086200
2025-07-23,15197600.0,6983000,7295900.0,6335800,4795100,1701700,6916300.0,35013700,43124000,3733400.0,27191300,496100.0,8228200,7547700,2660200,80136000.0,2397100.0,43849400,15205900,27862300,0.0,5087300,4318500,21078000.0,2804200,1717100,9228600,73950896,435300.0,4012000
2025-07-24,15167000.0,10953100,13897700.0,5070900,6420800,1234800,6627900.0,50977800,51907400,2519900.0,40005000,811100.0,16440600,6607100,2245700,93426704.0,1940700.0,43190300,10168300,19279700,0.0,8710200,8027000,25845800.0,6030600,2891800,13421100,47157800,410100.0,4625400
2025-07-25,17559600.0,6289500,16043900.0,5534900,5137000,1098700,5447000.0,20693800,51078400,3406100.0,18105800,354500.0,8684800,6469000,1335000,59211800.0,2938100.0,62122900,7947800,18898200,0.0,4978400,2777400,20586700.0,3383900,3280800,5124000,54483100,406000.0,2340600
2025-07-28,16870500.0,11057400,15242600.0,10570000,7611000,1177700,9787300.0,24563900,99592800,7287700.0,24900200,762400.0,12672700,9571200,2668300,137745504.0,3189100.0,49584700,15097200,30577800,0.0,10484700,7219800,30401200.0,3265900,2342200,8462700,57164800,398700.0,4276400
2025-07-29,34025200.0,15396400,22081300.0,14733900,16059500,2108400,9990800.0,33545700,82604800,6251200.0,48988900,1350100.0,16023900,18358200,2638000,152873408.0,2382100.0,104999104,24137000,45002200,0.0,10595600,3992500,43173600.0,4560800,3093100,10714200,83065000,531100.0,8023000
2025-07-30,15001100.0,9305000,12999600.0,22468200,7488200,903500,4900900.0,20473700,50186000,3585800.0,32104800,589400.0,9483500,13161600,2020500,142533296.0,2625600.0,62743900,17249500,30546900,0.0,7271000,5198000,34138600.0,4353100,2121100,6078500,70974800,376000.0,6229900
2025-07-31,10605400.0,6291400,15233200.0,19391700,8944200,839700,5841300.0,32374600,85332496,4565500.0,24970800,972600.0,9176600,14552200,1914100,181312608.0,2878700.0,49380200,18161500,26760600,0.0,6066900,7811500,21196600.0,5664700,2767900,10570300,55195800,260300.0,5569600
2025-08-01,7316600.0,7122300,18694600.0,16224400,10891500,889400,3682100.0,18626300,50798600,2853500.0,17890700,502500.0,5598500,8228000,1031600,120276600.0,4120500.0,56677600,13980500,20619700,0.0,4751600,8402600,30980000.0,3947500,2498100,5329800,55593400,229600.0,3122700
2025-08-04,11137700.0,4467900,13157500.0,9698200,4617800,2046300,2427700.0,19050400,37058100,3117800.0,21243200,336400.0,5917800,8211500,804800,91138400.0,2964500.0,56726000,10261900,23096800,0.0,4462400,4704900,11488000.0,3877600,3266700,3746300,38227100,243500.0,4250700
2025-08-05,42323400.0,28540100,28020100.0,24076700,11395000,2020900,6630700.0,30151000,215999104,9497400.0,71103904,596000.0,18436200,15697200,2101200,176220400.0,4152900.0,91934400,34970000,92362096,0.0,18590000,10115900,28673600.0,8377700,3989200,9564600,71760200,439400.0,12353200
2025-08-06,16251000.0,6984500,27534600.0,9566100,11814200,1299600,4244400.0,15361500,96174200,4087700.0,30385100,495900.0,9656300,18002400,980700,92287296.0,4508800.0,50091400,12203200,30371700,0.0,4677500,5504600,11127400.0,4212200,2196300,5377500,28376400,394200.0,4813500
2025-08-07,19097800.0,12283900,16099400.0,9156800,9565800,977200,8822900.0,24722700,139119296,4516800.0,26980700,339200.0,9815900,8095800,860100,92391696.0,4214700.0,37109400,14247000,30075200,0.0,9498700,5036500,18677500.0,4140100,2219800,4741600,62566800,383500.0,6151200
2025-08-08,15787100.0,16734500,24581600.0,12368000,9184800,2210600,5319600.0,19461300,121062496,3352400.0,25592900,361900.0,11377400,11116900,930800,94649800.0,3829100.0,95427296,15418000,31007000,0.0,10679800,3496000,26053500.0,3217500,2177500,6503200,44921400,359300.0,8286700
2025-08-11,16056300.0,11391300,13861100.0,8862900,10278500,1228900,16551700.0,28021300,67223000,3493100.0,48669700,564000.0,29731100,10677600,1467500,113985104.0,5104900.0,59260500,11099300,24602200,0.0,7266300,4480200,15128200.0,3280300,2038500,5787800,33778300,395000.0,4094300
2025-08-12,14628100.0,15346900,18173000.0,14358400,11011800,1692600,5985900.0,25359400,84195904,9518700.0,56623400,253600.0,13213200,7809000,1258100,66086100.0,4137100.0,45373500,7085300,22622400,0.0,12129000,5154100,16544800.0,2958100,3151000,5207000,35529800,473200.0,4346600
2025-08-13,19292100.0,11836100,15379900.0,17697600,21845000,1887300,9515500.0,24756500,79765000,10589000.0,79609904,412100.0,24211400,11739600,1126700,115023600.0,4278200.0,67780704,8805500,27538600,0.0,7519800,5374600,19014200.0,4109600,3060400,6210800,43486100,208700.0,7518200
2025-08-14,34889500.0,15166900,13986800.0,18688000,17905400,1225100,7598600.0,59894000,76049904,7635400.0,40320900,402100.0,13527300,9930500,1143800,119253104.0,5193500.0,70443504,16179400,38004200,0.0,19003100,5541700,23970800.0,4312200,4476000,6534600,69328896,234300.0,8269000
2025-08-15,29322600.0,14374100,35202800.0,15808500,18622300,1676700,6847800.0,29073000,107927600,6175200.0,117471296,239700.0,13662000,9112800,1553000,120150096.0,5448200.0,58499100,13248000,31153200,0.0,16667800,7256100,20235500.0,5258600,3441800,5660400,64889700,259900.0,8621800
2025-08-18,28477800.0,7511900,11908600.0,12393300,11392300,1175100,4974300.0,23448300,69044400,4075200.0,51031700,700200.0,8972500,8199100,962200,103905200.0,3329200.0,50226000,12871600,21688500,0.0,8297300,4501300,10069200.0,3592000,2043900,4775600,46632900,30000.0,4719500
2025-08-19,41181100.0,9924300,6043300.0,11749300,9153600,1326000,4565400.0,34111300,63021900,4876400.0,54011900,735800.0,14531000,14132300,1046500,134077200.0,3538700.0,59106200,10619300,37483600,0.0,9191400,4158500,18158700.0,5290800,2386000,5257700,21644900,213800.0,8363700
2025-08-20,33270000.0,14543200,60028200.0,15736000,19969500,1685400,9685600.0,28103300,101007400,7121900.0,77393200,703600.0,19059400,11461600,1212700,162557296.0,6438900.0,60341100,25005100,52927800,0.0,10537600,9090600,70277504.0,7458200,2404800,6338200,75558800,317300.0,11045900
2025-08-21,45796400.0,17322300,17365800.0,17837200,12624800,1060400,6927300.0,35245400,69981696,6751000.0,57150300,749700.0,9701000,12495000,1406200,85261696.0,4812800.0,72277296,26950700,37569600,0.0,9639300,4878600,20555600.0,4069100,2763800,5810000,51427900,75200.0,7598200
2025-08-22,43014300.0,22730700,37060600.0,24276800,7212000,1195000,9181800.0,29128400,132314200,6680100.0,72899696,492300.0,18642000,10901700,1847600,166243392.0,5135900.0,63807300,21576300,53106000,0.0,18944300,6239700,62489500.0,5032500,2398900,7201500,75347200,328400.0,10650500
2025-08-25,37410300.0,11310800,26389500.0,15712700,6736000,967000,4989200.0,21416800,68320096,5165100.0,56190300,328600.0,10287200,6387100,990900,113188304.0,4142400.0,69348200,22715200,39313700,0.0,7750800,5063900,42070300.0,3813100,2427600,3360400,67974200,338900.0,6458300
2025-08-26,20812100.0,11173900,13992500.0,9948500,5812500,777700,3730100.0,11352400,51986200,4223100.0,40433700,355000.0,8579900,16810900,696900,86340400.0,2771500.0,94358400,12289300,29545200,0.0,7988400,6413000,24671600.0,2595000,2017200,2990300,47968700,227000.0,8904200
2025-08-27,18831800.0,14870300,18944900.0,18567600,19436400,1390500,2712000.0,14028400,85992496,4317800.0,39077600,474900.0,8098600,12565000,1209900,103800496.0,3034400.0,59655800,15918500,25051600,0.0,31048100,3023700,21032900.0,2351500,2022600,4849200,57247900,334900.0,4508200
2025-08-28,13927700.0,5841200,8108700.0,8229700,6280200,768200,2640700.0,12879100,63166300,2515800.0,32467000,713100.0,6539900,11875600,545500,152824000.0,2658800.0,54930700,8394200,18621100,0.0,8799400,3292800,16460200.0,2178800,1972700,3661100,37019300,326700.0,5267000
2025-08-29,21625300.0,10429800,16052800.0,12260700,11090200,1475500,3348000.0,25018200,81735200,3254600.0,55715700,639200.0,7420100,9402500,788100,124638896.0,2959500.0,52457300,13870300,23178500,0.0,14696100,4250800,19811100.0,2470800,2058500,4166400,65834600,342200.0,9892100
2025-09-03,18715200.0,11349700,11413500.0,10168900,9744200,894200,2775000.0,10789600,119138496,2034200.0,46653600,430200.0,9531800,8068800,558900,95659800.0,2673700.0,54126400,7512300,13486800,0.0,14216900,3215200,12394400.0,2287100,2128500,4767300,28617800,378400.0,6885100
2025-09-04,11279900.0,7236000,10757100.0,9019200,11033600,719500,3336000.0,17396900,141435104,2871500.0,28054200,278500.0,13228500,12031500,1013000,89129600.0,2610700.0,33209200,7720900,16817900,0.0,8942100,5504100,18316700.0,1988700,2005200,4228100,44836900,359200.0,4316100
2025-09-05,23539400.0,13561000,16506400.0,11199800,8807800,1217800,7745200.0,21623800,95256400,3358400.0,66550600,478600.0,12005700,9769500,1242400,131953504.0,3371100.0,51528200,11299600,35382100,0.0,11047800,4185500,17327300.0,2141000,2084300,5355900,37902100,377700.0,7492700
2025-09-08,26152700.0,9074900,15247000.0,14767400,10600300,1293800,4599400.0,25521200,141768400,3480500.0,62869000,379600.0,13945500,13715000,869100,124526200.0,3580400.0,72146896,11396400,31844700,0.0,11249800,3227000,23175400.0,2203500,2161700,6958800,58073200,374400.0,4186600
2025-09-09,15204500.0,4248700,7851200.0,7573900,6460700,1258200,2423500.0,13478200,73861200,2727100.0,32840700,331900.0,6003800,6933700,858200,70080800.0,2869100.0,51995900,6237400,27379900,0.0,6192300,2851500,10440300.0,2659700,2383000,3516800,39698200,461800.0,2922000
2025-09-10,14091100.0,5472700,14417400.0,11991700,5498500,756900,2812000.0,11920800,52455800,2455700.0,28898300,243000.0,4256100,7770800,506700,52450900.0,2497400.0,43275200,7469300,25909000,0.0,5006400,3897900,8739800.0,1985100,1971900,3120100,22042300,361500.0,2722200
2025-09-11,20449900.0,5782600,9568500.0,6899500,7414200,810900,2590300.0,11434200,71781904,3995200.0,31166200,391000.0,10202400,18120100,705600,88707104.0,2716500.0,85920600,12854900,20441400,0.0,6349100,4046000,11136500.0,3017000,2166300,4998900,44389200,439500.0,4984300
2025-09-12,12219900.0,3319500,9618700.0,8089000,7447000,556100,2261000.0,10852000,104621000,2584600.0,19231800,186800.0,21808200,7900100,1050800,51664500.0,2536500.0,34559500,6397200,18385600,0.0,5694200,2393700,8413100.0,1964200,2318100,13670300,23141700,374500.0,2635500
2025-09-15,27899800.0,7330300,11859300.0,12875800,14123100,651000,2734300.0,11467700,88920496,2116100.0,21483300,190400.0,16596700,8395500,507500,93174400.0,2671200.0,40521000,8931100,16479300,0.0,5367400,2942600,11200700.0,2142000,2238300,3527500,64130100,499400.0,3038800
2025-09-16,40108800.0,7340200,9655900.0,18522800,17531600,773700,2089300.0,15901800,66855600,2769000.0,51366800,458900.0,13155500,8927700,2744100,87193104.0,3093100.0,37917500,6628000,30137900,0.0,6765400,2008200,24492400.0,2920100,2235800,12673100,70212600,400800.0,2795800
2025-09-17,13049100.0,3700300,7380300.0,7654000,20018000,1489100,2606000.0,9467800,124424600,2594400.0,15819100,211700.0,11516500,8298600,983000,64713500.0,2913100.0,37920700,8281600,15622100,0.0,5627200,3422000,11156500.0,3984900,2022300,9865800,26679300,497000.0,4134100
2025-09-18,21848000.0,4684500,7072600.0,8197900,8198400,731300,1614500.0,13216800,75687000,3114400.0,17716200,168100.0,6725200,8718800,1010400,59508100.0,2467200.0,26356200,8193300,13628900,0.0,8783400,5719900,7856600.0,4389200,2103300,5050800,26645900,439400.0,6786300
2025-09-19,13429700.0,6161400,5917800.0,8134800,23514300,658200,1522700.0,10787200,45024800,3195400.0,14481700,246600.0,10383000,4279300,1385500,82717904.0,2227200.0,27872000,14993400,10813500,0.0,6932700,7550700,8375000.0,5615300,2084700,5300500,28454900,444000.0,7315200
2025-09-22,19404800.0,7994300,9617100.0,11674200,16280200,883600,1376400.0,15324800,66073800,2191000.0,26372700,127800.0,8824400,8126100,1354200,78597200.0,4008900.0,43538600,8456900,21457800,0.0,6061300,10796100,16044300.0,5112200,2352000,5285200,54206200,524000.0,6309100
2025-09-23,9385500.0,3466500,4457600.0,4299500,18291200,544500,841800.0,10542100,24900000,1684200.0,10100400,173300.0,3808100,4466900,447500,142502096.0,3914100.0,21429500,5215300,8090400,0.0,3267800,3232500,7486300.0,1426200,1763500,3425100,27129500,370600.0,3505100
2025-09-24,10853300.0,4669500,3943100.0,5150700,7421100,558200,1004700.0,22756700,30738900,1732800.0,22752100,152800.0,5235500,4391900,503600,191797408.0,2851600.0,36376800,6866400,14155200,0.0,3879200,4722500,11269200.0,1753900,1531900,3214500,40528600,435500.0,3542100
2025-09-25,8158200.0,2009200,14585800.0,4692600,8627700,550000,1186300.0,14404600,34435400,2442300.0,15489700,181000.0,4585800,5302400,468600,61984100.0,3513000.0,25997200,6594300,11877200,0.0,3870300,4715400,13576600.0,2820700,1690500,2752800,30534200,376100.0,3095400
2025-09-26,8974500.0,2295100,10700100.0,10287000,8080800,265100,1301000.0,12495800,38128900,1647600.0,12945900,204500.0,6728100,4081700,480800,66856500.0,2932100.0,38838600,6010100,11437300,0.0,3981900,3791000,7454500.0,2709300,1761300,2489900,25508600,425000.0,3372100
2025-09-29,8265200.0,2110500,5676700.0,4392900,10430900,381300,827200.0,13058200,38831200,2004000.0,16253000,162300.0,4298200,6021900,571100,78599696.0,2517300.0,34409300,5361700,10121500,0.0,2782900,6464700,7070500.0,2445600,1784400,5130400,33075500,616200.0,4493600
2025-09-30,9277900.0,3683900,6880500.0,6496500,12018800,647500,2051500.0,13407300,53737200,3496200.0,19759800,188400.0,4726100,7817600,553000,102650400.0,2226500.0,38227200,8892800,11108100,0.0,4104100,4878500,9290700.0,4674600,1689700,3030200,28902200,427700.0,17459400
2025-10-01,10480500.0,1783000,2106400.0,7104100,7405100,211700,690600.0,9573200,29848500,3962900.0,11544600,49400.0,3192800,4989600,324100,47501700.0,2442200.0,16967100,18440100,13225600,0.0,3022000,3503500,8350500.0,2643100,1675800,4526400,16624800,538900.0,11521500
2025-10-02,10937500.0,2735400,4625800.0,8398200,7933800,454300,1751100.0,11170800,30165900,3811600.0,44086100,171500.0,3777300,4725900,696400,63664700.0,2991600.0,21157600,8412100,16259200,0.0,3657500,5821100,10580000.0,2381100,1759900,3398700,31474300,438700.0,6929900
2025-10-03,9813400.0,2515700,5553800.0,7606900,7681300,470400,2383700.0,9123800,58123500,2545000.0,14509500,194500.0,6475000,9671700,425600,64643400.0,2246100.0,25057700,9437900,11272100,0.0,2821100,4683200,6748900.0,4892400,1613800,3998500,30206400,557600.0,11848400
2025-10-06,20288600.0,3058100,5052600.0,9569400,6580000,420400,2309200.0,23427600,71269504,4098500.0,38982400,148600.0,8979600,9452100,894200,114772800.0,2617500.0,53500100,10349900,23149900,0.0,7461700,5972800,11256400.0,2398200,1702900,4051900,42838700,1099100.0,16082700
2025-10-07,12389800.0,2418400,4786200.0,6054100,5997500,302600,989500.0,9742000,41398600,2548500.0,22188300,248300.0,5203300,7199900,690800,85643504.0,2272700.0,40540800,7496400,11813100,0.0,4229300,6428600,8787300.0,2368100,1598400,3715300,26704000,2485400.0,12556500
2025-10-08,18228000.0,4602600,5697800.0,11976900,5132100,379300,1029600.0,16332400,59953000,3028700.0,32173000,65900.0,11323000,17337700,517900,92523296.0,3085500.0,53747600,10390300,20604100,0.0,8113800,8989300,10243600.0,3256600,1815000,5919700,25369900,660000.0,17296100
2025-10-09,16388600.0,4346900,21019000.0,21543800,5716300,363100,3675400.0,15346800,42551700,4284400.0,38667700,265200.0,7329600,7782900,557300,189712896.0,2535600.0,33451500,9593000,18770600,0.0,5734200,12892200,9640500.0,4131300,1712300,3297300,39130900,1278800.0,25692700
2025-10-10,16337400.0,6794000,15131400.0,13398000,8587700,592500,2163700.0,14960500,62702300,4036000.0,56780900,885100.0,13452100,7593200,481500,77920000.0,2942500.0,29024800,8202400,20313000,0.0,4985600,9026200,10320200.0,4294700,1820600,4972200,34643000,1148200.0,20025400
2025-10-13,18373300.0,4326200,13741000.0,10943600,7915000,516900,3580700.0,27220300,80237696,4020100.0,46449900,713200.0,12632300,7962500,521600,118930304.0,3553700.0,42263800,7743200,43313300,0.0,7992500,12312200,10706900.0,7178300,3773100,6305000,35739000,1103500.0,27893300
2025-10-14,18531600.0,7724500,17636000.0,13689600,12659600,568000,2466800.0,27956100,84307904,2627000.0,49401300,498600.0,12780300,12093100,579100,124387296.0,2917500.0,65269200,7039200,25929200,0.0,7008900,13660200,13677400.0,8065500,4715400,5359800,57074600,1529200.0,32089100
2025-10-15,14416100.0,4329400,6709600.0,8091900,18738600,1271300,2559800.0,23703400,34623200,3443300.0,31486300,412600.0,6589100,5687400,544100,135329408.0,2606800.0,30114300,3805800,13321200,0.0,5218800,7059300,11054400.0,3752400,3453800,4645400,92652496,707100.0,19684200
2025-10-16,13461000.0,3801100,7400300.0,10973700,7928500,956300,3624800.0,17013200,44715300,3265000.0,26482800,662500.0,17212400,6629400,467500,89585600.0,3680100.0,29760800,10235300,20239100,0.0,4634400,9475900,8456300.0,5217400,3679500,5158400,30745500,590100.0,17983400
2025-10-17,16289600.0,4176200,8948400.0,17820200,8374400,320000,2038900.0,19439000,46508200,3489500.0,43529100,229200.0,32812700,9880500,825800,115962400.0,2762100.0,38969300,6674400,18690000,0.0,5405900,12213500,12630200.0,5615100,3068900,6041500,50287200,588000.0,20871000
2025-10-20,32231800.0,7393700,13284700.0,25108500,14580300,604700,3351500.0,26891500,102963104,2570500.0,74530200,645200.0,31684600,14226400,961100,157036496.0,3426900.0,70585904,13295700,30048800,0.0,12115600,11634800,21189400.0,5671000,3485400,8737700,52634700,645700.0,18979900
2025-10-21,19371400.0,4500300,8833700.0,13428900,19520200,837900,3055400.0,24467900,74275800,3509700.0,51668400,316400.0,28573200,12062300,806800,144384000.0,3554400.0,81186896,11955700,28577600,14668000.0,8416700,8238300,14706300.0,3700400,4128300,7068100,54104300,426900.0,17634200
2025-10-22,15620500.0,3971100,6036000.0,11664700,18311100,1023700,2127900.0,12369900,37268800,2643200.0,29596300,186200.0,13805300,8203100,390300,81491696.0,2608400.0,32795900,5680600,15701400,5853000.0,4664800,7701600,6234500.0,4196300,2921000,3846700,26715100,371700.0,14611500
2025-10-23,8751200.0,2708600,6773600.0,8497000,6647600,554800,872300.0,34268900,23443400,2801700.0,19904800,201200.0,9732300,9156600,730200,80037000.0,2610600.0,24279700,5822500,15619200,4955300.0,4227100,6383900,4168400.0,4761200,2601400,2327300,14351400,698500.0,10632500
2025-10-24,11724500.0,3489900,7774400.0,11649500,13759100,643300,1636800.0,17222100,30587700,3665700.0,46363100,354000.0,13522400,9652900,354200,83830400.0,2741100.0,82075200,7394000,23396700,3740300.0,4372700,5136500,6173400.0,3412900,3503900,3959900,23926000,544700.0,9011700
2025-10-27,10208700.0,2062600,7733200.0,5362100,12897800,512900,3939900.0,17556400,27390800,3071500.0,52326000,451700.0,7509000,9884200,691600,95564800.0,2726800.0,71137600,4852600,15906600,3542900.0,2640000,7164300,4156200.0,3889100,3024700,2998800,23908400,328600.0,12570400
2025-10-28,10305300.0,2793500,12881300.0,6253500,20912700,660100,1413900.0,14459200,28512100,3276000.0,49519800,485900.0,7889400,8277300,405600,67544000.0,2472300.0,34464100,6598200,26134800,6048000.0,2789700,13561200,7382400.0,5205500,3724300,2079100,26721300,391300.0,28526100
2025-10-29,6350700.0,3204200,4403000.0,6411600,9302800,639500,3912600.0,31358500,39448900,2203100.0,24107400,593500.0,8381100,5076100,762700,117844304.0,3224700.0,22897000,5986100,13116300,1168000.0,3716000,3681700,5094800.0,2739200,2318200,1973000,25082900,360400.0,8951300
2025-10-30,9309300.0,2599600,11935100.0,4840500,9730600,460400,3349800.0,23301200,23693500,4308800.0,24498600,726000.0,6826300,5652200,623700,71843696.0,2596100.0,28037300,3281900,10507900,1542000.0,1946600,3691300,5619500.0,3772500,2386700,1905200,19085200,390300.0,9832700
2025-10-31,12748200.0,2380000,6817400.0,8858400,14827100,1173700,7002600.0,22262400,19779100,2448400.0,19849200,343700.0,6477800,6453200,575000,47405000.0,4153600.0,26772900,3469600,12256900,1835500.0,2117800,6461300,4603100.0,7461600,2801200,2641500,15506600,413700.0,15108600
2025-11-03,13864900.0,2453800,4999200.0,5620800,20963600,1095100,5166700.0,23596600,28356600,2241800.0,29961200,1311000.0,7670000,6146600,858900,71719600.0,2881500.0,50015100,6619800,16737200,1434400.0,2800100,5083100,4410400.0,3627000,2409100,2642700,23165800,124800.0,16286200
2025-11-04,17972000.0,3482600,9461700.0,7379300,10620700,1008600,3723200.0,34423800,37767100,3025200.0,38226500,1799900.0,12598000,13681700,851500,96499600.0,3181700.0,57837700,11567100,16062100,2819200.0,2952400,4564100,8138900.0,2514100,2129600,4175200,31974700,190800.0,11076100
2025-11-05,6212200.0,3945700,10745900.0,10623400,11741500,1680600,4804500.0,8534600,20835300,1657400.0,12417500,1239200.0,8834200,4679900,566500,39403600.0,2439000.0,30063400,4422600,11242500,859100.0,4601700,3054600,2500200.0,2136600,2043500,3831600,13066000,78100.0,8660900
2025-11-06,6525200.0,2392700,3847000.0,7255500,6751800,626000,3783400.0,12158000,21207600,2073400.0,10717900,1216200.0,4652600,4495500,543600,54472700.0,2484600.0,23177900,7748900,13684100,983600.0,2821200,4590300,2832100.0,4605200,1768700,2241200,13235900,77000.0,8062400
2025-11-07,12107200.0,3220900,4675600.0,13056800,5863600,1225100,3195500.0,22588600,55100200,2728100.0,21326700,1730800.0,7306800,8643300,560000,84767600.0,2922400.0,36679200,20318100,16083600,1798800.0,3586300,9791200,3709000.0,3701700,2066800,3251100,23937800,192400.0,14429600
2025-11-10,7222900.0,2337400,3593400.0,7671700,10072600,738300,2280900.0,12893500,48017900,1794100.0,17025200,1173800.0,5025900,7274200,515600,48856900.0,2662400.0,33031200,8290900,8793300,1342500.0,2316500,6349200,2847900.0,2785800,1928500,2675800,16818300,43400.0,8905300
2025-11-11,6962300.0,2393800,2802900.0,8811100,6624200,553500,1510800.0,11097100,31332100,2356200.0,15211100,877900.0,7667500,5881500,1271900,67711904.0,2890700.0,30203900,8621000,11239700,1490000.0,2540900,8465600,2568700.0,4226300,2016700,5152700,14818100,69800.0,10444200
2025-11-12,6319100.0,2029800,3270600.0,6635000,6635300,648800,1674100.0,14650300,30662900,1475300.0,17528300,766700.0,5010800,5083400,753600,83505400.0,3631700.0,34965500,8640000,12025800,3784500.0,2012700,4720500,3802300.0,3885100,1922100,5161900,16274200,51800.0,8248200
2025-11-13,5637200.0,1942700,5694400.0,5628500,4757400,1158200,3905600.0,11503300,18927500,1362300.0,19631300,1217600.0,4590600,3798700,1122200,56710100.0,3530100.0,21313000,17041000,12530800,1688800.0,2113500,4292000,2901200.0,3061500,1857900,9741800,12863200,35800.0,5900500
2025-11-14,6763400.0,2234600,3081200.0,6523600,4699900,496800,2269200.0,14810200,22112200,1193800.0,16560800,723100.0,5137900,3951700,842800,62828700.0,3215900.0,19630000,14304600,5603100,2663300.0,2069600,3280400,2465600.0,2083100,1849300,10146900,11783400,38700.0,5608700
2025-11-17,3945100.0,1422700,4617400.0,5014800,5585100,689000,4627400.0,12131900,32158300,947600.0,16843400,499500.0,5528700,4514700,1032700,65266800.0,3402100.0,15953500,10169700,9499500,2563500.0,1585600,4096000,4358700.0,3889800,1912600,4198400,12074200,53300.0,7528900
2025-11-18,6387000.0,1451400,3166100.0,5458400,6500100,749600,4239500.0,13963400,35028300,1390600.0,19492900,457700.0,4594500,4417900,623200,44005400.0,3411700.0,25611500,8541600,8594800,2373800.0,2158800,3666000,5488600.0,3027200,1830000,5559900,18859400,41200.0,5069300
2025-11-19,5994400.0,1302400,3353400.0,5019700,5169300,380800,2915700.0,20946700,56320700,1316500.0,16581700,633000.0,3470500,6064700,665000,59460500.0,3170900.0,23268600,9515600,6830700,1863800.0,2896200,3741200,8736500.0,2328900,1811700,4458500,16825600,24300.0,6884500
2025-11-20,6153200.0,1467900,2149100.0,4543200,4593100,392000,1872300.0,21414900,23049300,2164700.0,13622300,334800.0,3398600,5080700,776700,83370896.0,3061400.0,21063700,5896100,6941100,809500.0,2259400,3350300,6409100.0,2828600,3009500,2656100,19548400,16600.0,5225000
2025-11-21,7299200.0,1247000,2920700.0,6520900,7936900,467300,1915000.0,13878700,22607900,1076000.0,26669000,780000.0,4020000,8331600,542300,58408100.0,2856900.0,18445600,10132900,8560200,1023400.0,3452400,3947400,3446600.0,2778400,1923700,4191100,18164600,480300.0,5864200
2025-11-24,7081700.0,1091700,3110400.0,3617800,5061800,390000,884600.0,16462700,14707800,1211300.0,10531000,389100.0,3380300,4147400,863800,50474000.0,2411300.0,11833000,6116900,8275900,3376900.0,2025600,6062300,3465800.0,3203000,2856900,9900300,18118500,455300.0,26444000
2025-11-25,15856700.0,1798100,3931800.0,5568500,4494900,405700,2656500.0,22337300,24346200,1401600.0,18502700,351300.0,3736600,4223700,435300,77663400.0,2522200.0,53026500,5219100,9145600,1170400.0,2755000,4457800,3125400.0,3425500,3212400,4907900,14577900,792200.0,12123000
2025-11-26,9003200.0,1237300,3227000.0,7071200,5830900,529300,1192000.0,14640700,19022200,1572800.0,21635300,228000.0,3197800,4735000,374600,87211400.0,3297200.0,36038100,7616300,7859900,2517000.0,5371200,4375200,3263900.0,4196800,2250800,3651000,18812900,559400.0,7893300
2025-11-27,7791600.0,1071300,3201600.0,7632300,4780500,1562200,1797500.0,11302600,13956200,1173300.0,22892300,82100.0,4485400,3506200,301100,49403500.0,2879200.0,20104000,3672600,8857300,4729600.0,3113500,3140200,7202400.0,2348000,4882800,3962300,14878100,596900.0,7224500
2025-11-28,5358800.0,878600,2413700.0,4673400,6210400,1243100,2071100.0,12460800,20789300,1434700.0,11759400,211700.0,4238900,3026700,381200,56614300.0,2727500.0,25473600,4671200,8390800,1440400.0,3534300,3434700,2383800.0,3844800,1487300,11898300,11904900,2093900.0,9244100
2025-12-01,9243000.0,1458900,2213600.0,2739600,3125100,2743800,1889700.0,7633800,19747100,798600.0,7796300,270300.0,5362600,2955600,4104800,57719700.0,2656000.0,28396500,3344100,7034700,852000.0,2824900,5879600,2887300.0,4500600,1854100,9107300,11852800,3294200.0,11792100
2025-12-02,15503200.0,1590300,5151400.0,8947700,5560800,1960300,2666600.0,14736300,26073200,1242000.0,19166400,773400.0,4648900,3953000,5646800,63698600.0,2774500.0,31339700,5477800,14025300,1905100.0,3185600,4533700,3006800.0,4093500,3559400,6764300,10412200,2995400.0,10035200
2025-12-03,16051700.0,4011700,2747400.0,22667700,6475300,1151400,2066500.0,14169900,21527600,1490800.0,56674900,471700.0,12175800,15177100,3231900,81797504.0,3152900.0,22047800,7311300,16220500,794000.0,6161200,4477200,9732300.0,3328700,1692700,5383600,30066400,1220200.0,7974700
2025-12-04,12219800.0,2052100,2918800.0,7554000,7387500,1027400,2234700.0,15110300,35081200,1140300.0,80906200,262100.0,5309300,7082600,2805000,48195600.0,2560600.0,32017100,7179800,12020600,3522500.0,2923100,4584800,7043300.0,3902000,2249900,5918000,16875100,1077600.0,6232200
2025-12-05,8994300.0,1626100,2148500.0,6459700,5062500,735600,3578600.0,9205900,17662100,1083400.0,29444500,230600.0,6658500,6818100,2542700,58168300.0,2918800.0,47092900,6092100,7316700,1280800.0,3604700,5143500,4212200.0,7001500,2320700,3598900,12515000,2951300.0,7428400
2025-12-08,4935600.0,1702000,8535400.0,6112900,5278600,1050700,3507000.0,9934700,21455600,2989700.0,22616800,112400.0,4073000,4614500,5248000,55435100.0,2404700.0,31938300,4224200,6283600,652700.0,2141500,4603000,4454200.0,4606600,1673000,3322000,15691000,2081000.0,7479300
2025-12-09,11326500.0,3264300,8990900.0,9538100,9961500,731000,2669000.0,20452400,39911800,4632400.0,34378900,115700.0,6841600,6672700,4328800,88519600.0,2738100.0,30826600,10646500,10774500,752500.0,4519400,7599600,7271300.0,12839300,1981000,5389200,25274800,2138200.0,11236500
2025-12-10,5460100.0,1904100,3511200.0,3867500,3894100,443900,1098300.0,24010400,19708000,1452300.0,25865300,135500.0,3186100,4887900,2433700,38890500.0,2436500.0,12135600,5984100,5381400,433500.0,3082500,7908400,3302800.0,6592900,2538900,3470500,9284000,2473200.0,13287200
2025-12-11,7525800.0,1133200,2840200.0,4553200,5201600,470100,1028300.0,6731800,17142200,1245100.0,15190600,179400.0,3520000,3015900,1643600,55345200.0,2337400.0,11688200,6162200,6610500,517100.0,1746700,3117200,4969000.0,7957600,1748000,4852300,10971700,2482300.0,8031400
2025-12-12,13924900.0,1877500,6877100.0,8014400,5519800,598400,2898000.0,15587400,37088200,1570300.0,21849200,304300.0,8979200,8896500,2534500,65585600.0,2485800.0,21558800,8811500,19124300,1360600.0,4847700,6638700,9410500.0,4622400,1994200,4396400,21016800,1920200.0,14302200
2025-12-15,9317100.0,1243400,11539300.0,5440100,3524800,620600,1872800.0,11805900,23939400,1403500.0,16023100,330100.0,4188700,5323900,1509700,49057500.0,2725400.0,18667300,6054400,10487300,4528800.0,3203100,5413200,7099200.0,5214800,1403500,4242600,18306600,1445300.0,11731800
2025-12-16,9830200.0,2060100,16692700.0,15094400,6295300,870400,1904800.0,17054100,29329900,2136800.0,21422000,418200.0,4400000,7552000,2083100,56757200.0,2453500.0,32104500,5417200,14017600,5355600.0,6346800,5672700,5297300.0,5330200,1586300,6863300,11815200,1390200.0,7805400
2025-12-17,6430600.0,4085100,7112600.0,10665100,4967800,532900,1757900.0,23353800,16546600,854400.0,9524600,153600.0,3573600,4829800,1555300,48835400.0,2422900.0,13669700,4055200,6749600,3626500.0,2331200,3306500,4091200.0,2867800,1511100,2090400,6311700,1233000.0,8617800
2025-12-18,3558000.0,1238300,7420600.0,5822900,4115500,625000,1115700.0,27159300,18777900,1671400.0,12957300,0.0,3135400,3495200,1042600,72289296.0,3120600.0,16276800,5520600,9090400,916600.0,3075800,3362700,2812400.0,5429000,2130100,3065000,7996800,1180700.0,6326300
2025-12-19,3538700.0,2050700,24803500.0,7234100,4492600,658000,855000.0,21301200,29580600,1371800.0,10343600,0.0,4350100,5439900,1138800,47537900.0,2247700.0,42628200,7229300,9184900,4515700.0,4265500,5348700,3079700.0,12784300,2115800,2685700,9896000,1614300.0,10546100
2025-12-22,10013100.0,2714700,13332800.0,11776100,6142400,1262800,1127300.0,39574300,54880900,2655200.0,26664100,0.0,3463700,7856400,995900,66430700.0,2158300.0,29655000,13019000,16562200,2167000.0,2961200,4779100,10668800.0,4500800,1857400,2650700,13903800,1051800.0,9656000
2025-12-23,8578300.0,1919100,9958300.0,9893700,6006900,1512400,1072000.0,32590800,29588500,12622600.0,21996200,0.0,5203600,13817800,1429100,59829000.0,2662000.0,26174900,8408800,12785000,2589000.0,3147900,7781700,6967600.0,6615800,1843400,4394700,12224300,976000.0,14877500
2025-12-24,8709200.0,1986000,6624400.0,9502300,3901500,1526800,1436000.0,25185800,23136900,2615700.0,24794700,0.0,3229900,6357400,997100,112666600.0,2308400.0,22076900,19984100,10571000,1237600.0,4431500,9949600,6457000.0,8749100,1833200,4870200,15286500,2024800.0,9103700
2025-12-25,7250600.0,3728800,5374500.0,13969300,4565200,3702300,1031900.0,16421500,29780000,2288000.0,17926700,1009000.0,3230800,8091600,1145900,56912300.0,2046100.0,16892800,15350700,10946100,1286900.0,3968100,10699900,4069000.0,6373600,3518200,2059600,14199000,2991200.0,17089700
2025-12-26,7831900.0,2657200,11687700.0,10622300,6612400,2428400,1406500.0,21297400,94035000,2093000.0,24369500,295000.0,6065600,9310200,1433800,108127104.0,2094200.0,31205200,17485500,12160300,1262300.0,3302500,16551200,8329800.0,15336300,1665600,2399200,27183600,1119700.0,20927400
2025-12-29,3770400.0,1644300,17508200.0,7192400,6300900,5613700,1106300.0,14634000,16525200,1171100.0,11448200,643900.0,2513400,6228800,882900,44770600.0,1789700.0,11999500,22403400,6596700,893800.0,2099700,7324300,3557400.0,6667000,1680400,1943000,20347900,616600.0,7573400
2025-12-30,5337300.0,5379000,7348700.0,8456300,7271200,1764400,2111300.0,29039500,24581900,817300.0,12056900,382800.0,4153700,7753100,1279000,65877000.0,1789000.0,11165800,19183500,7265300,657400.0,2958000,6669000,3401200.0,8091800,1702600,1581000,23124400,977300.0,8839700
2025-12-31,5932900.0,1630700,5363600.0,7920700,3082600,1872800,1021300.0,43989500,20149700,2465100.0,23824800,142000.0,4728800,4804600,579700,52638000.0,2414500.0,13612800,14589500,9454000,1472200.0,2530800,6830500,6584200.0,9438700,1395200,1879600,22530100,1038900.0,9567900
2026-01-05,8986200.0,3885400,16538300.0,10427300,7029300,5364200,1408600.0,24967900,46487900,4157300.0,36858500,458700.0,4140400,5947300,1623700,64342300.0,2068200.0,31181700,18337600,8187500,769000.0,3591800,10136200,4191700.0,6644800,1788000,2814700,16194100,1927300.0,13719300
2026-01-06,12736300.0,4854900,20485800.0,14857900,5397500,4730300,4061800.0,14635600,39616600,4415000.0,72144096,148900.0,3765300,6390700,1942000,77500200.0,2070200.0,24039700,12705700,25180300,4563800.0,4173200,8459900,5413100.0,7681000,2090200,2963300,21660200,1478400.0,21287500
2026-01-07,22731900.0,13409700,31374900.0,22144400,11427400,4173200,13681500.0,23080000,37249700,1271400.0,33897900,403200.0,8379800,4998000,2000300,81138200.0,2370600.0,24638500,53941300,13319400,4386800.0,12918300,9511500,8724700.0,7674800,1487800,3228100,34203500,1477800.0,11861100
2026-01-08,24925700.0,27506700,44567300.0,31939500,5576200,6171100,10234200.0,17601200,37518600,1923900.0,47534900,494300.0,4525700,10543900,1599300,135955104.0,2679300.0,43204100,16488100,21044200,8817600.0,27104600,15234400,12735300.0,6593700,2229900,5636400,29952600,1616800.0,16566300
2026-01-09,16460000.0,22918600,38812900.0,38922900,10048700,4592600,9394000.0,29852300,35089300,2099000.0,66065300,189200.0,5786600,6472200,2041500,68480400.0,2096900.0,29015400,21551500,28290500,3864300.0,32481400,9789300,10177300.0,5389600,2533600,4184100,37610200,931000.0,15581100
2026-01-12,22302500.0,7783600,34088000.0,37246900,9076600,5514400,8946600.0,23631100,83534896,2299400.0,56968300,110800.0,8295600,8471500,1678300,107621400.0,2809700.0,55916600,21181100,23390400,8510300.0,21973100,9143600,16079000.0,9379500,1966900,4146300,49690500,1484500.0,25316700
2026-01-13,24138300.0,21869900,46664000.0,32378300,9411100,4960100,14389700.0,16194800,45777400,2377800.0,45769000,321200.0,10133600,6657100,3322400,88823200.0,2656400.0,50152400,18230000,20065400,2496500.0,28198200,9148500,9889600.0,5382600,1639400,6761300,42211100,1040900.0,10555700
2026-01-14,19456100.0,17646800,38293200.0,30568900,11900400,4910800,14095400.0,21961000,53908300,1518900.0,45126300,96300.0,13858700,6951400,4550700,81592096.0,3407100.0,58600100,14857600,24159300,2809000.0,21213600,11385300,18442000.0,4416000,1902700,24838300,44749400,777200.0,16104600
2026-01-15,14169900.0,26455700,29699000.0,28177000,7401400,3558000,11037100.0,32989100,61937700,1812900.0,34596800,373200.0,9103300,7636600,6078400,83216096.0,2163500.0,42148600,23196000,27274000,5092700.0,23227200,19255700,6546900.0,8278800,1674500,19260600,34620800,761900.0,16477000
2026-01-16,10941400.0,13973800,32240900.0,21678400,23871100,4537900,8596200.0,15902500,65577000,1930100.0,20359500,488100.0,15818700,7671600,2852800,58807900.0,1922600.0,40835700,18237000,9580800,1524200.0,13426500,5774400,8113200.0,3824600,1380500,13372500,24981000,988800.0,9250200
2026-01-19,10927600.0,9409600,22521200.0,13549500,14710500,4498200,9356800.0,16574300,40465900,863600.0,27218600,306300.0,6226700,3055300,2768200,59592800.0,2356200.0,23355000,8938300,9996300,2061100.0,8212000,5284700,5557600.0,2282900,1083300,10385300,30777100,532100.0,8573500
2026-01-20,18384900.0,15547500,23609200.0,18904200,12213100,3888800,10142500.0,19555100,44169600,2707000.0,28109000,244400.0,11205300,6841300,3633500,54106900.0,2623600.0,27568900,16114900,15678200,1612200.0,18491600,7006400,6538100.0,5147800,1416900,21521900,48697600,756000.0,10790100
2026-01-21,12924400.0,11935000,40775000.0,20390200,14517300,4569400,8356100.0,24503900,37234300,3086500.0,27066700,188700.0,6385500,5383600,2222400,65842200.0,2311100.0,45564500,25967900,11159500,2571400.0,11179000,9321600,10586400.0,3238000,1463200,11234100,34082700,1009800.0,6966700
2026-01-22,10084800.0,18089900,31658700.0,21656100,8095100,4035100,7081600.0,18695900,27732600,2487900.0,17506700,214200.0,5049500,5450600,1396700,58903900.0,1974100.0,23297600,17206700,8784900,2071000.0,18577500,7971100,4862400.0,3404000,1307700,8055200,19795300,562800.0,7252900
2026-01-23,11781000.0,10080300,40730800.0,17979800,9418000,3428600,6548400.0,16077900,24233600,1914200.0,23036800,166700.0,4123600,6722800,2328200,49017900.0,1993100.0,26072300,16451000,20704300,8312200.0,16804700,7272600,4259400.0,3317300,1510400,16050400,31092900,689900.0,7919100
2026-01-26,13742900.0,11947600,24331600.0,17221600,11183100,6102800,8681600.0,11703400,33759300,1421000.0,31708000,130600.0,5784500,6030600,1694200,75374496.0,1968900.0,25986500,14884400,9416700,2893900.0,10990600,4159000,6874300.0,2315400,1220900,8864800,32470600,603900.0,6004100
2026-01-27,12471600.0,12478800,22591500.0,12601700,10585500,5889900,8227600.0,15743500,21014200,1433100.0,19201000,148900.0,3805800,5418600,1290400,51904700.0,1800800.0,17981400,12496700,12126400,2662000.0,9645200,10162000,3499100.0,6581300,1224400,8357800,12846500,617800.0,10746100
2026-01-28,32294900.0,17897800,41660200.0,15308300,11949800,7140900,13817900.0,24360600,29982700,992500.0,17954900,200500.0,8819900,6085200,1151800,42882400.0,1848500.0,24978600,12810300,11482000,1841100.0,12283200,15508700,4773000.0,10028300,1969300,9816800,14212000,1341900.0,14010100
2026-01-29,20344800.0,7082200,16709600.0,10027200,14247700,3705700,9435700.0,13587000,27608700,801400.0,19308300,471000.0,24722400,15892000,1623900,41935000.0,1856000.0,11080700,7052500,8593000,2091200.0,7855400,6368800,4241000.0,6992500,1782400,10036800,8246800,665100.0,3830500
2026-01-30,15667300.0,13696100,22201400.0,28474900,10833200,3644900,6315900.0,15990600,40558400,1478700.0,28064600,203900.0,10777800,20845900,1724800,53345400.0,2376700.0,18979800,9372100,11603200,3107000.0,11480700,4714200,6710600.0,6881400,1696000,7844800,15839700,783500.0,6955000
2026-02-02,14303300.0,11934200,32535700.0,23383000,9331400,5534800,8064000.0,16113700,44024300,1414600.0,25977600,195300.0,11833900,13866200,1193500,49881000.0,2938100.0,20335700,12216000,9657500,2095900.0,10711000,9144500,5277000.0,10401600,1498600,10777700,14154800,636700.0,13210300
2026-02-03,17659700.0,11573700,23657600.0,23670600,9097000,3319000,9200800.0,20463600,32029900,1040300.0,50769200,220900.0,8426800,10130300,2564900,53252800.0,2106100.0,27630800,10152200,14012600,2391300.0,15094700,9348800,6343400.0,8884500,1304800,7261000,15333400,470800.0,7761900
2026-02-04,17881700.0,9645300,18172400.0,18233300,11639700,2275800,6342400.0,13382500,145418096,1567200.0,25733700,177600.0,8323300,7656400,1558600,47046700.0,2104600.0,32382800,11683400,11708700,1774700.0,8726700,13582800,5060900.0,11704000,1312300,7672500,16720100,909500.0,11640600
2026-02-05,14043600.0,9817200,24530700.0,16072100,18088600,2555300,6209000.0,17052600,32887100,1331700.0,25285900,114100.0,10434400,5643400,1682000,46304700.0,2233600.0,15197700,10907100,10700200,1372000.0,11688700,9429200,3831400.0,7413900,1515400,8057000,9669100,915000.0,13569200
2026-02-06,18597300.0,9885700,31341200.0,24838700,9766800,3964600,5838700.0,27190700,67073000,1869700.0,49957800,113500.0,9419400,13814700,1886100,62805800.0,2245700.0,37356200,14979600,12492400,3298100.0,24570400,8492200,8313900.0,7311200,1268400,6695900,18137700,602900.0,8635700
2026-02-09,11128300.0,3595300,10409100.0,9918300,5108600,901300,2801400.0,13142300,24310400,817400.0,25413800,122300.0,3681100,5452400,519800,53793600.0,2211700.0,14650200,5613100,7754700,493900.0,7308900,4463200,4919800.0,2803700,1042500,2573300,8770500,547200.0,5565300
2026-02-10,14120400.0,22973600,37264600.0,12648100,6113500,6158900,10816400.0,12368700,32543400,1588400.0,51318500,349800.0,6018600,5950600,1278300,45414500.0,2014100.0,19127600,15767700,9951100,850900.0,15811100,8656800,4862900.0,6103600,1049000,5090400,11076900,461800.0,11245800
2026-02-11,17796900.0,8738800,13784700.0,13723100,5507500,3230600,5445000.0,29253800,26495200,1276800.0,104577296,107200.0,5600000,8987000,675500,59290200.0,2253800.0,22738100,8440100,11045000,1176000.0,11121200,6203200,4861700.0,5289000,1187900,2672900,28252000,429000.0,6146600
2026-02-12,17469600.0,4806600,10936300.0,8656700,4125200,2700300,2433900.0,9614300,13137000,458300.0,27983900,225300.0,2759900,7890300,508400,37459600.0,2132500.0,11764300,4636600,7542700,650600.0,7950400,6584900,3196300.0,4346600,1078600,1951100,8140700,533200.0,7592200
2026-02-13,13629700.0,6762700,13364500.0,9259700,18508400,2039200,3173000.0,14478600,24069800,2457800.0,21371900,70200.0,3963900,5511500,758900,37753700.0,2280700.0,19533500,8998200,6059700,2586700.0,4951400,6244700,6435200.0,5436200,1247500,3341400,12905500,506100.0,7063500
2026-02-23,11535400.0,7557400,14417700.0,8379600,22660400,956400,2792600.0,10138800,36086500,722700.0,19036000,84400.0,3791500,5003100,747400,54597400.0,1608100.0,16669300,5818900,9141000,3085000.0,10104200,3679400,3091100.0,3711300,1266800,4211800,15465000,324800.0,6284400
2026-02-24,13798400.0,5739400,31801100.0,12133300,28539000,4780400,8201000.0,22582600,99498304,1326400.0,27187100,52500.0,8479700,6601300,812400,49627800.0,2218700.0,46478100,7967200,10872100,4058600.0,10246500,4723800,5645600.0,1947400,1663400,3552500,18101200,296600.0,5228100
2026-02-25,16965000.0,8375400,26335100.0,10573600,47733100,3689100,11972300.0,18493700,136409200,1826400.0,28088400,216100.0,5852200,8132700,1341700,106131296.0,2121400.0,42664700,20065800,12384800,1364700.0,9488800,5547800,7253200.0,5289800,1183500,9804200,20144800,719500.0,9042700
2026-02-26,13367200.0,4690300,23273900.0,11489400,17525500,3151900,6612100.0,14130400,54496800,3105500.0,16056700,49000.0,4991400,5011100,1107900,45204400.0,2113700.0,30429600,8140000,9305800,1226600.0,7561900,6157600,3401000.0,6775200,1174800,14298200,13933100,600300.0,5428900
2026-02-27,11051000.0,6519700,18188800.0,8888400,18705600,2827100,6357900.0,13120700,47306500,1473700.0,14848500,325500.0,5053900,5224300,1197000,38821900.0,1992800.0,37296900,7079500,7958700,1406600.0,8831200,4915000,2778500.0,3624400,1133900,13371400,18002900,223600.0,3100400
2026-03-02,19337800.0,11738000,4097400.0,25730000,17245400,3660300,16546200.0,23024400,86907000,1500700.0,51175400,259700.0,10248500,10738700,1618800,88122000.0,2260000.0,72555400,22266500,17516400,2241700.0,17105000,6578000,8297600.0,4989000,1184600,12468700,24664300,394800.0,8153700
2026-03-03,14088200.0,15198300,49024000.0,21254700,16504400,7680200,11766100.0,19337900,69294096,1332600.0,42244700,439500.0,7767900,13370000,2424900,53183400.0,1925800.0,70785104,10142700,17273500,1331100.0,12575400,11710100,6602200.0,6378300,1193000,17815700,18795100,753600.0,9568800
2026-03-04,21996800.0,10734400,27427500.0,19451000,23755700,4554900,8585300.0,17900500,68275504,2091600.0,42105200,808500.0,11189700,13414100,1327100,87559104.0,2359000.0,92511296,15992100,30866600,2762700.0,10259500,12722700,6618900.0,4387500,1467800,13382500,26580500,644600.0,9389800
2026-03-05,9923300.0,6063200,27388400.0,8015700,15906800,5317800,7891200.0,18266100,47998900,1933300.0,17308700,322900.0,6074200,11270500,768200,67258096.0,2783600.0,83987904,11705000,15754300,3828900.0,6037000,8978700,4074200.0,5615500,1566900,8165700,21450200,837300.0,6995600
2026-03-06,11699100.0,5423100,21561100.0,8532000,23713900,4731500,8579500.0,11697700,44351700,1469300.0,22166600,217700.0,7955900,13359400,804600,73881296.0,2315400.0,70603696,9695500,14743000,3052700.0,8854200,6979200,2831000.0,2975400,1238100,6471800,15454600,478300.0,3666200
2026-03-09,35451400.0,6134800,35545500.0,17770800,17633000,5387400,1767500.0,28176000,120981904,1982400.0,73057296,208800.0,4325700,4983800,3538000,123396704.0,2308700.0,33530000,34718500,33386400,2435700.0,29396000,17232900,25152500.0,6353700,1111300,18046300,32371300,1739500.0,3092300
2026-03-10,23159600.0,14055500,31752600.0,24975700,21099200,3885500,14546300.0,24488200,91236600,2403800.0,37844500,325900.0,13574400,21042400,1473200,79944704.0,2037900.0,81041104,21117100,18772700,2394400.0,11524700,5665600,9851800.0,4203800,1429000,10762100,30382100,666300.0,10408500
2026-03-11,18301200.0,6154500,19019300.0,12877000,10652800,4146800,4178200.0,14822800,49913200,2275300.0,22212600,94000.0,10575800,17339300,966300,52147100.0,1996100.0,39065300,9254700,12998900,1998100.0,8789200,6734300,11598900.0,2974500,1433700,7507500,17296100,1462000.0,8105900
2026-03-12,15668600.0,6452900,17242000.0,12913700,12722400,1736400,5803200.0,11637800,44045900,2167300.0,19075600,118400.0,8489100,10104500,824200,83295200.0,2119000.0,44112200,6081700,18068400,1531600.0,6217000,4137400,3945300.0,3036100,1393200,6298800,12809200,513300.0,6624900
2026-03-13,15525700.0,7923500,35612800.0,8278900,9026000,4442600,7857500.0,8896300,28666500,1678600.0,17314700,383200.0,8344100,6260000,599500,57514000.0,1559000.0,54940600,6921900,9833600,3014000.0,5656900,3989100,4482400.0,2665200,1257300,5388500,13865300,792600.0,3440100
2026-03-16,9534100.0,5174500,18025800.0,5159300,8662000,5461400,4862300.0,6905100,19880400,1219100.0,12448200,1482800.0,4578400,5282300,465900,84195400.0,2104500.0,26040700,10881400,8138100,1481300.0,3985900,4947300,2941300.0,2480300,1162100,2965000,7467100,677700.0,4825600
2026-03-17,9847800.0,6922000,16522700.0,7184200,9218800,1712800,2762700.0,11718400,24176300,3410600.0,9514500,2588200.0,8479300,3811100,700800,48614400.0,1751800.0,29267400,8825000,13156600,4476900.0,7148800,4359000,8879700.0,2810700,1243800,3816100,9324100,396300.0,5159000
2026-03-18,10506600.0,14609300,37080100.0,12546300,6352700,2627100,3530400.0,9744800,23058500,2196800.0,14929500,413100.0,5029900,4304400,577100,46241800.0,1828900.0,42490600,33645200,6834600,1455400.0,8225000,4511300,4526100.0,4966200,1285600,2596400,9271600,634400.0,3490200
2026-03-19,16614600.0,6392700,16049500.0,7530900,11602900,2140100,4199100.0,13069900,36837300,4447600.0,19724200,820800.0,8216000,7916000,840600,65431900.0,2877700.0,60356700,11631900,16386600,2200900.0,6184000,4596600,6027800.0,5611400,1725300,6400100,23991600,1018300.0,5186300
2026-03-20,13775200.0,10147300,34027800.0,10708700,21423700,3150400,4793600.0,12201400,60885800,1920100.0,13305900,2211200.0,8880900,6488600,1019800,35688500.0,1830300.0,34786500,9388100,7919000,3804000.0,8322900,6142200,3343200.0,10346200,1784200,5734800,15978800,530800.0,8424800
2026-03-23,15858400.0,10634100,25169500.0,13238000,13156200,2980000,5932600.0,24481200,44362900,745300.0,21672100,485800.0,8307600,17473900,789200,85660000.0,1855100.0,50940700,8986900,15397100,3083100.0,9648600,6595700,5663500.0,4671100,980100,5908000,22738500,617100.0,5054500
2026-03-24,14004000.0,6990400,20130400.0,6410500,5189700,1892400,3819500.0,13461800,27778800,1020400.0,13041100,113800.0,3692600,7903300,779500,34929600.0,1994400.0,28152600,6025600,9251700,4019600.0,4332300,2699500,4879400.0,3901200,1654700,2689900,29998900,499400.0,2727600
2026-03-25,12449400.0,8722100,16946200.0,6241100,7429300,2006800,3946500.0,11108800,22967100,953700.0,13825500,196800.0,4078200,7550200,817400,76541904.0,1774600.0,30401000,5688900,10014500,3637200.0,8558200,4327400,8611500.0,3013400,1290300,3445600,21942900,586500.0,5258800
2026-03-26,8294500.0,6156000,9550900.0,5738200,9743400,1290400,2429400.0,9142400,18424200,636800.0,13683600,62400.0,4014500,7066800,472100,67867104.0,2022600.0,23402600,5034300,7432100,1583700.0,6217800,2742600,3021400.0,2435600,1165100,2044000,19426700,469000.0,2053900
2026-03-27,7638400.0,8196600,10857200.0,12073500,9080300,2023700,4463000.0,14613100,26863700,1152800.0,12866700,224100.0,4263900,7595000,346700,69844304.0,1878400.0,23305300,9368300,7624800,2060600.0,6135900,2547500,6298900.0,2124700,1004300,2137400,11263600,471900.0,3502600
2026-03-30,7414700.0,6075800,19698000.0,6061900,7814800,2027000,5368600.0,14532900,41276100,1047100.0,11214500,178200.0,6573900,6027600,668100,85561296.0,1937100.0,25942100,7574900,6340300,3332400.0,5546000,2582200,3507600.0,2042500,1246800,4075600,16541700,594800.0,2525500
2026-03-31,13096000.0,7278600,20456600.0,7394400,5639200,2432200,3647100.0,17460200,23553000,1068300.0,20965700,169900.0,5911100,6582900,413500,96443296.0,1800000.0,34450800,5233600,8861500,2251900.0,5481100,1487400,4166800.0,3316700,864400,5323200,19377200,312100.0,2502700
2026-04-01,9883500.0,10071800,23335900.0,8257700,8534000,1876800,3228800.0,13765700,31503700,1737100.0,18947700,171100.0,8282500,5736600,469200,79845400.0,1746800.0,40298800,3187200,8787500,1587900.0,8254700,2031500,5681800.0,3637400,1686900,5446200,10288600,2375500.0,10207100
2026-04-02,9767900.0,7101700,16030200.0,6251200,5224400,1167900,2491400.0,13794100,50005700,995000.0,23391700,266400.0,5420300,5675700,401600,110127296.0,1858400.0,25165800,6494800,7864700,984500.0,5664500,16320300,4091500.0,4153300,1060100,2855300,11441500,766400.0,6533700
2026-04-03,11386300.0,7279600,9858500.0,8626800,6333100,1931200,2702000.0,13990500,31383300,2029400.0,10974700,206600.0,5241600,6903100,543600,52368000.0,1802200.0,27134200,4610800,8900100,1355300.0,5919600,6023000,4380800.0,2869800,1433000,3788600,16758100,1476000.0,6426300
2026-04-06,5554000.0,5679400,9927300.0,6070500,4593000,1170800,1823400.0,13406100,19748100,4021800.0,11655100,191400.0,4242400,6411000,640800,35893400.0,1938300.0,17570600,4204600,12541800,1399800.0,4303300,3208900,3636500.0,2024600,1008000,2587400,11093100,840100.0,3943800
2026-04-07,10472700.0,4798100,10889200.0,4955000,4713000,1236400,1758900.0,14276900,13164600,3622800.0,15315200,172400.0,3191700,3806200,408500,51817400.0,1853300.0,18136200,2931800,15385300,2889800.0,3889100,3160700,2726400.0,3077600,992900,1825200,11428900,887200.0,2820600
2026-04-08,19727300.0,15053900,14571200.0,13337900,14610000,1438600,3915600.0,23664600,67646600,1739200.0,33405300,200700.0,10008300,10192500,901300,80529600.0,1785200.0,65778300,9822700,18128900,3278000.0,13743100,5534000,11248400.0,4034100,1266500,5568500,24909900,612900.0,7005000
2026-04-09,5141500.0,8138800,8885200.0,6309300,6272100,1051600,2438700.0,9923000,51607600,1644100.0,14977100,376500.0,6333100,3649300,510700,85696800.0,1709800.0,28819900,11522600,20809500,2597600.0,6217700,5205200,4937800.0,2623100,1032800,2921000,11852400,683800.0,5733600
2026-04-10,8136300.0,8968200,20100100.0,8029500,6099800,2856700,4553100.0,10812000,35473400,2186400.0,30327300,257900.0,3896000,4667000,627600,105591400.0,2369900.0,23553100,10148800,30690500,2010200.0,7655400,2500900,10411800.0,2195500,1039700,6158400,14448500,375100.0,4603300
2026-04-13,8083900.0,5770800,13428700.0,4304400,9559100,948300,3696900.0,9426200,23005200,1836000.0,15029500,312000.0,5031600,4806700,427500,115190896.0,2041600.0,21821900,5230900,10921700,918400.0,5088700,3679400,17728900.0,4051300,1053300,3418300,13557000,319900.0,3915100
2026-04-14,15449600.0,5565300,16976800.0,5465100,7092500,1205900,2532000.0,11232700,61934200,1889000.0,16255100,301900.0,4522400,4600700,554900,98761800.0,2184000.0,19862500,4179900,9838400,1189500.0,5548100,5575500,6829000.0,3658000,1099200,4247700,14453500,326400.0,3851100
2026-04-15,7254600.0,6296700,11319000.0,5586500,10047800,1038400,3427600.0,11295700,29753200,985700.0,11553900,319800.0,4323100,3798700,805700,71780704.0,1931900.0,24445200,6883400,12297700,848900.0,8919600,6586300,7675300.0,6640600,2641000,4403200,12229700,1322800.0,14406500
2026-04-16,8623100.0,4295800,9596200.0,5773800,11316400,1169300,2608700.0,7878000,27972100,814900.0,12841800,301100.0,7346700,5775900,349400,137811200.0,1956100.0,26290000,4595200,8572900,780100.0,4174500,8240500,6846200.0,7573800,1542600,2272100,15412800,1959800.0,16443400
2026-04-17,6073500.0,5789600,10425100.0,3775800,12349600,1249000,7670800.0,12053200,21399500,1228900.0,8604100,303600.0,13601600,15089000,676000,65583800.0,2120100.0,18591300,3714500,12197000,610500.0,4257800,9354800,5665400.0,6747900,1633500,3115500,25668400,1035800.0,7239000
2026-04-20,8670200.0,5993200,7862400.0,6020100,6876800,1205300,2060200.0,19167600,26441700,1073800.0,13276300,311400.0,5211800,10168300,249100,47390400.0,2195800.0,23633700,2566400,12615300,1036300.0,6442900,6841800,4624000.0,5425000,920700,3251900,14857100,1344300.0,6682700
2026-04-21,6823700.0,7980700,9310600.0,5807100,7119000,1356000,2498000.0,9480200,99647296,1904500.0,13041700,337100.0,7452100,7226400,486700,48986600.0,1838800.0,21645600,14144000,10355500,1803700.0,6379000,5254300,5919100.0,3340700,1478300,5306600,12776900,885700.0,10605500
2026-04-22,8805900.0,3619600,5460700.0,3997500,8145000,760600,1974400.0,11107400,27745600,1627100.0,8424700,331100.0,4824100,9172200,621600,47506900.0,2355800.0,14751100,8519100,15089100,866200.0,3011000,8653100,4426300.0,4713700,1254700,3939900,13650100,855700.0,9081900
2026-04-23,14035700.0,23927000,16826400.0,22296200,7968500,1488800,2807500.0,10532500,41133900,1123000.0,15289400,330100.0,6071800,5417100,3372800,97117400.0,2016900.0,22078700,7987700,12864900,1218000.0,35200000,5700100,10932100.0,4258100,1053200,4234100,12903100,812600.0,10079200
2026-04-24,17478700.0,4703800,7701000.0,4783100,10459800,1193000,3028100.0,14997400,23402000,586300.0,9074600,237000.0,7800700,4634400,825900,44854800.0,1888400.0,10867000,2756500,24933500,1537900.0,11882500,6047900,3303900.0,4235200,1581700,5855700,8708200,861400.0,4957500
2026-04-28,7240400.0,6600700,20263700.0,6945200,9503800,1966400,2409800.0,7827300,14071500,952100.0,12572800,82600.0,3730200,5380700,1524700,51564900.0,1415200.0,10748300,8214800,16775400,1333200.0,7596400,9348000,5270400.0,5194900,1353200,3220800,7722200,1227900.0,16458400
2026-04-29,8936800.0,6693000,9691400.0,6648700,9163000,1268600,4047300.0,10196800,17239200,1345800.0,13290000,218500.0,4028900,4897200,590700,41650500.0,1809600.0,12241100,4951500,16456400,787800.0,6431000,6990600,5111400.0,5786200,1495900,2407200,18791500,666000.0,16939100
2026-05-04,12018500.0,6495500,8112800.0,8318000,8285900,1660000,8648600.0,6985200,32374300,813100.0,10177100,192300.0,3381400,6372100,884900,62363300.0,1989700.0,12736100,4121200,11611400,1648100.0,7506200,5533800,4132700.0,3884000,1174600,1873800,6238600,580500.0,10352200
2026-05-05,28808700.0,3474000,24544300.0,5731700,6841400,1319800,3995600.0,10206900,30692800,1469600.0,12314500,42900.0,4691700,4720200,1090900,79172896.0,1924000.0,14283800,3623900,10590600,942600.0,6407700,6715300,5576500.0,2877500,1482700,2751900,22244500,2036700.0,15997900
2026-05-06,19398600.0,4399100,19346900.0,10173500,9455600,2983000,4387700.0,13555700,27672000,1457400.0,16164500,294300.0,5808400,6696800,654100,38754800.0,1900300.0,27728100,7606000,7863100,1133400.0,5807400,5595200,3382000.0,3130600,2074100,2590900,18609200,1322600.0,10445000
2026-05-07,20236200.0,7167000,15910000.0,10661200,10186100,2302900,5267800.0,29836500,20348100,2480800.0,16786200,427100.0,15769900,6344700,1146500,40214900.0,1894600.0,19095400,18877100,9746800,1415000.0,6055700,8652100,4510300.0,4299400,1264500,4751300,18127700,1519200.0,12839000
2026-05-08,15734200.0,23775900,10019900.0,18248400,13444300,1415100,3718400.0,10899600,20678200,1675800.0,22204000,101100.0,8819100,4605300,886100,65804100.0,1841300.0,14968800,4750300,10525100,903200.0,9970000,7042400,3838800.0,3703600,1363900,2787000,15747600,995600.0,8119600
2026-05-11,12866600.0,6557100,27083100.0,7072000,16909100,1835100,4902100.0,11526600,23658100,1723700.0,16618800,489600.0,8192600,5716900,1480800,39403900.0,2099200.0,23117900,3266700,10445400,773900.0,5510000,8375800,6157000.0,4626200,1526200,3875800,14897400,1121800.0,11671900
2026-05-12,10943200.0,6207800,27100600.0,8809000,8533300,1557500,4448700.0,12280300,19170900,2493500.0,11264200,441900.0,6062900,4934800,656300,45001700.0,1957200.0,12398600,6934600,9674900,412000.0,6549200,6467100,2263500.0,4023400,1271400,4102800,14565400,718900.0,12470600
2026-05-13,21238100.0,15229800,31372300.0,9697200,11517600,6350300,6025700.0,16286000,21544700,2136300.0,12652300,434100.0,6479900,3536900,586800,39752300.0,1918100.0,19129300,10029200,11500800,964500.0,8868000,11413400,2832800.0,6456000,1105600,8534300,13166100,1293700.0,14370000
2026-05-14,16144400.0,11071100,15952800.0,9116900,21565500,4068100,2812800.0,13977800,14047100,856800.0,13084300,450600.0,4324500,4001800,511700,38039000.0,1833000.0,11585200,4387600,10236700,1127700.0,5612100,5542500,3275200.0,3746700,1197100,3058300,25280800,806700.0,7067600
2026-05-15,21591900.0,10515600,19692700.0,10368400,6386100,4986200,6754600.0,13065500,75838200,996300.0,22577500,102000.0,4808600,6691900,1646900,39435600.0,2008400.0,13001900,3743400,22577300,1536300.0,8271800,4836400,5130600.0,3910800,1138200,2010300,12744400,604600.0,5675800
2026-05-18,11124600.0,17432500,20890200.0,18917500,18323700,4078700,5789400.0,10510600,27485500,962300.0,18793500,429200.0,5621700,11953700,570000,44049800.0,1941700.0,14829800,5605300,12191600,1755200.0,18877600,5253200,3575300.0,2674600,1391200,4850600,15227700,881600.0,8326000
2026-05-19,15520700.0,19441800,31727500.0,15681600,11279900,5410100,8321000.0,14045500,25111900,903000.0,30322900,450500.0,5113200,7953500,972600,46256500.0,1988600.0,38484800,4823500,15755800,1077600.0,24224800,4738200,6617100.0,3376900,1175600,2739700,19221900,859800.0,8829500
2026-05-20,22390400.0,10319200,27302800.0,12361700,25976600,4912400,8781200.0,19024500,40983800,1000700.0,38940600,109800.0,7861100,8786000,716000,105588896.0,1877500.0,24522900,5903700,19950800,1435800.0,14381600,6820100,9168400.0,3788300,1335700,5727600,24208300,835200.0,7397400
2026-05-21,13391700.0,7402400,8311400.0,9575600,11809100,1357100,2582700.0,10622300,30562500,2992700.0,18632200,432600.0,3550000,6597700,665600,37560900.0,2093700.0,16608400,5478500,9017000,1150600.0,20114300,4504400,5016000.0,5372600,1520400,3271300,10367000,997800.0,4956200
2026-05-22,10675400.0,6357600,12254000.0,8751400,11668800,1642900,2908400.0,7651700,25794000,565600.0,14993300,433100.0,2603200,6083900,917600,41369900.0,1845200.0,23547100,4564100,7157000,2739500.0,8118400,6965000,2513700.0,4167600,1084400,6005000,7815500,686700.0,7363200
2026-05-25,30477300.0,5080600,15121000.0,4091100,10441000,2341800,2522300.0,12112000,26989100,1171200.0,10183000,115400.0,4612600,2510300,439000,47404600.0,1897500.0,8008600,4541800,6800800,1621900.0,5410300,3693400,2308800.0,2333800,1116300,1587500,8099400,900200.0,4609600
2026-05-26,58824300.0,4349700,7751100.0,6372000,5104800,976400,1557200.0,8573600,20723700,478200.0,18673500,438900.0,2637100,2518800,880400,47154600.0,2117900.0,19099000,5384000,5439700,1218600.0,5623900,3224000,12747000.0,2400500,996200,1880800,15075400,776200.0,2920100
2026-05-27,40506300.0,3843400,7027500.0,7372900,9176300,902800,2334400.0,10431600,23114500,1250500.0,12599300,449600.0,3270300,4631100,437900,65737500.0,3935300.0,10100600,5709900,16305800,806500.0,4185600,7371600,27846100.0,4515900,1047500,2976500,21261000,746200.0,6536400
2026-05-28,21718800.0,4024000,14151400.0,6013300,10646900,2476900,2688300.0,15591700,15668300,1104900.0,9614600,63300.0,3042800,4026400,345600,50474100.0,1855600.0,15081800,7107900,8065900,1543700.0,4972400,8918500,16751900.0,3051200,999300,3798600,12835600,615400.0,6400700
2026-05-29,16936300.0,5960400,14394100.0,8348100,5446700,3155800,3248500.0,14130900,16365900,923600.0,8171700,142400.0,3638900,7834500,520300,47509600.0,2358100.0,11716200,2629200,6878700,703900.0,5820000,5608600,8214700.0,2017000,998700,1960700,12537100,733000.0,3625300
2026-06-01,15967100.0,4502300,9001700.0,5790000,5972700,1357900,2044700.0,6492100,9668300,620700.0,5172200,467500.0,2089100,3799400,416200,43742100.0,2871800.0,11686600,5044700,5957400,1066600.0,2924300,4638800,5955400.0,2098200,881400,2259500,7009500,536800.0,3426500
2026-06-02,33097100.0,4522400,10549500.0,16869000,17368000,1514300,1757800.0,14726000,25529600,1465100.0,12839400,490600.0,3422300,2969500,596100,70057296.0,2898500.0,16935800,6788500,8472100,2151400.0,5063900,4005700,7945800.0,1679300,901200,2961900,16345300,994700.0,4196500
2026-06-03,60761100.0,2717200,4898600.0,6502700,25278600,1015900,1330200.0,10671100,20573500,1573000.0,14476800,99500.0,3872000,4801100,625500,52279700.0,3461200.0,14765000,5310300,11052800,1007600.0,4431300,6310300,7197400.0,5110300,1089800,3814300,12339400,721900.0,6191400
2026-06-04,46895000.0,3897900,7152700.0,4285800,11304700,1871600,2947200.0,6622800,10065300,1626700.0,8558000,463700.0,1879100,4308300,285400,42763300.0,2966100.0,10177200,10815200,6761500,637700.0,3910600,3277300,15461200.0,2507200,1034100,2126500,7702400,627900.0,3978600
2026-06-05,27586000.0,2265100,6092200.0,4082400,11218100,1317900,2075500.0,6811600,13891200,1405300.0,8343500,104800.0,2864100,3241800,589100,55973700.0,2984000.0,9213800,3820900,5839000,681500.0,4011200,3712700,6669700.0,3581100,1789100,1866100,6898800,735000.0,4324400
2026-06-08,27681100.0,5125200,7422600.0,10716000,10914200,1058600,4176100.0,6508900,22769900,900400.0,12089800,482500.0,5812600,4633800,771900,45816900.0,2637200.0,19026300,4880800,9610500,1283800.0,7352300,4226300,12791600.0,3271900,846900,3179800,14124400,654100.0,4741600
2026-06-09,48784500.0,2030800,5079800.0,3609500,7772300,906800,2036300.0,6205100,12441700,616800.0,9759500,461300.0,3417100,1770800,316800,42321800.0,2410200.0,11329000,8269000,9572400,873300.0,2564800,2221500,4660700.0,1810400,898900,1228000,9222900,707700.0,3303700
2026-06-10,38019700.0,3656500,4454200.0,3636500,4736000,509100,1361500.0,7331700,7505500,555200.0,9375900,93200.0,1527900,2866200,284900,42373200.0,2271300.0,9106800,3159300,4691800,633700.0,2309200,1569400,3935600.0,1395000,1008400,2353200,10242500,684100.0,2052800
2026-06-11,23602400.0,1568100,4474400.0,3911700,3507300,530400,5014200.0,4989700,10177700,306900.0,4549700,463100.0,1778000,3302700,1436400,37995600.0,2110400.0,7448000,4074600,6590700,357300.0,2588500,1708400,6151000.0,1716200,817800,1804500,8711700,742300.0,1916700
2026-06-12,61171200.0,3430300,6629500.0,4908900,5688200,1976800,1481200.0,8151600,13271400,736700.0,20423200,473100.0,2524400,4139700,850800,58486500.0,2178700.0,14197600,5420000,10931200,851900.0,3152300,4342000,11899900.0,3276100,907600,3489300,12467100,684600.0,4237800
2026-06-15,15977500.0,2874100,14670800.0,7018000,6422700,1531900,1964200.0,8187000,30695200,443600.0,15663000,106100.0,2829700,7871700,567600,48683600.0,2322100.0,24099500,4486600,10553500,1980200.0,5222300,8140900,7054700.0,4609900,1074500,2021700,19473200,813200.0,5074300
2026-06-16,13315500.0,3050500,6795300.0,4929500,5819800,1617400,1740800.0,9770800,14145800,443800.0,11650300,472400.0,1998300,3183300,1268100,47856000.0,2116200.0,23188300,2756600,7120000,4410600.0,3110000,2728600,8329400.0,2893300,969400,2029500,13094700,959500.0,3292100
2026-06-17,20836600.0,8595300,8234600.0,11477900,10652200,1031800,1940400.0,9778100,19039000,604500.0,11616400,477200.0,2463600,4068800,423500,55469700.0,1903900.0,15137200,6158700,16629400,2059900.0,6825500,7336800,15864700.0,3936100,959700,2838900,15641900,422700.0,9495300
2026-06-18,12557300.0,4128800,7942500.0,4520800,13665800,949100,2554000.0,6607400,18040500,1301700.0,6966700,105900.0,2955300,3234500,563100,46859900.0,2491200.0,12751400,3321200,8917000,1576700.0,4650700,2390500,8557800.0,6434200,1144100,2482800,10095500,718200.0,8609200
2026-06-19,7430200.0,4372000,7749900.0,3725600,14295100,478800,2075600.0,8990000,20055700,1555700.0,7101000,466100.0,2203100,2425600,318800,40246300.0,2337600.0,13627200,7599400,10874100,2356200.0,4869000,10117600,5775200.0,4093100,1166800,3349900,14326900,3101600.0,6306500
2026-06-22,9935100.0,4870900,6723800.0,3163900,9260100,702900,2204200.0,6448700,10684400,4247700.0,7728200,463400.0,1679500,2992900,310900,43863500.0,2656300.0,9667000,1971200,5678600,981300.0,2686300,5473400,5763400.0,3513400,1005000,2997800,6206700,992700.0,11475200
2026-06-23,22597900.0,8373100,15250800.0,9422800,5737500,2252100,3035700.0,18110700,29071800,7347600.0,18566900,240200.0,3924900,6295100,602600,63395600.0,2080900.0,16483200,8901600,28233400,4932000.0,5176000,6542100,13121600.0,5016500,938200,2295600,23143600,722900.0,6066900
2026-06-24,10833000.0,2965500,13355000.0,7488700,5968500,2046800,2912800.0,8182000,12927300,11865500.0,12609600,472400.0,2086700,4218000,266600,38938800.0,2432500.0,10242700,3739700,17964000,2293300.0,2542500,5424600,5675600.0,3746800,967200,1532100,12665100,950600.0,6045300
2026-06-25,10304900.0,2667100,8790200.0,8587100,6592100,868700,1238200.0,9201800,7659100,3744100.0,7581600,289900.0,1092900,3553800,642500,36595800.0,2238400.0,10261700,6085200,20973800,2800800.0,3093500,4579200,5190400.0,3049700,965800,1803300,5889800,605100.0,4978900
2026-06-26,10774200.0,3299800,5812700.0,4005400,4333200,618600,2752100.0,7697500,15468600,5428200.0,6906000,282700.0,1949700,4859300,485600,39538000.0,3324700.0,9388400,6865100,10271000,2100500.0,3344300,10448300,5703200.0,2571200,982800,3173400,7818600,686000.0,4951800
2026-06-29,13106300.0,2854400,9405400.0,9088800,4618200,606800,1216700.0,8446300,14158200,2194700.0,15811500,216400.0,2189400,4268900,753400,32752100.0,2060100.0,7299300,8809100,14115800,1673300.0,5481600,6007200,21050000.0,3602500,1234200,1470900,12693500,675900.0,5288500
2026-06-30,6785500.0,2936900,6224100.0,6865000,6075800,510400,1406600.0,9491800,30593200,2026200.0,13531800,286600.0,2684100,4008800,653200,57826800.0,2970600.0,14723800,2833300,9363600,1556900.0,4622500,3112700,6740000.0,3900200,744200,9320000,6681700,757500.0,2981600
2026-07-01,10671800.0,5674800,11720300.0,7093300,11630500,741600,1373400.0,20462000,14937400,1406000.0,21333400,884300.0,2278500,6029400,372900,46147200.0,3212600.0,11575600,3050100,14899400,1322200.0,4232900,2994000,12956800.0,1760600,888300,2357300,25427300,672500.0,2657500
2026-07-02,10197900.0,2980300,5272300.0,5071200,5690500,453500,1562700.0,7855100,13367500,1704500.0,9990900,312700.0,3050700,4640200,650500,61258300.0,2233800.0,13087400,2656100,12377100,2698000.0,2744500,2224600,7979300.0,2543800,761000,3669400,12453200,577200.0,4005800
2026-07-03,10682700.0,3902300,4937400.0,7209500,7490500,1649400,1487500.0,16241300,15935100,2053500.0,13552000,627500.0,2721300,3276600,800100,26499500.0,2092000.0,20102700,2644200,15380400,1783100.0,2601900,4051400,14213400.0,2086300,1006400,4133600,11584000,609700.0,3082100
2026-07-06,12785000.0,5593100,10575100.0,10591800,11200200,1615900,2561300.0,17386600,21299300,1773300.0,12882800,333700.0,4680200,4935700,863000,68677296.0,2425200.0,18215100,3503000,10686300,2991500.0,4173100,7156200,13853700.0,3093000,965100,3211000,14582500,671900.0,5346600
2026-07-07,11125100.0,2163600,6980100.0,4770700,4557200,648400,1970000.0,18795400,13839600,1716400.0,12368800,140300.0,9695900,2154600,398900,47938800.0,2168400.0,15256800,2796900,7544400,2161900.0,2547200,3878500,5997000.0,2948800,818200,1611400,8051500,553400.0,2878800
2026-07-08,9270600.0,2763300,12717700.0,8712700,6741600,648000,1083200.0,7623800,12499500,1679600.0,20204000,188100.0,10943100,3145900,485900,40178400.0,2275500.0,21899300,2344200,12585200,1690800.0,2051000,2798300,10532600.0,1934000,861400,3705000,18004600,751500.0,4906400
2026-07-09,18929000.0,2899000,21213500.0,5374200,4441900,1998200,1088100.0,7072900,11643400,940400.0,11216900,174600.0,2298700,1582900,302100,34925900.0,2241900.0,10590400,1550100,11473700,1587900.0,2209800,1904300,4104700.0,2366400,884700,2469400,9817200,820500.0,2651800
2026-07-10,7372900.0,2282200,7831100.0,5505900,7937300,512700,1002000.0,11150500,11906800,2495600.0,10507600,113700.0,2701100,3169000,377800,36761600.0,2245900.0,15212300,2145300,16294000,2113600.0,3016400,3156900,6370600.0,3999100,750900,5573700,14081800,812500.0,4811300
2026-07-13,15406600.0,6051000,8511100.0,17292700,7738400,909400,1978500.0,15616400,32309000,2166000.0,16165400,95300.0,5488400,3721700,900100,75701800.0,2493500.0,35125700,4346600,19906700,3073400.0,6789000,6075800,12072100.0,3795000,967500,1951400,21924200,852500.0,5706000
2026-07-14,18290500.0,2737300,18606700.0,11189700,6626800,2251800,1379100.0,9627000,22481900,2294600.0,12268700,369600.0,2364800,2788000,400600,43115600.0,2117100.0,17962100,4375100,11243700,1100600.0,2829200,4386200,6137200.0,3450700,925900,1755100,14462900,745100.0,3288600
2026-07-15,23294700.0,2688800,9268800.0,6516900,21271900,946200,1005100.0,8384000,21464500,2313000.0,12725100,166400.0,2633500,1802400,311700,29951400.0,2091700.0,19919600,3008400,8134600,2221400.0,2633300,4540200,5628500.0,3687900,920100,2491200,12957400,865600.0,4077000
2026-07-16,45574000.0,4480000,9466800.0,10470800,13030600,988000,1225400.0,13607200,22880600,1650400.0,14637000,111800.0,3440100,4353900,515200,44944200.0,2057800.0,34764700,7250100,14633400,2859000.0,3349700,4671100,7446700.0,4074700,932800,1991100,22414600,806100.0,6194700
2026-07-17,10238300.0,1911700,7346100.0,3654100,3987800,569800,805000.0,9883200,17006300,7957300.0,10399600,309000.0,2752400,1827000,341400,26369700.0,2330900.0,11592700,7097200,7054000,958800.0,1990100,2146600,3222900.0,2845200,980200,12982500,11440800,789600.0,3912600
2026-07-20,22380200.0,5507500,8075400.0,11369200,7346800,870100,1635100.0,15270800,53245200,2439700.0,20670900,157300.0,6394700,7676900,609300,73724496.0,2322000.0,36253800,5188900,14287800,1806300.0,8536800,2992800,13146400.0,2732800,1110400,4583900,22577700,804400.0,5306900
2026-07-21,16446800.0,3459200,14600800.0,5591400,7540400,4293300,993500.0,11346700,27198700,6305000.0,11291200,376800.0,4693800,2872900,492300,66753500.0,2199400.0,22996700,4771800,10138100,1343400.0,3413200,2669700,6390800.0,2839700,847200,3543700,13683400,895600.0,6002700
2026-07-22,30708700.0,6012800,7633900.0,15790100,10060700,2734100,1768300.0,20862800,43471900,4198900.0,21154000,269700.0,9078900,13474000,518500,58752400.0,2774200.0,34754400,8575100,19146900,1496400.0,9173400,8235300,15407300.0,5736200,1263300,10506300,26398100,708200.0,8710000
2026-07-23,27165000.0,5714100,5798100.0,11433200,6287300,1510800,2528200.0,11625200,36967600,2895000.0,20982400,106600.0,5065800,9066200,875600,92228496.0,2316600.0,29879100,6397700,16985100,1753300.0,7435600,4573000,7522200.0,4235400,1204100,4827500,19164900,711900.0,7078200
2026-07-24,13447000.0,2968900,10125300.0,7636700,5804800,1050700,1312600.0,7790800,17632000,2238700.0,10335400,90200.0,3341400,3613700,618600,45368400.0,1961400.0,17654300,6106500,10695100,1008500.0,2503700,2883200,4944800.0,2599400,828800,4176800,12405700,755300.0,3204500
2026-07-27,18914800.0,3561000,8546000.0,6451500,4449500,850800,1547600.0,8996000,18166800,5562100.0,13775200,553100.0,4605200,7694800,892500,45029000.0,1844400.0,16500400,2395500,10295400,1027400.0,2581300,3707500,4189600.0,2911700,1058500,3671400,12699000,386400.0,3044300
2026-07-28,15653800.0,2774700,7215200.0,4953400,5399400,619600,1180100.0,11492300,29151700,2567200.0,17345000,805000.0,5574000,6958300,567000,79774400.0,2080100.0,30411300,1780100,10441600,1899900.0,2607000,2674400,4913400.0,2751800,969700,5256600,12046500,507400.0,3761100
2026-07-29,11700900.0,2228900,7133400.0,9178500,6114000,993000,1239700.0,12884000,36250000,3255600.0,8827700,712100.0,3692600,4613000,547800,46995100.0,2057100.0,18807400,2832200,8541800,693000.0,2072300,6570600,5469600.0,4951600,1334100,6199800,10055400,414200.0,8314800
2026-07-30,12071600.0,6603800,7278800.0,11105400,7571500,945900,1627200.0,8988900,29968000,3833400.0,11202100,995500.0,4858200,8424500,677700,73125800.0,2195400.0,29015800,2420000,19699200,1922700.0,5427800,5883600,6386300.0,4809100,1067400,6944300,13162500,646400.0,8461500
2026-07-31,15165000.0,9566200,11087800.0,15291900,6253600,968600,2216700.0,8862700,24111500,3615100.0,12050200,1491200.0,3736800,4562900,518400,36640700.0,2149600.0,17843900,2789200,11594700,2276700.0,18314600,5810400,8266600.0,4372800,1446000,4479800,12104700,480900.0,11683500
2026-08-03,9511900.0,4506700,5597800.0,11302600,16279100,1150500,1804000.0,7651800,44448000,2566500.0,22735100,443000.0,4348300,5091200,1227400,58669800.0,2217000.0,24344900,3070900,13434400,2212100.0,7642500,5312800,8086300.0,4179900,1080700,6377600,13595900,608000.0,5323900
2026-08-04,10497900.0,3977900,5822800.0,7570100,6584300,852900,1402200.0,11276100,22694000,2652500.0,16987000,248000.0,3115600,3706800,643600,53016500.0,2213000.0,14130200,4940100,9310400,1252900.0,5093100,6338600,3425700.0,5187600,1546500,5531900,11402500,670100.0,10105100
2026-08-05,11224100.0,3378700,10599600.0,9430500,6877600,1138300,1300700.0,9378200,27963700,2718100.0,14039700,226700.0,4183900,3955700,488100,50594900.0,2157500.0,16489600,2746300,12029900,2462600.0,3663100,10681100,13606400.0,6228400,1604300,5288700,13987100,502600.0,7224000
2026-08-06,8170300.0,2715100,4798200.0,5720900,4629700,674200,1138800.0,7703200,14369400,3547400.0,9531400,78400.0,2286900,5330100,580800,36443100.0,2108400.0,14732800,1486200,11006100,1090000.0,2962800,16808100,3997200.0,4794300,1466900,3231300,14053700,806900.0,8354100
2026-08-07,9526200.0,8649000,19092500.0,14932900,4301800,2114300,2129200.0,9863000,13018100,1652400.0,9472600,279200.0,3169000,3084600,782500,51362900.0,2027800.0,13285400,6083800,22690400,1346900.0,6522200,9117200,2940000.0,5350500,1356700,13239500,24187100,433400.0,6142900
2026-08-10,12233400.0,3020100,13079300.0,7077200,5252100,2997200,6118100.0,10622700,16732700,1775300.0,28450200,216700.0,3056100,4628400,2429700,78433800.0,2228300.0,20351300,2084300,34812900,1756400.0,2714200,8267400,4419000.0,4429400,1513100,3480200,17881200,370200.0,4835600
2026-08-11,9756800.0,4831900,8476500.0,7727200,6936800,1554300,2514400.0,8298300,13694600,2583500.0,18715600,185600.0,2876400,3120600,549400,34503300.0,1901900.0,22669000,1542200,18021000,2638200.0,4065600,8286300,4511500.0,4985100,1390800,4475100,9988200,667400.0,5175300
2026-08-12,10994300.0,2699800,7412500.0,5077700,3685600,1433600,3730100.0,12857900,15925100,2826100.0,8937200,262100.0,2039300,3065700,965700,40962600.0,1947100.0,15728900,1566500,15306400,1382800.0,2384500,6525700,2939200.0,5299800,1512600,2755600,7494700,563600.0,4138600
2026-08-13,11815100.0,5660200,9703200.0,8770500,7458000,1360200,4974900.0,10389500,25702700,4127800.0,11662400,292000.0,5681100,2669200,687300,60136300.0,1888500.0,28037400,2354000,33919400,1888200.0,4579700,7785200,5415000.0,5537700,1564200,4257000,13839600,520500.0,6789200
2026-08-14,7123300.0,4735300,9790200.0,7919900,7123800,1668000,3662700.0,8262000,27443600,4371400.0,11904400,320800.0,6325400,3164500,812400,47476900.0,2407500.0,34016200,2386900,15485400,1584200.0,4805500,12131200,4421500.0,7976400,1315200,3663300,13926300,634100.0,8624500
2026-08-17,8429500.0,2586600,7170500.0,4270400,4104500,1109600,1799100.0,7343800,18455500,4559600.0,7655700,245400.0,3306800,2140400,644800,40078500.0,2066300.0,18212900,3942200,10961200,950100.0,2745300,4964300,2877600.0,6484400,1264300,2965800,12064300,515500.0,2862500
2026-08-18,7316500.0,2494000,20592500.0,4286400,3383800,3635900,3420700.0,8433500,16367500,3176200.0,7081200,331900.0,2283000,1649500,907600,51274900.0,1914300.0,15279600,4725400,14744200,1351400.0,2888000,4816300,2806500.0,4301900,1304900,1844100,18835800,541600.0,2964400
2026-08-19,6245800.0,2167600,7311800.0,5840700,1821000,1942100,1513300.0,7068400,15312500,1255600.0,5046400,199000.0,3507000,1995300,445500,49190900.0,2401800.0,11085700,4934700,8372700,704000.0,3770600,2613600,2414700.0,5248400,1148400,4664900,9828400,549900.0,1888000
2026-08-20,7594400.0,2149900,8275400.0,2809300,4468100,1112700,1405800.0,8925400,15156400,2725200.0,10904100,553700.0,7132100,2493500,1646400,23431500.0,2557000.0,11042500,2238300,6415500,644800.0,3006600,4626100,3280800.0,5246400,1437200,6309900,10121700,483800.0,3191100
2026-08-21,12170700.0,4542300,8854800.0,6428200,7035800,1360800,2200000.0,13429400,25138400,3868700.0,15698000,463900.0,7435200,4995900,646200,69615504.0,2242100.0,38706800,1953800,9772000,3648900.0,4695200,5100800,4765300.0,3196900,1367400,3581800,13914800,563900.0,6035600
2026-08-24,6381200.0,3922800,14135900.0,7217900,4611900,2691300,3394700.0,14298600,28790200,3938800.0,11070400,278700.0,4715100,2470100,1184800,50586300.0,2272800.0,32450300,1338500,10086100,1804000.0,4773600,6124500,4621100.0,3586200,1395500,3332500,19279300,605500.0,4639000
2026-08-25,7780000.0,4031600,10594600.0,7928400,4690000,2125200,2610200.0,11433300,25844100,3212500.0,10212100,799800.0,4643500,2556400,630400,50895000.0,2261600.0,30658300,3352700,14732000,2028800.0,5577200,9252600,3095300.0,10310200,1511700,3343900,16309200,751800.0,6940900
2026-08-26,7440600.0,3772300,7544200.0,12131300,10161300,1587700,4781400.0,13487600,19394800,4104500.0,18747100,391300.0,3819500,2162400,490300,50182500.0,2047000.0,27952800,3360400,39167000,3629400.0,7177300,5343200,7821100.0,9982600,1510000,2402700,16398100,735600.0,4294500
2026-08-27,7430300.0,3096800,6282300.0,6367000,3542900,1563900,2056100.0,11713600,19201900,1845400.0,7612900,247000.0,4810800,2305700,382500,28163100.0,2158700.0,15960200,2707500,32608700,2052400.0,4904300,4595500,7998500.0,8567700,1442000,2651300,29962700,619500.0,8205600
2026-08-28,5560400.0,3116700,5985400.0,7718600,10196800,1561400,2210200.0,8500100,17126700,3031000.0,8679400,443900.0,3335400,2717400,564100,77694304.0,4905600.0,20299000,9129600,27675200,1648200.0,3386900,4565600,5407700.0,8553100,1161100,2385900,28676500,341300.0,8347500
2026-09-03,10284000.0,3257400,11633400.0,5223000,4098200,1869200,1935400.0,9829900,26985600,3233600.0,11654500,451000.0,5466400,2383900,761300,29902700.0,3303000.0,21947100,2405800,25003600,3719800.0,8465900,5307700,5518600.0,7676800,1230000,3947400,21793800,569700.0,5017700
2026-09-04,7950500.0,2364100,4903700.0,5289600,3549500,1169700,1809200.0,8992100,13920900,1968700.0,8857700,918100.0,2788500,2437300,352900,61718100.0,1967500.0,11573200,5480800,12024400,1923400.0,4309500,14079600,7128000.0,7518600,1000100,1906600,21390000,794800.0,7399400
2026-09-07,3963500.0,2686000,8368600.0,7153800,7020200,1227800,1164900.0,7974600,19957800,1913700.0,14138400,523100.0,3682300,3872100,378700,32308100.0,1833700.0,15026800,2140500,11450100,1431600.0,4761600,11741100,6201900.0,6063900,1286900,3004700,14906800,1763700.0,11633600
2026-09-08,2754600.0,1676800,7274900.0,4343500,4273000,1047600,1414300.0,6472400,13387600,2628400.0,7453700,255300.0,3124600,1707500,316200,26743200.0,2110600.0,13825100,1868400,7754000,1538300.0,2867600,6827700,4818400.0,6268500,1078900,1874400,13899400,787800.0,5616000
2026-09-09,7439600.0,2459100,15693100.0,8789800,3680300,2290400,1427500.0,11462000,22432800,2145700.0,12163000,245300.0,2252400,1420300,443900,52583100.0,1666600.0,9488000,4406100,10974600,1587400.0,5324200,13952300,5214400.0,4857800,892800,1620000,11247800,2456000.0,4030100
2026-09-10,3925600.0,2388800,8543000.0,6515200,11936600,1143100,969100.0,8914400,13391400,2421000.0,6900700,205000.0,3106400,2496200,306400,35366100.0,2647800.0,12807500,3168900,5852200,1968000.0,3066000,16074200,2869000.0,4481800,774000,1890400,13222300,583700.0,3903200
2026-09-11,8653100.0,4969500,17225900.0,11049200,5655200,1451400,3827500.0,9354300,22031700,2241800.0,18351700,237400.0,4606000,2587600,767900,53980000.0,2470500.0,24010700,8252800,15192300,3742200.0,4365200,6700800,5463300.0,4264000,1073500,4047300,21893700,662900.0,3766700
